0.000000, -0.000950
0.000100, -0.000868
0.000200, -0.000816
0.000300, -0.000729
0.000400, -0.000671
0.000500, -0.000584
0.000600, -0.000523
0.000700, -0.000446
0.000800, -0.000370
0.000900, -0.000290
0.001000, -0.000202
0.001100, -0.000151
0.001200, -0.000067
0.001300, 0.000019
0.001400, 0.000114
0.001500, 0.000187
0.001600, 0.000286
0.001700, 0.000351
0.001800, 0.000458
0.001900, 0.000538
0.002000, 0.000614
0.002100, 0.000708
0.002200, 0.000793
0.002300, 0.000893
0.002400, 0.000965
0.002500, 0.001053
0.002600, 0.001163
0.002700, 0.001244
0.002800, 0.001358
0.002900, 0.001440
0.003000, 0.001551
0.003100, 0.001654
0.003200, 0.001759
0.003300, 0.001846
0.003400, 0.001949
0.003500, 0.002050
0.003600, 0.002167
0.003700, 0.002254
0.003800, 0.002369
0.003900, 0.002468
0.004000, 0.002579
0.004100, 0.002693
0.004200, 0.002815
0.004300, 0.002926
0.004400, 0.003025
0.004500, 0.003153
0.004600, 0.003262
0.004700, 0.003370
0.004800, 0.003502
0.004900, 0.003597
0.005000, 0.003716
0.005100, 0.003845
0.005200, 0.003948
0.005300, 0.004086
0.005400, 0.004210
0.005500, 0.004324
0.005600, 0.004452
0.005700, 0.004559
0.005800, 0.004696
0.005900, 0.004826
0.006000, 0.004963
0.006100, 0.005085
0.006200, 0.005209
0.006300, 0.005337
0.006400, 0.005463
0.006500, 0.005610
0.006600, 0.005741
0.006700, 0.005873
0.006800, 0.006008
0.006900, 0.006147
0.007000, 0.006266
0.007100, 0.006428
0.007200, 0.006557
0.007300, 0.006697
0.007400, 0.006838
0.007500, 0.006985
0.007600, 0.007111
0.007700, 0.007263
0.007800, 0.007414
0.007900, 0.007561
0.008000, 0.007713
0.008100, 0.007854
0.008200, 0.007992
0.008300, 0.008141
0.008400, 0.008287
0.008500, 0.008438
0.008600, 0.008591
0.008700, 0.008755
0.008800, 0.008900
0.008900, 0.009047
0.009000, 0.009214
0.009100, 0.009359
0.009200, 0.009518
0.009300, 0.009689
0.009400, 0.009838
0.009500, 0.010002
0.009600, 0.010159
0.009700, 0.010323
0.009800, 0.010494
0.009900, 0.010658
0.010000, 0.010803
0.010100, 0.010983
0.010200, 0.011160
0.010300, 0.011311
0.010400, 0.011475
0.010500, 0.011639
0.010600, 0.011826
0.010700, 0.011982
0.010800, 0.012159
0.010900, 0.012333
0.011000, 0.012497
0.011100, 0.012665
0.011200, 0.012844
0.011300, 0.013016
0.011400, 0.013180
0.011500, 0.013386
0.011600, 0.013563
0.011700, 0.013725
0.011800, 0.013935
0.011900, 0.014099
0.012000, 0.014273
0.012100, 0.014446
0.012200, 0.014650
0.012300, 0.014818
0.012400, 0.015015
0.012500, 0.015169
0.012600, 0.015385
0.012700, 0.015564
0.012800, 0.015762
0.012900, 0.015930
0.013000, 0.016142
0.013100, 0.016342
0.013200, 0.016527
0.013300, 0.016705
0.013400, 0.016914
0.013500, 0.017105
0.013600, 0.017292
0.013700, 0.017475
0.013800, 0.017693
0.013900, 0.017879
0.014000, 0.018078
0.014100, 0.018284
0.014200, 0.018482
0.014300, 0.018688
0.014400, 0.018892
0.014500, 0.019085
0.014600, 0.019291
0.014700, 0.019482
0.014800, 0.019690
0.014900, 0.019905
0.015000, 0.020102
0.015100, 0.020300
0.015200, 0.020519
0.015300, 0.020733
0.015400, 0.020935
0.015500, 0.021137
0.015600, 0.021368
0.015700, 0.021568
0.015800, 0.021795
0.015900, 0.021996
0.016000, 0.022209
0.016100, 0.022423
0.016200, 0.022640
0.016300, 0.022861
0.016400, 0.023094
0.016500, 0.023287
0.016600, 0.023506
0.016700, 0.023722
0.016800, 0.023949
0.016900, 0.024170
0.017000, 0.024406
0.017100, 0.024630
0.017200, 0.024824
0.017300, 0.025066
0.017400, 0.025299
0.017500, 0.025520
0.017600, 0.025742
0.017700, 0.025967
0.017800, 0.026190
0.017900, 0.026424
0.018000, 0.026659
0.018100, 0.026878
0.018200, 0.027111
0.018300, 0.027336
0.018400, 0.027582
0.018500, 0.027809
0.018600, 0.028027
0.018700, 0.028282
0.018800, 0.028513
0.018900, 0.028749
0.019000, 0.028978
0.019100, 0.029221
0.019200, 0.029465
0.019300, 0.029690
0.019400, 0.029949
0.019500, 0.030180
0.019600, 0.030416
0.019700, 0.030663
0.019800, 0.030912
0.019900, 0.031141
0.020000, 0.031403
0.020100, 0.031645
0.020200, 0.031883
0.020300, 0.032118
0.020400, 0.032375
0.020500, 0.032639
0.020600, 0.032873
0.020700, 0.033123
0.020800, 0.033367
0.020900, 0.033621
0.021000, 0.033878
0.021100, 0.034128
0.021200, 0.034369
0.021300, 0.034641
0.021400, 0.034882
0.021500, 0.035147
0.021600, 0.035389
0.021700, 0.035643
0.021800, 0.035904
0.021900, 0.036161
0.022000, 0.036421
0.022100, 0.036692
0.022200, 0.036945
0.022300, 0.037193
0.022400, 0.037458
0.022500, 0.037708
0.022600, 0.037983
0.022700, 0.038239
0.022800, 0.038509
0.022900, 0.038769
0.023000, 0.039045
0.023100, 0.039310
0.023200, 0.039589
0.023300, 0.039850
0.023400, 0.040104
0.023500, 0.040388
0.023600, 0.040640
0.023700, 0.040909
0.023800, 0.041180
0.023900, 0.041451
0.024000, 0.041721
0.024100, 0.041996
0.024200, 0.042267
0.024300, 0.042540
0.024400, 0.042816
0.024500, 0.043097
0.024600, 0.043362
0.024700, 0.043650
0.024800, 0.043930
0.024900, 0.044199
0.025000, 0.044474
0.025100, 0.044746
0.025200, 0.045025
0.025300, 0.045311
0.025400, 0.045584
0.025500, 0.045883
0.025600, 0.046162
0.025700, 0.046440
0.025800, 0.046724
0.025900, 0.047012
0.026000, 0.047283
0.026100, 0.047585
0.026200, 0.047863
0.026300, 0.048161
0.026400, 0.048450
0.026500, 0.048717
0.026600, 0.049019
0.026700, 0.049297
0.026800, 0.049585
0.026900, 0.049883
0.027000, 0.050186
0.027100, 0.050474
0.027200, 0.050758
0.027300, 0.051044
0.027400, 0.051342
0.027500, 0.051636
0.027600, 0.051929
0.027700, 0.052212
0.027800, 0.052523
0.027900, 0.052818
0.028000, 0.053099
0.028100, 0.053415
0.028200, 0.053703
0.028300, 0.054012
0.028400, 0.054298
0.028500, 0.054602
0.028600, 0.054911
0.028700, 0.055216
0.028800, 0.055504
0.028900, 0.055801
0.029000, 0.056110
0.029100, 0.056406
0.029200, 0.056709
0.029300, 0.057013
0.029400, 0.057327
0.029500, 0.057634
0.029600, 0.057947
0.029700, 0.058235
0.029800, 0.058552
0.029900, 0.058865
0.030000, 0.059170
0.030100, 0.059483
0.030200, 0.059784
0.030300, 0.060099
0.030400, 0.060413
0.030500, 0.060715
0.030600, 0.061043
0.030700, 0.061348
0.030800, 0.061653
0.030900, 0.061970
0.031000, 0.062279
0.031100, 0.062595
0.031200, 0.062908
0.031300, 0.063225
0.031400, 0.063545
0.031500, 0.063873
0.031600, 0.064180
0.031700, 0.064493
0.031800, 0.064821
0.031900, 0.065126
0.032000, 0.065460
0.032100, 0.065784
0.032200, 0.066101
0.032300, 0.066425
0.032400, 0.066742
0.032500, 0.067074
0.032600, 0.067379
0.032700, 0.067705
0.032800, 0.068050
0.032900, 0.068363
0.033000, 0.068695
0.033100, 0.069008
0.033200, 0.069330
0.033300, 0.069660
0.033400, 0.069992
0.033500, 0.070324
0.033600, 0.070646
0.033700, 0.070988
0.033800, 0.071301
0.033900, 0.071640
0.034000, 0.071966
0.034100, 0.072292
0.034200, 0.072628
0.034300, 0.072975
0.034400, 0.073299
0.034500, 0.073627
0.034600, 0.073956
0.034700, 0.074284
0.034800, 0.074623
0.034900, 0.074957
0.035000, 0.075306
0.035100, 0.075642
0.035200, 0.075968
0.035300, 0.076313
0.035400, 0.076639
0.035500, 0.076982
0.035600, 0.077326
0.035700, 0.077660
0.035800, 0.077991
0.035900, 0.078337
0.036000, 0.078693
0.036100, 0.079012
0.036200, 0.079357
0.036300, 0.079697
0.036400, 0.080040
0.036500, 0.080389
0.036600, 0.080715
0.036700, 0.081076
0.036800, 0.081429
0.036900, 0.081762
0.037000, 0.082106
0.037100, 0.082455
0.037200, 0.082798
0.037300, 0.083155
0.037400, 0.083490
0.037500, 0.083839
0.037600, 0.084183
0.037700, 0.084534
0.037800, 0.084890
0.037900, 0.085251
0.038000, 0.085594
0.038100, 0.085947
0.038200, 0.086296
0.038300, 0.086639
0.038400, 0.086996
0.038500, 0.087337
0.038600, 0.087708
0.038700, 0.088051
0.038800, 0.088413
0.038900, 0.088760
0.039000, 0.089117
0.039100, 0.089481
0.039200, 0.089825
0.039300, 0.090183
0.039400, 0.090538
0.039500, 0.090899
0.039600, 0.091263
0.039700, 0.091606
0.039800, 0.091957
0.039900, 0.092321
0.040000, 0.092678
0.040100, 0.093033
0.040200, 0.093384
0.040300, 0.093761
0.040400, 0.094120
0.040500, 0.094482
0.040600, 0.094852
0.040700, 0.095217
0.040800, 0.095575
0.040900, 0.095934
0.041000, 0.096291
0.041100, 0.096678
0.041200, 0.097031
0.041300, 0.097397
0.041400, 0.097755
0.041500, 0.098122
0.041600, 0.098492
0.041700, 0.098866
0.041800, 0.099230
0.041900, 0.099596
0.042000, 0.099964
0.042100, 0.100336
0.042200, 0.100689
0.042300, 0.101070
0.042400, 0.101427
0.042500, 0.101816
0.042600, 0.102177
0.042700, 0.102547
0.042800, 0.102913
0.042900, 0.103304
0.043000, 0.103672
0.043100, 0.104031
0.043200, 0.104412
0.043300, 0.104778
0.043400, 0.105152
0.043500, 0.105526
0.043600, 0.105896
0.043700, 0.106277
0.043800, 0.106651
0.043900, 0.107040
0.044000, 0.107409
0.044100, 0.107796
0.044200, 0.108156
0.044300, 0.108521
0.044400, 0.108904
0.044500, 0.109293
0.044600, 0.109669
0.044700, 0.110050
0.044800, 0.110424
0.044900, 0.110809
0.045000, 0.111183
0.045100, 0.111557
0.045200, 0.111938
0.045300, 0.112328
0.045400, 0.112701
0.045500, 0.113079
0.045600, 0.113470
0.045700, 0.113850
0.045800, 0.114225
0.045900, 0.114624
0.046000, 0.114998
0.046100, 0.115391
0.046200, 0.115768
0.046300, 0.116150
0.046400, 0.116539
0.046500, 0.116932
0.046600, 0.117310
0.046700, 0.117693
0.046800, 0.118084
0.046900, 0.118477
0.047000, 0.118866
0.047100, 0.119247
0.047200, 0.119638
0.047300, 0.120022
0.047400, 0.120419
0.047500, 0.120789
0.047600, 0.121195
0.047700, 0.121582
0.047800, 0.121983
0.047900, 0.122372
0.048000, 0.122757
0.048100, 0.123146
0.048200, 0.123533
0.048300, 0.123924
0.048400, 0.124329
0.048500, 0.124731
0.048600, 0.125095
0.048700, 0.125496
0.048800, 0.125900
0.048900, 0.126286
0.049000, 0.126686
0.049100, 0.127075
0.049200, 0.127480
0.049300, 0.127869
0.049400, 0.128262
0.049500, 0.128651
0.049600, 0.129047
0.049700, 0.129444
0.049800, 0.129843
0.049900, 0.130238
0.050000, 0.130650
0.050100, 0.131046
0.050200, 0.131441
0.050300, 0.131834
0.050400, 0.132240
0.050500, 0.132637
0.050600, 0.133030
0.050700, 0.133429
0.050800, 0.133831
0.050900, 0.134237
0.051000, 0.134621
0.051100, 0.135036
0.051200, 0.135441
0.051300, 0.135845
0.051400, 0.136246
0.051500, 0.136633
0.051600, 0.137047
0.051700, 0.137470
0.051800, 0.137856
0.051900, 0.138268
0.052000, 0.138672
0.052100, 0.139078
0.052200, 0.139473
0.052300, 0.139881
0.052400, 0.140274
0.052500, 0.140699
0.052600, 0.141102
0.052700, 0.141502
0.052800, 0.141903
0.052900, 0.142319
0.053000, 0.142715
0.053100, 0.143120
0.053200, 0.143520
0.053300, 0.143936
0.053400, 0.144342
0.053500, 0.144749
0.053600, 0.145161
0.053700, 0.145584
0.053800, 0.145987
0.053900, 0.146397
0.054000, 0.146812
0.054100, 0.147215
0.054200, 0.147629
0.054300, 0.148048
0.054400, 0.148443
0.054500, 0.148861
0.054600, 0.149263
0.054700, 0.149693
0.054800, 0.150091
0.054900, 0.150505
0.055000, 0.150917
0.055100, 0.151337
0.055200, 0.151749
0.055300, 0.152153
0.055400, 0.152563
0.055500, 0.152985
0.055600, 0.153397
0.055700, 0.153828
0.055800, 0.154224
0.055900, 0.154636
0.056000, 0.155060
0.056100, 0.155476
0.056200, 0.155899
0.056300, 0.156300
0.056400, 0.156736
0.056500, 0.157150
0.056600, 0.157557
0.056700, 0.157982
0.056800, 0.158401
0.056900, 0.158815
0.057000, 0.159225
0.057100, 0.159641
0.057200, 0.160070
0.057300, 0.160461
0.057400, 0.160894
0.057500, 0.161316
0.057600, 0.161734
0.057700, 0.162165
0.057800, 0.162571
0.057900, 0.163013
0.058000, 0.163429
0.058100, 0.163837
0.058200, 0.164270
0.058300, 0.164686
0.058400, 0.165108
0.058500, 0.165533
0.058600, 0.165962
0.058700, 0.166376
0.058800, 0.166803
0.058900, 0.167217
0.059000, 0.167641
0.059100, 0.168079
0.059200, 0.168488
0.059300, 0.168907
0.059400, 0.169333
0.059500, 0.169758
0.059600, 0.170185
0.059700, 0.170618
0.059800, 0.171051
0.059900, 0.171448
0.060000, 0.171888
0.060100, 0.172318
0.060200, 0.172739
0.060300, 0.173168
0.060400, 0.173584
0.060500, 0.174015
0.060600, 0.174435
0.060700, 0.174868
0.060800, 0.175295
0.060900, 0.175709
0.061000, 0.176157
0.061100, 0.176586
0.061200, 0.177010
0.061300, 0.177439
0.061400, 0.177866
0.061500, 0.178295
0.061600, 0.178719
0.061700, 0.179140
0.061800, 0.179583
0.061900, 0.180000
0.062000, 0.180443
0.062100, 0.180878
0.062200, 0.181290
0.062300, 0.181725
0.062400, 0.182152
0.062500, 0.182583
0.062600, 0.183033
0.062700, 0.183464
0.062800, 0.183876
0.062900, 0.184315
0.063000, 0.184727
0.063100, 0.185175
0.063200, 0.185608
0.063300, 0.186029
0.063400, 0.186480
0.063500, 0.186901
0.063600, 0.187328
0.063700, 0.187778
0.063800, 0.188202
0.063900, 0.188644
0.064000, 0.189072
0.064100, 0.189495
0.064200, 0.189934
0.064300, 0.190372
0.064400, 0.190807
0.064500, 0.191244
0.064600, 0.191669
0.064700, 0.192112
0.064800, 0.192558
0.064900, 0.192982
0.065000, 0.193405
0.065100, 0.193844
0.065200, 0.194294
0.065300, 0.194714
0.065400, 0.195169
0.065500, 0.195583
0.065600, 0.196037
0.065700, 0.196476
0.065800, 0.196922
0.065900, 0.197348
0.066000, 0.197781
0.066100, 0.198219
0.066200, 0.198669
0.066300, 0.199093
0.066400, 0.199543
0.066500, 0.199963
0.066600, 0.200405
0.066700, 0.200848
0.066800, 0.201283
0.066900, 0.201725
0.067000, 0.202148
0.067100, 0.202597
0.067200, 0.203033
0.067300, 0.203485
0.067400, 0.203918
0.067500, 0.204350
0.067600, 0.204788
0.067700, 0.205235
0.067800, 0.205673
0.067900, 0.206104
0.068000, 0.206558
0.068100, 0.206993
0.068200, 0.207443
0.068300, 0.207886
0.068400, 0.208336
0.068500, 0.208775
0.068600, 0.209209
0.068700, 0.209633
0.068800, 0.210089
0.068900, 0.210516
0.069000, 0.210979
0.069100, 0.211418
0.069200, 0.211868
0.069300, 0.212299
0.069400, 0.212738
0.069500, 0.213184
0.069600, 0.213627
0.069700, 0.214077
0.069800, 0.214516
0.069900, 0.214949
0.070000, 0.215397
0.070100, 0.215858
0.070200, 0.216297
0.070300, 0.216724
0.070400, 0.217171
0.070500, 0.217613
0.070600, 0.218063
0.070700, 0.218502
0.070800, 0.218941
0.070900, 0.219387
0.071000, 0.219843
0.071100, 0.220280
0.071200, 0.220734
0.071300, 0.221167
0.071400, 0.221621
0.071500, 0.222065
0.071600, 0.222527
0.071700, 0.222961
0.071800, 0.223404
0.071900, 0.223850
0.072000, 0.224300
0.072100, 0.224739
0.072200, 0.225193
0.072300, 0.225628
0.072400, 0.226080
0.072500, 0.226534
0.072600, 0.226982
0.072700, 0.227425
0.072800, 0.227869
0.072900, 0.228333
0.073000, 0.228760
0.073100, 0.229214
0.073200, 0.229671
0.073300, 0.230122
0.073400, 0.230564
0.073500, 0.230991
0.073600, 0.231461
0.073700, 0.231903
0.073800, 0.232349
0.073900, 0.232792
0.074000, 0.233246
0.074100, 0.233688
0.074200, 0.234146
0.074300, 0.234591
0.074400, 0.235044
0.074500, 0.235485
0.074600, 0.235943
0.074700, 0.236389
0.074800, 0.236828
0.074900, 0.237272
0.075000, 0.237709
0.075100, 0.238184
0.075200, 0.238640
0.075300, 0.239069
0.075400, 0.239540
0.075500, 0.239990
0.075600, 0.240440
0.075700, 0.240873
0.075800, 0.241333
0.075900, 0.241777
0.076000, 0.242243
0.076100, 0.242683
0.076200, 0.243126
0.076300, 0.243587
0.076400, 0.244038
0.076500, 0.244484
0.076600, 0.244938
0.076700, 0.245392
0.076800, 0.245842
0.076900, 0.246300
0.077000, 0.246729
0.077100, 0.247173
0.077200, 0.247641
0.077300, 0.248096
0.077400, 0.248541
0.077500, 0.249004
0.077600, 0.249430
0.077700, 0.249908
0.077800, 0.250347
0.077900, 0.250799
0.078000, 0.251270
0.078100, 0.251713
0.078200, 0.252151
0.078300, 0.252625
0.078400, 0.253063
0.078500, 0.253517
0.078600, 0.253975
0.078700, 0.254421
0.078800, 0.254879
0.078900, 0.255322
0.079000, 0.255764
0.079100, 0.256241
0.079200, 0.256687
0.079300, 0.257141
0.079400, 0.257576
0.079500, 0.258041
0.079600, 0.258492
0.079700, 0.258940
0.079800, 0.259407
0.079900, 0.259859
0.080000, 0.260300
0.080100, 0.260761
0.080200, 0.261227
0.080300, 0.261669
0.080400, 0.262140
0.080500, 0.262581
0.080600, 0.263035
0.080700, 0.263496
0.080800, 0.263947
0.080900, 0.264397
0.081000, 0.264851
0.081100, 0.265299
0.081200, 0.265755
0.081300, 0.266211
0.081400, 0.266655
0.081500, 0.267122
0.081600, 0.267570
0.081700, 0.268036
0.081800, 0.268482
0.081900, 0.268940
0.082000, 0.269398
0.082100, 0.269867
0.082200, 0.270309
0.082300, 0.270742
0.082400, 0.271214
0.082500, 0.271667
0.082600, 0.272120
0.082700, 0.272572
0.082800, 0.273026
0.082900, 0.273485
0.083000, 0.273947
0.083100, 0.274391
0.083200, 0.274853
0.083300, 0.275307
0.083400, 0.275764
0.083500, 0.276199
0.083600, 0.276669
0.083700, 0.277124
0.083800, 0.277590
0.083900, 0.278046
0.084000, 0.278490
0.084100, 0.278957
0.084200, 0.279406
0.084300, 0.279844
0.084400, 0.280315
0.084500, 0.280777
0.084600, 0.281233
0.084700, 0.281670
0.084800, 0.282131
0.084900, 0.282595
0.085000, 0.283035
0.085100, 0.283504
0.085200, 0.283958
0.085300, 0.284412
0.085400, 0.284863
0.085500, 0.285324
0.085600, 0.285780
0.085700, 0.286259
0.085800, 0.286678
0.085900, 0.287151
0.086000, 0.287609
0.086100, 0.288059
0.086200, 0.288528
0.086300, 0.288975
0.086400, 0.289433
0.086500, 0.289909
0.086600, 0.290340
0.086700, 0.290794
0.086800, 0.291264
0.086900, 0.291704
0.087000, 0.292171
0.087100, 0.292633
0.087200, 0.293083
0.087300, 0.293518
0.087400, 0.293980
0.087500, 0.294455
0.087600, 0.294907
0.087700, 0.295361
0.087800, 0.295822
0.087900, 0.296272
0.088000, 0.296730
0.088100, 0.297203
0.088200, 0.297646
0.088300, 0.298098
0.088400, 0.298553
0.088500, 0.299004
0.088600, 0.299475
0.088700, 0.299915
0.088800, 0.300383
0.088900, 0.300838
0.089000, 0.301300
0.089100, 0.301750
0.089200, 0.302206
0.089300, 0.302662
0.089400, 0.303116
0.089500, 0.303574
0.089600, 0.304033
0.089700, 0.304493
0.089800, 0.304947
0.089900, 0.305405
0.090000, 0.305851
0.090100, 0.306316
0.090200, 0.306767
0.090300, 0.307234
0.090400, 0.307669
0.090500, 0.308142
0.090600, 0.308590
0.090700, 0.309046
0.090800, 0.309492
0.090900, 0.309959
0.091000, 0.310419
0.091100, 0.310884
0.091200, 0.311340
0.091300, 0.311790
0.091400, 0.312254
0.091500, 0.312696
0.091600, 0.313152
0.091700, 0.313612
0.091800, 0.314074
0.091900, 0.314533
0.092000, 0.314991
0.092100, 0.315443
0.092200, 0.315887
0.092300, 0.316353
0.092400, 0.316807
0.092500, 0.317249
0.092600, 0.317703
0.092700, 0.318184
0.092800, 0.318634
0.092900, 0.319073
0.093000, 0.319553
0.093100, 0.320004
0.093200, 0.320454
0.093300, 0.320911
0.093400, 0.321350
0.093500, 0.321808
0.093600, 0.322285
0.093700, 0.322735
0.093800, 0.323189
0.093900, 0.323658
0.094000, 0.324102
0.094100, 0.324562
0.094200, 0.325012
0.094300, 0.325478
0.094400, 0.325932
0.094500, 0.326378
0.094600, 0.326847
0.094700, 0.327293
0.094800, 0.327755
0.094900, 0.328213
0.095000, 0.328674
0.095100, 0.329115
0.095200, 0.329567
0.095300, 0.330023
0.095400, 0.330477
0.095500, 0.330938
0.095600, 0.331402
0.095700, 0.331844
0.095800, 0.332302
0.095900, 0.332750
0.096000, 0.333199
0.096100, 0.333679
0.096200, 0.334141
0.096300, 0.334568
0.096400, 0.335041
0.096500, 0.335495
0.096600, 0.335939
0.096700, 0.336391
0.096800, 0.336864
0.096900, 0.337311
0.097000, 0.337765
0.097100, 0.338203
0.097200, 0.338680
0.097300, 0.339134
0.097400, 0.339575
0.097500, 0.340034
0.097600, 0.340481
0.097700, 0.340946
0.097800, 0.341398
0.097900, 0.341858
0.098000, 0.342300
0.098100, 0.342777
0.098200, 0.343220
0.098300, 0.343670
0.098400, 0.344128
0.098500, 0.344580
0.098600, 0.345047
0.098700, 0.345495
0.098800, 0.345949
0.098900, 0.346397
0.099000, 0.346836
0.099100, 0.347294
0.099200, 0.347752
0.099300, 0.348213
0.099400, 0.348667
0.099500, 0.349112
0.099600, 0.349575
0.099700, 0.350018
0.099800, 0.350475
0.099900, 0.350925
0.100000, 0.351387
0.100100, 0.351822
0.100200, 0.352291
0.100300, 0.352741
0.100400, 0.353191
0.100500, 0.353645
0.100600, 0.354095
0.100700, 0.354555
0.100800, 0.355013
0.100900, 0.355461
0.101000, 0.355915
0.101100, 0.356375
0.101200, 0.356819
0.101300, 0.357258
0.101400, 0.357719
0.101500, 0.358177
0.101600, 0.358631
0.101700, 0.359074
0.101800, 0.359526
0.101900, 0.359982
0.102000, 0.360435
0.102100, 0.360905
0.102200, 0.361343
0.102300, 0.361814
0.102400, 0.362255
0.102500, 0.362698
0.102600, 0.363152
0.102700, 0.363605
0.102800, 0.364063
0.102900, 0.364494
0.103000, 0.364964
0.103100, 0.365410
0.103200, 0.365860
0.103300, 0.366310
0.103400, 0.366764
0.103500, 0.367207
0.103600, 0.367668
0.103700, 0.368118
0.103800, 0.368565
0.103900, 0.369030
0.104000, 0.369453
0.104100, 0.369904
0.104200, 0.370365
0.104300, 0.370808
0.104400, 0.371279
0.104500, 0.371716
0.104600, 0.372160
0.104700, 0.372616
0.104800, 0.373085
0.104900, 0.373520
0.105000, 0.373974
0.105100, 0.374418
0.105200, 0.374874
0.105300, 0.375320
0.105400, 0.375767
0.105500, 0.376226
0.105600, 0.376680
0.105700, 0.377123
0.105800, 0.377562
0.105900, 0.378016
0.106000, 0.378473
0.106100, 0.378923
0.106200, 0.379360
0.106300, 0.379805
0.106400, 0.380264
0.106500, 0.380714
0.106600, 0.381153
0.106700, 0.381599
0.106800, 0.382053
0.106900, 0.382496
0.107000, 0.382963
0.107100, 0.383404
0.107200, 0.383862
0.107300, 0.384304
0.107400, 0.384739
0.107500, 0.385204
0.107600, 0.385643
0.107700, 0.386086
0.107800, 0.386545
0.107900, 0.386978
0.108000, 0.387417
0.108100, 0.387873
0.108200, 0.388319
0.108300, 0.388775
0.108400, 0.389225
0.108500, 0.389660
0.108600, 0.390106
0.108700, 0.390568
0.108800, 0.390991
0.108900, 0.391438
0.109000, 0.391888
0.109100, 0.392349
0.109200, 0.392792
0.109300, 0.393234
0.109400, 0.393700
0.109500, 0.394119
0.109600, 0.394562
0.109700, 0.395020
0.109800, 0.395462
0.109900, 0.395920
0.110000, 0.396362
0.110100, 0.396793
0.110200, 0.397240
0.110300, 0.397694
0.110400, 0.398132
0.110500, 0.398579
0.110600, 0.399023
0.110700, 0.399475
0.110800, 0.399931
0.110900, 0.400347
0.111000, 0.400793
0.111100, 0.401249
0.111200, 0.401699
0.111300, 0.402134
0.111400, 0.402567
0.111500, 0.403011
0.111600, 0.403461
0.111700, 0.403915
0.111800, 0.404343
0.111900, 0.404785
0.112000, 0.405243
0.112100, 0.405693
0.112200, 0.406132
0.112300, 0.406570
0.112400, 0.407009
0.112500, 0.407461
0.112600, 0.407898
0.112700, 0.408344
0.112800, 0.408773
0.112900, 0.409222
0.113000, 0.409664
0.113100, 0.410095
0.113200, 0.410545
0.113300, 0.410992
0.113400, 0.411434
0.113500, 0.411873
0.113600, 0.412310
0.113700, 0.412762
0.113800, 0.413197
0.113900, 0.413647
0.114000, 0.414091
0.114100, 0.414532
0.114200, 0.414959
0.114300, 0.415403
0.114400, 0.415844
0.114500, 0.416275
0.114600, 0.416721
0.114700, 0.417156
0.114800, 0.417606
0.114900, 0.418037
0.115000, 0.418488
0.115100, 0.418909
0.115200, 0.419357
0.115300, 0.419792
0.115400, 0.420231
0.115500, 0.420677
0.115600, 0.421127
0.115700, 0.421560
0.115800, 0.421993
0.115900, 0.422436
0.116000, 0.422867
0.116100, 0.423306
0.116200, 0.423752
0.116300, 0.424194
0.116400, 0.424629
0.116500, 0.425077
0.116600, 0.425491
0.116700, 0.425941
0.116800, 0.426388
0.116900, 0.426819
0.117000, 0.427254
0.117100, 0.427696
0.117200, 0.428120
0.117300, 0.428555
0.117400, 0.428997
0.117500, 0.429440
0.117600, 0.429857
0.117700, 0.430298
0.117800, 0.430744
0.117900, 0.431200
0.118000, 0.431618
0.118100, 0.432058
0.118200, 0.432487
0.118300, 0.432915
0.118400, 0.433342
0.118500, 0.433802
0.118600, 0.434231
0.118700, 0.434669
0.118800, 0.435093
0.118900, 0.435537
0.119000, 0.435959
0.119100, 0.436401
0.119200, 0.436855
0.119300, 0.437275
0.119400, 0.437693
0.119500, 0.438133
0.119600, 0.438580
0.119700, 0.439009
0.119800, 0.439423
0.119900, 0.439869
0.120000, 0.440304
0.120100, 0.440727
0.120200, 0.441162
0.120300, 0.441610
0.120400, 0.442038
0.120500, 0.442463
0.120600, 0.442890
0.120700, 0.443329
0.120800, 0.443769
0.120900, 0.444189
0.121000, 0.444626
0.121100, 0.445066
0.121200, 0.445482
0.121300, 0.445934
0.121400, 0.446362
0.121500, 0.446798
0.121600, 0.447235
0.121700, 0.447647
0.121800, 0.448071
0.121900, 0.448513
0.122000, 0.448948
0.122100, 0.449377
0.122200, 0.449799
0.122300, 0.450245
0.122400, 0.450670
0.122500, 0.451099
0.122600, 0.451508
0.122700, 0.451950
0.122800, 0.452396
0.122900, 0.452808
0.123000, 0.453236
0.123100, 0.453667
0.123200, 0.454092
0.123300, 0.454527
0.123400, 0.454947
0.123500, 0.455383
0.123600, 0.455826
0.123700, 0.456228
0.123800, 0.456669
0.123900, 0.457077
0.124000, 0.457518
0.124100, 0.457947
0.124200, 0.458372
0.124300, 0.458807
0.124400, 0.459232
0.124500, 0.459644
0.124600, 0.460077
0.124700, 0.460510
0.124800, 0.460932
0.124900, 0.461361
0.125000, 0.461790
0.125100, 0.462215
0.125200, 0.462645
0.125300, 0.463055
0.125400, 0.463480
0.125500, 0.463892
0.125600, 0.464346
0.125700, 0.464760
0.125800, 0.465191
0.125900, 0.465618
0.126000, 0.466053
0.126100, 0.466454
0.126200, 0.466887
0.126300, 0.467319
0.126400, 0.467739
0.126500, 0.468155
0.126600, 0.468576
0.126700, 0.469011
0.126800, 0.469429
0.126900, 0.469843
0.127000, 0.470280
0.127100, 0.470694
0.127200, 0.471106
0.127300, 0.471529
0.127400, 0.471973
0.127500, 0.472391
0.127600, 0.472794
0.127700, 0.473217
0.127800, 0.473661
0.127900, 0.474087
0.128000, 0.474483
0.128100, 0.474907
0.128200, 0.475321
0.128300, 0.475737
0.128400, 0.476179
0.128500, 0.476601
0.128600, 0.477015
0.128700, 0.477421
0.128800, 0.477856
0.128900, 0.478292
0.129000, 0.478693
0.129100, 0.479126
0.129200, 0.479540
0.129300, 0.479948
0.129400, 0.480366
0.129500, 0.480793
0.129600, 0.481197
0.129700, 0.481617
0.129800, 0.482046
0.129900, 0.482452
0.130000, 0.482874
0.130100, 0.483288
0.130200, 0.483711
0.130300, 0.484138
0.130400, 0.484562
0.130500, 0.484968
0.130600, 0.485392
0.130700, 0.485794
0.130800, 0.486229
0.130900, 0.486616
0.131000, 0.487045
0.131100, 0.487469
0.131200, 0.487869
0.131300, 0.488304
0.131400, 0.488720
0.131500, 0.489141
0.131600, 0.489540
0.131700, 0.489965
0.131800, 0.490376
0.131900, 0.490784
0.132000, 0.491219
0.132100, 0.491615
0.132200, 0.492025
0.132300, 0.492439
0.132400, 0.492863
0.132500, 0.493275
0.132600, 0.493687
0.132700, 0.494108
0.132800, 0.494511
0.132900, 0.494942
0.133000, 0.495327
0.133100, 0.495758
0.133200, 0.496162
0.133300, 0.496586
0.133400, 0.496994
0.133500, 0.497412
0.133600, 0.497805
0.133700, 0.498232
0.133800, 0.498621
0.133900, 0.499043
0.134000, 0.499447
0.134100, 0.499868
0.134200, 0.500282
0.134300, 0.500694
0.134400, 0.501091
0.134500, 0.501518
0.134600, 0.501919
0.134700, 0.502323
0.134800, 0.502737
0.134900, 0.503149
0.135000, 0.503565
0.135100, 0.503967
0.135200, 0.504381
0.135300, 0.504793
0.135400, 0.505186
0.135500, 0.505610
0.135600, 0.506008
0.135700, 0.506405
0.135800, 0.506828
0.135900, 0.507229
0.136000, 0.507641
0.136100, 0.508062
0.136200, 0.508467
0.136300, 0.508858
0.136400, 0.509270
0.136500, 0.509674
0.136600, 0.510078
0.136700, 0.510502
0.136800, 0.510900
0.136900, 0.511299
0.137000, 0.511692
0.137100, 0.512104
0.137200, 0.512510
0.137300, 0.512917
0.137400, 0.513309
0.137500, 0.513727
0.137600, 0.514141
0.137700, 0.514534
0.137800, 0.514927
0.137900, 0.515335
0.138000, 0.515747
0.138100, 0.516144
0.138200, 0.516554
0.138300, 0.516972
0.138400, 0.517368
0.138500, 0.517784
0.138600, 0.518173
0.138700, 0.518574
0.138800, 0.518990
0.138900, 0.519390
0.139000, 0.519775
0.139100, 0.520187
0.139200, 0.520580
0.139300, 0.520983
0.139400, 0.521379
0.139500, 0.521780
0.139600, 0.522194
0.139700, 0.522589
0.139800, 0.522999
0.139900, 0.523378
0.140000, 0.523792
0.140100, 0.524189
0.140200, 0.524590
0.140300, 0.524979
0.140400, 0.525394
0.140500, 0.525784
0.140600, 0.526184
0.140700, 0.526587
0.140800, 0.526960
0.140900, 0.527382
0.141000, 0.527786
0.141100, 0.528172
0.141200, 0.528572
0.141300, 0.528969
0.141400, 0.529377
0.141500, 0.529770
0.141600, 0.530157
0.141700, 0.530560
0.141800, 0.530954
0.141900, 0.531343
0.142000, 0.531757
0.142100, 0.532133
0.142200, 0.532539
0.142300, 0.532948
0.142400, 0.533321
0.142500, 0.533722
0.142600, 0.534138
0.142700, 0.534512
0.142800, 0.534908
0.142900, 0.535303
0.143000, 0.535709
0.143100, 0.536091
0.143200, 0.536482
0.143300, 0.536882
0.143400, 0.537275
0.143500, 0.537670
0.143600, 0.538061
0.143700, 0.538452
0.143800, 0.538847
0.143900, 0.539242
0.144000, 0.539623
0.144100, 0.540026
0.144200, 0.540428
0.144300, 0.540792
0.144400, 0.541197
0.144500, 0.541588
0.144600, 0.541985
0.144700, 0.542381
0.144800, 0.542749
0.144900, 0.543163
0.145000, 0.543549
0.145100, 0.543930
0.145200, 0.544331
0.145300, 0.544720
0.145400, 0.545109
0.145500, 0.545494
0.145600, 0.545891
0.145700, 0.546270
0.145800, 0.546661
0.145900, 0.547062
0.146000, 0.547447
0.146100, 0.547829
0.146200, 0.548235
0.146300, 0.548605
0.146400, 0.548996
0.146500, 0.549379
0.146600, 0.549778
0.146700, 0.550146
0.146800, 0.550529
0.146900, 0.550936
0.147000, 0.551306
0.147100, 0.551710
0.147200, 0.552071
0.147300, 0.552479
0.147400, 0.552853
0.147500, 0.553244
0.147600, 0.553631
0.147700, 0.554005
0.147800, 0.554407
0.147900, 0.554800
0.148000, 0.555170
0.148100, 0.555559
0.148200, 0.555944
0.148300, 0.556328
0.148400, 0.556705
0.148500, 0.557091
0.148600, 0.557474
0.148700, 0.557831
0.148800, 0.558243
0.148900, 0.558624
0.149000, 0.558996
0.149100, 0.559380
0.149200, 0.559755
0.149300, 0.560158
0.149400, 0.560535
0.149500, 0.560913
0.149600, 0.561291
0.149700, 0.561668
0.149800, 0.562061
0.149900, 0.562431
0.150000, 0.562813
0.150100, 0.563198
0.150200, 0.563576
0.150300, 0.563957
0.150400, 0.564339
0.150500, 0.564705
0.150600, 0.565100
0.150700, 0.565487
0.150800, 0.565851
0.150900, 0.566225
0.151000, 0.566608
0.151100, 0.566982
0.151200, 0.567348
0.151300, 0.567736
0.151400, 0.568113
0.151500, 0.568489
0.151600, 0.568867
0.151700, 0.569250
0.151800, 0.569626
0.151900, 0.570004
0.152000, 0.570370
0.152100, 0.570759
0.152200, 0.571140
0.152300, 0.571505
0.152400, 0.571869
0.152500, 0.572247
0.152600, 0.572643
0.152700, 0.573006
0.152800, 0.573383
0.152900, 0.573746
0.153000, 0.574120
0.153100, 0.574501
0.153200, 0.574877
0.153300, 0.575241
0.153400, 0.575613
0.153500, 0.575993
0.153600, 0.576372
0.153700, 0.576736
0.153800, 0.577124
0.153900, 0.577473
0.154000, 0.577860
0.154100, 0.578230
0.154200, 0.578617
0.154300, 0.578976
0.154400, 0.579340
0.154500, 0.579725
0.154600, 0.580097
0.154700, 0.580458
0.154800, 0.580826
0.154900, 0.581173
0.155000, 0.581570
0.155100, 0.581932
0.155200, 0.582306
0.155300, 0.582691
0.155400, 0.583052
0.155500, 0.583410
0.155600, 0.583780
0.155700, 0.584164
0.155800, 0.584532
0.155900, 0.584866
0.156000, 0.585251
0.156100, 0.585638
0.156200, 0.585989
0.156300, 0.586359
0.156400, 0.586712
0.156500, 0.587080
0.156600, 0.587463
0.156700, 0.587826
0.156800, 0.588205
0.156900, 0.588566
0.157000, 0.588909
0.157100, 0.589272
0.157200, 0.589651
0.157300, 0.590019
0.157400, 0.590397
0.157500, 0.590752
0.157600, 0.591105
0.157700, 0.591475
0.157800, 0.591835
0.157900, 0.592197
0.158000, 0.592564
0.158100, 0.592937
0.158200, 0.593315
0.158300, 0.593649
0.158400, 0.594028
0.158500, 0.594378
0.158600, 0.594755
0.158700, 0.595098
0.158800, 0.595459
0.158900, 0.595812
0.159000, 0.596205
0.159100, 0.596558
0.159200, 0.596899
0.159300, 0.597271
0.159400, 0.597622
0.159500, 0.598000
0.159600, 0.598372
0.159700, 0.598700
0.159800, 0.599081
0.159900, 0.599436
0.160000, 0.599792
0.160100, 0.600157
0.160200, 0.600510
0.160300, 0.600874
0.160400, 0.601217
0.160500, 0.601589
0.160600, 0.601948
0.160700, 0.602297
0.160800, 0.602650
0.160900, 0.603012
0.161000, 0.603374
0.161100, 0.603735
0.161200, 0.604088
0.161300, 0.604439
0.161400, 0.604809
0.161500, 0.605156
0.161600, 0.605513
0.161700, 0.605875
0.161800, 0.606232
0.161900, 0.606588
0.162000, 0.606934
0.162100, 0.607283
0.162200, 0.607649
0.162300, 0.607998
0.162400, 0.608349
0.162500, 0.608700
0.162600, 0.609060
0.162700, 0.609411
0.162800, 0.609758
0.162900, 0.610106
0.163000, 0.610468
0.163100, 0.610830
0.163200, 0.611158
0.163300, 0.611525
0.163400, 0.611885
0.163500, 0.612226
0.163600, 0.612579
0.163700, 0.612938
0.163800, 0.613302
0.163900, 0.613626
0.164000, 0.613985
0.164100, 0.614346
0.164200, 0.614704
0.164300, 0.615046
0.164400, 0.615387
0.164500, 0.615746
0.164600, 0.616096
0.164700, 0.616444
0.164800, 0.616785
0.164900, 0.617140
0.165000, 0.617485
0.165100, 0.617826
0.165200, 0.618177
0.165300, 0.618526
0.165400, 0.618895
0.165500, 0.619217
0.165600, 0.619570
0.165700, 0.619907
0.165800, 0.620255
0.165900, 0.620607
0.166000, 0.620956
0.166100, 0.621305
0.166200, 0.621662
0.166300, 0.621990
0.166400, 0.622349
0.166500, 0.622679
0.166600, 0.623030
0.166700, 0.623375
0.166800, 0.623713
0.166900, 0.624077
0.167000, 0.624409
0.167100, 0.624750
0.167200, 0.625092
0.167300, 0.625458
0.167400, 0.625805
0.167500, 0.626143
0.167600, 0.626467
0.167700, 0.626820
0.167800, 0.627157
0.167900, 0.627493
0.168000, 0.627842
0.168100, 0.628178
0.168200, 0.628531
0.168300, 0.628870
0.168400, 0.629219
0.168500, 0.629562
0.168600, 0.629879
0.168700, 0.630215
0.168800, 0.630590
0.168900, 0.630905
0.169000, 0.631235
0.169100, 0.631586
0.169200, 0.631924
0.169300, 0.632267
0.169400, 0.632622
0.169500, 0.632952
0.169600, 0.633274
0.169700, 0.633633
0.169800, 0.633961
0.169900, 0.634300
0.170000, 0.634644
0.170100, 0.634964
0.170200, 0.635309
0.170300, 0.635662
0.170400, 0.635983
0.170500, 0.636326
0.170600, 0.636662
0.170700, 0.637001
0.170800, 0.637314
0.170900, 0.637665
0.171000, 0.638000
0.171100, 0.638340
0.171200, 0.638676
0.171300, 0.639006
0.171400, 0.639328
0.171500, 0.639664
0.171600, 0.640007
0.171700, 0.640337
0.171800, 0.640665
0.171900, 0.640999
0.172000, 0.641350
0.172100, 0.641666
0.172200, 0.641994
0.172300, 0.642330
0.172400, 0.642681
0.172500, 0.643003
0.172600, 0.643341
0.172700, 0.643675
0.172800, 0.643990
0.172900, 0.644337
0.173000, 0.644665
0.173100, 0.645002
0.173200, 0.645325
0.173300, 0.645653
0.173400, 0.645975
0.173500, 0.646324
0.173600, 0.646645
0.173700, 0.646969
0.173800, 0.647299
0.173900, 0.647623
0.174000, 0.647955
0.174100, 0.648285
0.174200, 0.648609
0.174300, 0.648952
0.174400, 0.649267
0.174500, 0.649593
0.174600, 0.649933
0.174700, 0.650261
0.174800, 0.650587
0.174900, 0.650898
0.175000, 0.651234
0.175100, 0.651546
0.175200, 0.651899
0.175300, 0.652205
0.175400, 0.652540
0.175500, 0.652855
0.175600, 0.653183
0.175700, 0.653511
0.175800, 0.653839
0.175900, 0.654167
0.176000, 0.654486
0.176100, 0.654823
0.176200, 0.655134
0.176300, 0.655468
0.176400, 0.655796
0.176500, 0.656113
0.176600, 0.656422
0.176700, 0.656755
0.176800, 0.657078
0.176900, 0.657393
0.177000, 0.657721
0.177100, 0.658051
0.177200, 0.658352
0.177300, 0.658688
0.177400, 0.659016
0.177500, 0.659327
0.177600, 0.659639
0.177700, 0.659979
0.177800, 0.660286
0.177900, 0.660614
0.178000, 0.660934
0.178100, 0.661240
0.178200, 0.661560
0.178300, 0.661877
0.178400, 0.662210
0.178500, 0.662527
0.178600, 0.662853
0.178700, 0.663162
0.178800, 0.663483
0.178900, 0.663797
0.179000, 0.664108
0.179100, 0.664429
0.179200, 0.664768
0.179300, 0.665081
0.179400, 0.665375
0.179500, 0.665710
0.179600, 0.666000
0.179700, 0.666328
0.179800, 0.666653
0.179900, 0.666977
0.180000, 0.667282
0.180100, 0.667580
0.180200, 0.667896
0.180300, 0.668222
0.180400, 0.668533
0.180500, 0.668867
0.180600, 0.669184
0.180700, 0.669477
0.180800, 0.669798
0.180900, 0.670113
0.181000, 0.670424
0.181100, 0.670753
0.181200, 0.671049
0.181300, 0.671360
0.181400, 0.671669
0.181500, 0.671993
0.181600, 0.672287
0.181700, 0.672611
0.181800, 0.672916
0.181900, 0.673235
0.182000, 0.673538
0.182100, 0.673855
0.182200, 0.674160
0.182300, 0.674480
0.182400, 0.674799
0.182500, 0.675112
0.182600, 0.675407
0.182700, 0.675718
0.182800, 0.676033
0.182900, 0.676338
0.183000, 0.676655
0.183100, 0.676971
0.183200, 0.677265
0.183300, 0.677563
0.183400, 0.677874
0.183500, 0.678190
0.183600, 0.678499
0.183700, 0.678795
0.183800, 0.679111
0.183900, 0.679419
0.184000, 0.679729
0.184100, 0.680019
0.184200, 0.680347
0.184300, 0.680639
0.184400, 0.680943
0.184500, 0.681248
0.184600, 0.681555
0.184700, 0.681866
0.184800, 0.682167
0.184900, 0.682482
0.185000, 0.682777
0.185100, 0.683077
0.185200, 0.683388
0.185300, 0.683697
0.185400, 0.683998
0.185500, 0.684299
0.185600, 0.684599
0.185700, 0.684898
0.185800, 0.685192
0.185900, 0.685505
0.186000, 0.685802
0.186100, 0.686121
0.186200, 0.686407
0.186300, 0.686708
0.186400, 0.687006
0.186500, 0.687326
0.186600, 0.687618
0.186700, 0.687918
0.186800, 0.688213
0.186900, 0.688520
0.187000, 0.688820
0.187100, 0.689123
0.187200, 0.689407
0.187300, 0.689722
0.187400, 0.690018
0.187500, 0.690315
0.187600, 0.690617
0.187700, 0.690914
0.187800, 0.691217
0.187900, 0.691505
0.188000, 0.691803
0.188100, 0.692108
0.188200, 0.692406
0.188300, 0.692705
0.188400, 0.693001
0.188500, 0.693287
0.188600, 0.693596
0.188700, 0.693897
0.188800, 0.694189
0.188900, 0.694481
0.189000, 0.694782
0.189100, 0.695074
0.189200, 0.695379
0.189300, 0.695663
0.189400, 0.695955
0.189500, 0.696264
0.189600, 0.696554
0.189700, 0.696842
0.189800, 0.697134
0.189900, 0.697424
0.190000, 0.697718
0.190100, 0.698006
0.190200, 0.698292
0.190300, 0.698616
0.190400, 0.698889
0.190500, 0.699192
0.190600, 0.699480
0.190700, 0.699762
0.190800, 0.700060
0.190900, 0.700346
0.191000, 0.700634
0.191100, 0.700945
0.191200, 0.701225
0.191300, 0.701534
0.191400, 0.701807
0.191500, 0.702101
0.191600, 0.702394
0.191700, 0.702686
0.191800, 0.702976
0.191900, 0.703255
0.192000, 0.703552
0.192100, 0.703835
0.192200, 0.704126
0.192300, 0.704407
0.192400, 0.704716
0.192500, 0.704998
0.192600, 0.705267
0.192700, 0.705563
0.192800, 0.705845
0.192900, 0.706156
0.193000, 0.706421
0.193100, 0.706709
0.193200, 0.706997
0.193300, 0.707285
0.193400, 0.707582
0.193500, 0.707867
0.193600, 0.708122
0.193700, 0.708435
0.193800, 0.708712
0.193900, 0.708996
0.194000, 0.709288
0.194100, 0.709558
0.194200, 0.709858
0.194300, 0.710136
0.194400, 0.710421
0.194500, 0.710691
0.194600, 0.710985
0.194700, 0.711281
0.194800, 0.711559
0.194900, 0.711834
0.195000, 0.712116
0.195100, 0.712399
0.195200, 0.712685
0.195300, 0.712971
0.195400, 0.713255
0.195500, 0.713528
0.195600, 0.713818
0.195700, 0.714092
0.195800, 0.714375
0.195900, 0.714638
0.196000, 0.714930
0.196100, 0.715218
0.196200, 0.715496
0.196300, 0.715780
0.196400, 0.716045
0.196500, 0.716335
0.196600, 0.716606
0.196700, 0.716892
0.196800, 0.717173
0.196900, 0.717447
0.197000, 0.717718
0.197100, 0.718021
0.197200, 0.718279
0.197300, 0.718555
0.197400, 0.718851
0.197500, 0.719105
0.197600, 0.719395
0.197700, 0.719662
0.197800, 0.719948
0.197900, 0.720230
0.198000, 0.720484
0.198100, 0.720768
0.198200, 0.721045
0.198300, 0.721317
0.198400, 0.721621
0.198500, 0.721878
0.198600, 0.722137
0.198700, 0.722429
0.198800, 0.722702
0.198900, 0.722980
0.199000, 0.723240
0.199100, 0.723532
0.199200, 0.723799
0.199300, 0.724070
0.199400, 0.724337
0.199500, 0.724625
0.199600, 0.724895
0.199700, 0.725155
0.199800, 0.725426
0.199900, 0.725714
0.200000, 0.725986
0.200100, 0.726250
0.200200, 0.726501
0.200300, 0.726801
0.200400, 0.727062
0.200500, 0.727333
0.200600, 0.727612
0.200700, 0.727861
0.200800, 0.728144
0.200900, 0.728428
0.201000, 0.728687
0.201100, 0.728958
0.201200, 0.729219
0.201300, 0.729477
0.201400, 0.729769
0.201500, 0.730015
0.201600, 0.730289
0.201700, 0.730560
0.201800, 0.730831
0.201900, 0.731098
0.202000, 0.731371
0.202100, 0.731638
0.202200, 0.731905
0.202300, 0.732185
0.202400, 0.732430
0.202500, 0.732708
0.202600, 0.732979
0.202700, 0.733248
0.202800, 0.733501
0.202900, 0.733763
0.203000, 0.734028
0.203100, 0.734293
0.203200, 0.734562
0.203300, 0.734840
0.203400, 0.735107
0.203500, 0.735363
0.203600, 0.735613
0.203700, 0.735880
0.203800, 0.736147
0.203900, 0.736404
0.204000, 0.736671
0.204100, 0.736931
0.204200, 0.737204
0.204300, 0.737484
0.204400, 0.737726
0.204500, 0.738001
0.204600, 0.738260
0.204700, 0.738529
0.204800, 0.738768
0.204900, 0.739044
0.205000, 0.739311
0.205100, 0.739563
0.205200, 0.739819
0.205300, 0.740086
0.205400, 0.740343
0.205500, 0.740593
0.205600, 0.740877
0.205700, 0.741123
0.205800, 0.741383
0.205900, 0.741642
0.206000, 0.741905
0.206100, 0.742157
0.206200, 0.742422
0.206300, 0.742672
0.206400, 0.742935
0.206500, 0.743195
0.206600, 0.743454
0.206700, 0.743704
0.206800, 0.743965
0.206900, 0.744209
0.207000, 0.744486
0.207100, 0.744738
0.207200, 0.745001
0.207300, 0.745253
0.207400, 0.745495
0.207500, 0.745770
0.207600, 0.746019
0.207700, 0.746286
0.207800, 0.746534
0.207900, 0.746796
0.208000, 0.747055
0.208100, 0.747284
0.208200, 0.747551
0.208300, 0.747818
0.208400, 0.748072
0.208500, 0.748308
0.208600, 0.748581
0.208700, 0.748825
0.208800, 0.749092
0.208900, 0.749327
0.209000, 0.749573
0.209100, 0.749828
0.209200, 0.750084
0.209300, 0.750359
0.209400, 0.750587
0.209500, 0.750851
0.209600, 0.751104
0.209700, 0.751335
0.209800, 0.751587
0.209900, 0.751865
0.210000, 0.752090
0.210100, 0.752348
0.210200, 0.752607
0.210300, 0.752853
0.210400, 0.753096
0.210500, 0.753365
0.210600, 0.753593
0.210700, 0.753849
0.210800, 0.754099
0.210900, 0.754341
0.211000, 0.754606
0.211100, 0.754856
0.211200, 0.755091
0.211300, 0.755339
0.211400, 0.755583
0.211500, 0.755836
0.211600, 0.756090
0.211700, 0.756336
0.211800, 0.756582
0.211900, 0.756828
0.212000, 0.757074
0.212100, 0.757338
0.212200, 0.757574
0.212300, 0.757809
0.212400, 0.758064
0.212500, 0.758322
0.212600, 0.758537
0.212700, 0.758791
0.212800, 0.759037
0.212900, 0.759281
0.213000, 0.759537
0.213100, 0.759773
0.213200, 0.760010
0.213300, 0.760254
0.213400, 0.760506
0.213500, 0.760750
0.213600, 0.761013
0.213700, 0.761236
0.213800, 0.761482
0.213900, 0.761730
0.214000, 0.761961
0.214100, 0.762207
0.214200, 0.762459
0.214300, 0.762699
0.214400, 0.762930
0.214500, 0.763180
0.214600, 0.763424
0.214700, 0.763659
0.214800, 0.763893
0.214900, 0.764149
0.215000, 0.764385
0.215100, 0.764622
0.215200, 0.764860
0.215300, 0.765108
0.215400, 0.765345
0.215500, 0.765583
0.215600, 0.765823
0.215700, 0.766052
0.215800, 0.766310
0.215900, 0.766548
0.216000, 0.766768
0.216100, 0.767017
0.216200, 0.767254
0.216300, 0.767509
0.216400, 0.767723
0.216500, 0.767960
0.216600, 0.768217
0.216700, 0.768444
0.216800, 0.768688
0.216900, 0.768925
0.217000, 0.769165
0.217100, 0.769392
0.217200, 0.769630
0.217300, 0.769859
0.217400, 0.770094
0.217500, 0.770325
0.217600, 0.770578
0.217700, 0.770794
0.217800, 0.771046
0.217900, 0.771280
0.218000, 0.771517
0.218100, 0.771749
0.218200, 0.771988
0.218300, 0.772207
0.218400, 0.772453
0.218500, 0.772667
0.218600, 0.772923
0.218700, 0.773151
0.218800, 0.773394
0.218900, 0.773617
0.219000, 0.773853
0.219100, 0.774088
0.219200, 0.774311
0.219300, 0.774544
0.219400, 0.774776
0.219500, 0.775019
0.219600, 0.775242
0.219700, 0.775486
0.219800, 0.775698
0.219900, 0.775948
0.220000, 0.776152
0.220100, 0.776405
0.220200, 0.776617
0.220300, 0.776869
0.220400, 0.777088
0.220500, 0.777308
0.220600, 0.777533
0.220700, 0.777790
0.220800, 0.778004
0.220900, 0.778238
0.221000, 0.778458
0.221100, 0.778688
0.221200, 0.778912
0.221300, 0.779139
0.221400, 0.779383
0.221500, 0.779604
0.221600, 0.779833
0.221700, 0.780064
0.221800, 0.780304
0.221900, 0.780514
0.222000, 0.780731
0.222100, 0.780970
0.222200, 0.781206
0.222300, 0.781427
0.222400, 0.781647
0.222500, 0.781891
0.222600, 0.782097
0.222700, 0.782316
0.222800, 0.782547
0.222900, 0.782768
0.223000, 0.783001
0.223100, 0.783224
0.223200, 0.783459
0.223300, 0.783672
0.223400, 0.783905
0.223500, 0.784130
0.223600, 0.784336
0.223700, 0.784586
0.223800, 0.784801
0.223900, 0.785019
0.224000, 0.785240
0.224100, 0.785460
0.224200, 0.785686
0.224300, 0.785898
0.224400, 0.786116
0.224500, 0.786352
0.224600, 0.786579
0.224700, 0.786793
0.224800, 0.787014
0.224900, 0.787237
0.225000, 0.787447
0.225100, 0.787674
0.225200, 0.787909
0.225300, 0.788109
0.225400, 0.788353
0.225500, 0.788572
0.225600, 0.788778
0.225700, 0.788998
0.225800, 0.789230
0.225900, 0.789440
0.226000, 0.789652
0.226100, 0.789886
0.226200, 0.790098
0.226300, 0.790306
0.226400, 0.790529
0.226500, 0.790743
0.226600, 0.790985
0.226700, 0.791183
0.226800, 0.791403
0.226900, 0.791622
0.227000, 0.791843
0.227100, 0.792072
0.227200, 0.792274
0.227300, 0.792482
0.227400, 0.792706
0.227500, 0.792925
0.227600, 0.793140
0.227700, 0.793362
0.227800, 0.793568
0.227900, 0.793783
0.228000, 0.794010
0.228100, 0.794209
0.228200, 0.794437
0.228300, 0.794647
0.228400, 0.794857
0.228500, 0.795074
0.228600, 0.795273
0.228700, 0.795506
0.228800, 0.795719
0.228900, 0.795929
0.229000, 0.796137
0.229100, 0.796352
0.229200, 0.796577
0.229300, 0.796783
0.229400, 0.796986
0.229500, 0.797213
0.229600, 0.797422
0.229700, 0.797638
0.229800, 0.797863
0.229900, 0.798071
0.230000, 0.798281
0.230100, 0.798496
0.230200, 0.798697
0.230300, 0.798912
0.230400, 0.799109
0.230500, 0.799326
0.230600, 0.799545
0.230700, 0.799736
0.230800, 0.799952
0.230900, 0.800171
0.231000, 0.800396
0.231100, 0.800591
0.231200, 0.800800
0.231300, 0.801012
0.231400, 0.801218
0.231500, 0.801430
0.231600, 0.801640
0.231700, 0.801830
0.231800, 0.802048
0.231900, 0.802246
0.232000, 0.802462
0.232100, 0.802683
0.232200, 0.802889
0.232300, 0.803089
0.232400, 0.803284
0.232500, 0.803499
0.232600, 0.803722
0.232700, 0.803923
0.232800, 0.804123
0.232900, 0.804321
0.233000, 0.804550
0.233100, 0.804735
0.233200, 0.804964
0.233300, 0.805153
0.233400, 0.805376
0.233500, 0.805542
0.233600, 0.805779
0.233700, 0.805967
0.233800, 0.806168
0.233900, 0.806376
0.234000, 0.806599
0.234100, 0.806780
0.234200, 0.806992
0.234300, 0.807203
0.234400, 0.807411
0.234500, 0.807602
0.234600, 0.807816
0.234700, 0.808018
0.234800, 0.808212
0.234900, 0.808424
0.235000, 0.808615
0.235100, 0.808823
0.235200, 0.809027
0.235300, 0.809229
0.235400, 0.809423
0.235500, 0.809641
0.235600, 0.809820
0.235700, 0.810040
0.235800, 0.810226
0.235900, 0.810438
0.236000, 0.810642
0.236100, 0.810843
0.236200, 0.811029
0.236300, 0.811239
0.236400, 0.811438
0.236500, 0.811646
0.236600, 0.811834
0.236700, 0.812042
0.236800, 0.812233
0.236900, 0.812431
0.237000, 0.812641
0.237100, 0.812819
0.237200, 0.813034
0.237300, 0.813231
0.237400, 0.813427
0.237500, 0.813625
0.237600, 0.813831
0.237700, 0.814020
0.237800, 0.814219
0.237900, 0.814405
0.238000, 0.814606
0.238100, 0.814823
0.238200, 0.815012
0.238300, 0.815197
0.238400, 0.815392
0.238500, 0.815586
0.238600, 0.815792
0.238700, 0.815979
0.238800, 0.816174
0.238900, 0.816381
0.239000, 0.816574
0.239100, 0.816753
0.239200, 0.816963
0.239300, 0.817162
0.239400, 0.817339
0.239500, 0.817562
0.239600, 0.817743
0.239700, 0.817932
0.239800, 0.818119
0.239900, 0.818319
0.240000, 0.818520
0.240100, 0.818699
0.240200, 0.818909
0.240300, 0.819101
0.240400, 0.819305
0.240500, 0.819481
0.240600, 0.819687
0.240700, 0.819864
0.240800, 0.820061
0.240900, 0.820251
0.241000, 0.820431
0.241100, 0.820623
0.241200, 0.820807
0.241300, 0.821018
0.241400, 0.821213
0.241500, 0.821390
0.241600, 0.821589
0.241700, 0.821781
0.241800, 0.821970
0.241900, 0.822149
0.242000, 0.822355
0.242100, 0.822533
0.242200, 0.822739
0.242300, 0.822926
0.242400, 0.823112
0.242500, 0.823298
0.242600, 0.823500
0.242700, 0.823681
0.242800, 0.823875
0.242900, 0.824059
0.243000, 0.824240
0.243100, 0.824429
0.243200, 0.824627
0.243300, 0.824802
0.243400, 0.825005
0.243500, 0.825172
0.243600, 0.825359
0.243700, 0.825554
0.243800, 0.825741
0.243900, 0.825945
0.244000, 0.826120
0.244100, 0.826292
0.244200, 0.826500
0.244300, 0.826683
0.244400, 0.826864
0.244500, 0.827053
0.244600, 0.827230
0.244700, 0.827431
0.244800, 0.827604
0.244900, 0.827803
0.245000, 0.827982
0.245100, 0.828161
0.245200, 0.828335
0.245300, 0.828535
0.245400, 0.828724
0.245500, 0.828913
0.245600, 0.829094
0.245700, 0.829277
0.245800, 0.829453
0.245900, 0.829628
0.246000, 0.829836
0.246100, 0.830000
0.246200, 0.830189
0.246300, 0.830368
0.246400, 0.830549
0.246500, 0.830746
0.246600, 0.830921
0.246700, 0.831104
0.246800, 0.831272
0.246900, 0.831463
0.247000, 0.831642
0.247100, 0.831829
0.247200, 0.832014
0.247300, 0.832186
0.247400, 0.832367
0.247500, 0.832548
0.247600, 0.832733
0.247700, 0.832916
0.247800, 0.833101
0.247900, 0.833281
0.248000, 0.833471
0.248100, 0.833641
0.248200, 0.833809
0.248300, 0.834000
0.248400, 0.834160
0.248500, 0.834352
0.248600, 0.834536
0.248700, 0.834707
0.248800, 0.834887
0.248900, 0.835083
0.249000, 0.835253
0.249100, 0.835434
0.249200, 0.835606
0.249300, 0.835760
0.249400, 0.835953
0.249500, 0.836140
0.249600, 0.836315
0.249700, 0.836489
0.249800, 0.836666
0.249900, 0.836845
0.250000, 0.837017
0.250100, 0.837219
0.250200, 0.837370
0.250300, 0.837574
0.250400, 0.837730
0.250500, 0.837898
0.250600, 0.838091
0.250700, 0.838268
0.250800, 0.838451
0.250900, 0.838612
0.251000, 0.838768
0.251100, 0.838961
0.251200, 0.839127
0.251300, 0.839294
0.251400, 0.839483
0.251500, 0.839645
0.251600, 0.839840
0.251700, 0.840019
0.251800, 0.840179
0.251900, 0.840351
0.252000, 0.840525
0.252100, 0.840685
0.252200, 0.840881
0.252300, 0.841051
0.252400, 0.841217
0.252500, 0.841400
0.252600, 0.841562
0.252700, 0.841736
0.252800, 0.841892
0.252900, 0.842085
0.253000, 0.842262
0.253100, 0.842434
0.253200, 0.842598
0.253300, 0.842772
0.253400, 0.842941
0.253500, 0.843115
0.253600, 0.843288
0.253700, 0.843451
0.253800, 0.843624
0.253900, 0.843801
0.254000, 0.843952
0.254100, 0.844126
0.254200, 0.844313
0.254300, 0.844482
0.254400, 0.844643
0.254500, 0.844793
0.254600, 0.844975
0.254700, 0.845165
0.254800, 0.845322
0.254900, 0.845490
0.255000, 0.845669
0.255100, 0.845819
0.255200, 0.845985
0.255300, 0.846165
0.255400, 0.846329
0.255500, 0.846510
0.255600, 0.846668
0.255700, 0.846828
0.255800, 0.846998
0.255900, 0.847172
0.256000, 0.847342
0.256100, 0.847507
0.256200, 0.847677
0.256300, 0.847839
0.256400, 0.848021
0.256500, 0.848173
0.256600, 0.848333
0.256700, 0.848507
0.256800, 0.848682
0.256900, 0.848835
0.257000, 0.849018
0.257100, 0.849163
0.257200, 0.849333
0.257300, 0.849512
0.257400, 0.849670
0.257500, 0.849833
0.257600, 0.849991
0.257700, 0.850164
0.257800, 0.850315
0.257900, 0.850491
0.258000, 0.850645
0.258100, 0.850819
0.258200, 0.850988
0.258300, 0.851143
0.258400, 0.851309
0.258500, 0.851471
0.258600, 0.851646
0.258700, 0.851807
0.258800, 0.851959
0.258900, 0.852123
0.259000, 0.852291
0.259100, 0.852448
0.259200, 0.852610
0.259300, 0.852768
0.259400, 0.852947
0.259500, 0.853098
0.259600, 0.853271
0.259700, 0.853422
0.259800, 0.853577
0.259900, 0.853743
0.260000, 0.853907
0.260100, 0.854080
0.260200, 0.854225
0.260300, 0.854395
0.260400, 0.854565
0.260500, 0.854712
0.260600, 0.854862
0.260700, 0.855057
0.260800, 0.855204
0.260900, 0.855364
0.261000, 0.855507
0.261100, 0.855669
0.261200, 0.855831
0.261300, 0.855988
0.261400, 0.856159
0.261500, 0.856302
0.261600, 0.856464
0.261700, 0.856615
0.261800, 0.856781
0.261900, 0.856943
0.262000, 0.857088
0.262100, 0.857258
0.262200, 0.857414
0.262300, 0.857582
0.262400, 0.857729
0.262500, 0.857903
0.262600, 0.858049
0.262700, 0.858212
0.262800, 0.858347
0.262900, 0.858509
0.263000, 0.858665
0.263100, 0.858829
0.263200, 0.858988
0.263300, 0.859140
0.263400, 0.859310
0.263500, 0.859446
0.263600, 0.859615
0.263700, 0.859772
0.263800, 0.859911
0.263900, 0.860088
0.264000, 0.860231
0.264100, 0.860397
0.264200, 0.860542
0.264300, 0.860708
0.264400, 0.860861
0.264500, 0.861008
0.264600, 0.861177
0.264700, 0.861315
0.264800, 0.861471
0.264900, 0.861624
0.265000, 0.861790
0.265100, 0.861938
0.265200, 0.862083
0.265300, 0.862242
0.265400, 0.862392
0.265500, 0.862551
0.265600, 0.862709
0.265700, 0.862835
0.265800, 0.862991
0.265900, 0.863161
0.266000, 0.863319
0.266100, 0.863472
0.266200, 0.863625
0.266300, 0.863773
0.266400, 0.863922
0.266500, 0.864082
0.266600, 0.864220
0.266700, 0.864363
0.266800, 0.864521
0.266900, 0.864689
0.267000, 0.864836
0.267100, 0.864981
0.267200, 0.865124
0.267300, 0.865284
0.267400, 0.865433
0.267500, 0.865574
0.267600, 0.865726
0.267700, 0.865883
0.267800, 0.866030
0.267900, 0.866179
0.268000, 0.866337
0.268100, 0.866470
0.268200, 0.866634
0.268300, 0.866779
0.268400, 0.866936
0.268500, 0.867081
0.268600, 0.867220
0.268700, 0.867373
0.268800, 0.867519
0.268900, 0.867666
0.269000, 0.867821
0.269100, 0.867975
0.269200, 0.868111
0.269300, 0.868271
0.269400, 0.868418
0.269500, 0.868557
0.269600, 0.868698
0.269700, 0.868851
0.269800, 0.869007
0.269900, 0.869144
0.270000, 0.869295
0.270100, 0.869436
0.270200, 0.869587
0.270300, 0.869736
0.270400, 0.869869
0.270500, 0.870028
0.270600, 0.870182
0.270700, 0.870319
0.270800, 0.870451
0.270900, 0.870609
0.271000, 0.870747
0.271100, 0.870905
0.271200, 0.871050
0.271300, 0.871195
0.271400, 0.871323
0.271500, 0.871473
0.271600, 0.871618
0.271700, 0.871744
0.271800, 0.871904
0.271900, 0.872053
0.272000, 0.872192
0.272100, 0.872349
0.272200, 0.872492
0.272300, 0.872643
0.272400, 0.872784
0.272500, 0.872913
0.272600, 0.873053
0.272700, 0.873211
0.272800, 0.873344
0.272900, 0.873493
0.273000, 0.873646
0.273100, 0.873781
0.273200, 0.873922
0.273300, 0.874071
0.273400, 0.874214
0.273500, 0.874361
0.273600, 0.874491
0.273700, 0.874641
0.273800, 0.874777
0.273900, 0.874908
0.274000, 0.875065
0.274100, 0.875189
0.274200, 0.875324
0.274300, 0.875484
0.274400, 0.875612
0.274500, 0.875771
0.274600, 0.875910
0.274700, 0.876043
0.274800, 0.876183
0.274900, 0.876324
0.275000, 0.876472
0.275100, 0.876602
0.275200, 0.876728
0.275300, 0.876896
0.275400, 0.877012
0.275500, 0.877171
0.275600, 0.877296
0.275700, 0.877449
0.275800, 0.877573
0.275900, 0.877724
0.276000, 0.877851
0.276100, 0.877989
0.276200, 0.878145
0.276300, 0.878271
0.276400, 0.878422
0.276500, 0.878550
0.276600, 0.878695
0.276700, 0.878817
0.276800, 0.878958
0.276900, 0.879112
0.277000, 0.879230
0.277100, 0.879396
0.277200, 0.879517
0.277300, 0.879663
0.277400, 0.879795
0.277500, 0.879923
0.277600, 0.880062
0.277700, 0.880192
0.277800, 0.880341
0.277900, 0.880459
0.278000, 0.880594
0.278100, 0.880741
0.278200, 0.880886
0.278300, 0.881006
0.278400, 0.881138
0.278500, 0.881283
0.278600, 0.881424
0.278700, 0.881554
0.278800, 0.881695
0.278900, 0.881834
0.279000, 0.881981
0.279100, 0.882090
0.279200, 0.882240
0.279300, 0.882370
0.279400, 0.882504
0.279500, 0.882650
0.279600, 0.882759
0.279700, 0.882900
0.279800, 0.883034
0.279900, 0.883173
0.280000, 0.883316
0.280100, 0.883446
0.280200, 0.883566
0.280300, 0.883705
0.280400, 0.883831
0.280500, 0.883972
0.280600, 0.884098
0.280700, 0.884235
0.280800, 0.884369
0.280900, 0.884508
0.281000, 0.884647
0.281100, 0.884758
0.281200, 0.884912
0.281300, 0.885054
0.281400, 0.885157
0.281500, 0.885294
0.281600, 0.885426
0.281700, 0.885544
0.281800, 0.885693
0.281900, 0.885832
0.282000, 0.885946
0.282100, 0.886095
0.282200, 0.886211
0.282300, 0.886333
0.282400, 0.886486
0.282500, 0.886599
0.282600, 0.886726
0.282700, 0.886879
0.282800, 0.886992
0.282900, 0.887135
0.283000, 0.887251
0.283100, 0.887390
0.283200, 0.887524
0.283300, 0.887646
0.283400, 0.887760
0.283500, 0.887909
0.283600, 0.888031
0.283700, 0.888166
0.283800, 0.888302
0.283900, 0.888418
0.284000, 0.888565
0.284100, 0.888689
0.284200, 0.888794
0.284300, 0.888933
0.284400, 0.889057
0.284500, 0.889187
0.284600, 0.889317
0.284700, 0.889450
0.284800, 0.889580
0.284900, 0.889709
0.285000, 0.889828
0.285100, 0.889965
0.285200, 0.890087
0.285300, 0.890228
0.285400, 0.890333
0.285500, 0.890463
0.285600, 0.890596
0.285700, 0.890720
0.285800, 0.890865
0.285900, 0.890982
0.286000, 0.891096
0.286100, 0.891218
0.286200, 0.891350
0.286300, 0.891464
0.286400, 0.891617
0.286500, 0.891729
0.286600, 0.891861
0.286700, 0.891994
0.286800, 0.892109
0.286900, 0.892229
0.287000, 0.892355
0.287100, 0.892498
0.287200, 0.892612
0.287300, 0.892733
0.287400, 0.892866
0.287500, 0.892982
0.287600, 0.893106
0.287700, 0.893232
0.287800, 0.893358
0.287900, 0.893475
0.288000, 0.893583
0.288100, 0.893726
0.288200, 0.893848
0.288300, 0.893959
0.288400, 0.894083
0.288500, 0.894207
0.288600, 0.894344
0.288700, 0.894466
0.288800, 0.894588
0.288900, 0.894711
0.289000, 0.894833
0.289100, 0.894962
0.289200, 0.895060
0.289300, 0.895203
0.289400, 0.895344
0.289500, 0.895454
0.289600, 0.895569
0.289700, 0.895689
0.289800, 0.895823
0.289900, 0.895945
0.290000, 0.896061
0.290100, 0.896177
0.290200, 0.896301
0.290300, 0.896414
0.290400, 0.896538
0.290500, 0.896650
0.290600, 0.896791
0.290700, 0.896917
0.290800, 0.897018
0.290900, 0.897141
0.291000, 0.897264
0.291100, 0.897385
0.291200, 0.897514
0.291300, 0.897623
0.291400, 0.897736
0.291500, 0.897873
0.291600, 0.897995
0.291700, 0.898108
0.291800, 0.898235
0.291900, 0.898352
0.292000, 0.898464
0.292100, 0.898588
0.292200, 0.898699
0.292300, 0.898819
0.292400, 0.898947
0.292500, 0.899059
0.292600, 0.899174
0.292700, 0.899307
0.292800, 0.899410
0.292900, 0.899534
0.293000, 0.899652
0.293100, 0.899778
0.293200, 0.899885
0.293300, 0.899998
0.293400, 0.900135
0.293500, 0.900229
0.293600, 0.900358
0.293700, 0.900490
0.293800, 0.900602
0.293900, 0.900713
0.294000, 0.900820
0.294100, 0.900940
0.294200, 0.901066
0.294300, 0.901184
0.294400, 0.901302
0.294500, 0.901434
0.294600, 0.901543
0.294700, 0.901644
0.294800, 0.901760
0.294900, 0.901890
0.295000, 0.901989
0.295100, 0.902113
0.295200, 0.902231
0.295300, 0.902330
0.295400, 0.902462
0.295500, 0.902588
0.295600, 0.902693
0.295700, 0.902800
0.295800, 0.902927
0.295900, 0.903017
0.296000, 0.903151
0.296100, 0.903263
0.296200, 0.903387
0.296300, 0.903494
0.296400, 0.903612
0.296500, 0.903728
0.296600, 0.903837
0.296700, 0.903948
0.296800, 0.904064
0.296900, 0.904182
0.297000, 0.904305
0.297100, 0.904415
0.297200, 0.904526
0.297300, 0.904636
0.297400, 0.904757
0.297500, 0.904856
0.297600, 0.904974
0.297700, 0.905085
0.297800, 0.905197
0.297900, 0.905308
0.298000, 0.905422
0.298100, 0.905539
0.298200, 0.905663
0.298300, 0.905767
0.298400, 0.905870
0.298500, 0.905983
0.298600, 0.906092
0.298700, 0.906219
0.298800, 0.906313
0.298900, 0.906431
0.299000, 0.906551
0.299100, 0.906666
0.299200, 0.906771
0.299300, 0.906895
0.299400, 0.906998
0.299500, 0.907108
0.299600, 0.907223
0.299700, 0.907324
0.299800, 0.907434
0.299900, 0.907547
0.300000, 0.907658
0.300100, 0.907791
0.300200, 0.907887
0.300300, 0.907993
0.300400, 0.908087
0.300500, 0.908195
0.300600, 0.908325
0.300700, 0.908432
0.300800, 0.908529
0.300900, 0.908651
0.301000, 0.908764
0.301100, 0.908869
0.301200, 0.908974
0.301300, 0.909096
0.301400, 0.909182
0.301500, 0.909296
0.301600, 0.909416
0.301700, 0.909531
0.301800, 0.909616
0.301900, 0.909746
0.302000, 0.909857
0.302100, 0.909950
0.302200, 0.910061
0.302300, 0.910160
0.302400, 0.910288
0.302500, 0.910397
0.302600, 0.910511
0.302700, 0.910606
0.302800, 0.910717
0.302900, 0.910828
0.303000, 0.910927
0.303100, 0.911043
0.303200, 0.911144
0.303300, 0.911242
0.303400, 0.911366
0.303500, 0.911461
0.303600, 0.911581
0.303700, 0.911694
0.303800, 0.911783
0.303900, 0.911886
0.304000, 0.912006
0.304100, 0.912125
0.304200, 0.912203
0.304300, 0.912333
0.304400, 0.912413
0.304500, 0.912537
0.304600, 0.912640
0.304700, 0.912739
0.304800, 0.912846
0.304900, 0.912964
0.305000, 0.913059
0.305100, 0.913168
0.305200, 0.913280
0.305300, 0.913372
0.305400, 0.913492
0.305500, 0.913589
0.305600, 0.913687
0.305700, 0.913795
0.305800, 0.913895
0.305900, 0.913998
0.306000, 0.914101
0.306100, 0.914217
0.306200, 0.914331
0.306300, 0.914425
0.306400, 0.914520
0.306500, 0.914623
0.306600, 0.914724
0.306700, 0.914839
0.306800, 0.914940
0.306900, 0.915047
0.307000, 0.915146
0.307100, 0.915251
0.307200, 0.915377
0.307300, 0.915466
0.307400, 0.915567
0.307500, 0.915672
0.307600, 0.915771
0.307700, 0.915869
0.307800, 0.915960
0.307900, 0.916075
0.308000, 0.916172
0.308100, 0.916279
0.308200, 0.916384
0.308300, 0.916485
0.308400, 0.916595
0.308500, 0.916689
0.308600, 0.916807
0.308700, 0.916891
0.308800, 0.916996
0.308900, 0.917107
0.309000, 0.917210
0.309100, 0.917305
0.309200, 0.917416
0.309300, 0.917503
0.309400, 0.917608
0.309500, 0.917717
0.309600, 0.917816
0.309700, 0.917915
0.309800, 0.918022
0.309900, 0.918123
0.310000, 0.918207
0.310100, 0.918320
0.310200, 0.918427
0.310300, 0.918507
0.310400, 0.918621
0.310500, 0.918715
0.310600, 0.918816
0.310700, 0.918922
0.310800, 0.919010
0.310900, 0.919117
0.311000, 0.919201
0.311100, 0.919310
0.311200, 0.919413
0.311300, 0.919502
0.311400, 0.919619
0.311500, 0.919712
0.311600, 0.919811
0.311700, 0.919909
0.311800, 0.920013
0.311900, 0.920107
0.312000, 0.920208
0.312100, 0.920305
0.312200, 0.920397
0.312300, 0.920502
0.312400, 0.920612
0.312500, 0.920694
0.312600, 0.920801
0.312700, 0.920891
0.312800, 0.920994
0.312900, 0.921093
0.313000, 0.921185
0.313100, 0.921286
0.313200, 0.921375
0.313300, 0.921490
0.313400, 0.921587
0.313500, 0.921692
0.313600, 0.921783
0.313700, 0.921860
0.313800, 0.921978
0.313900, 0.922062
0.314000, 0.922159
0.314100, 0.922262
0.314200, 0.922356
0.314300, 0.922447
0.314400, 0.922554
0.314500, 0.922634
0.314600, 0.922756
0.314700, 0.922844
0.314800, 0.922930
0.314900, 0.923042
0.315000, 0.923126
0.315100, 0.923237
0.315200, 0.923334
0.315300, 0.923407
0.315400, 0.923512
0.315500, 0.923607
0.315600, 0.923685
0.315700, 0.923798
0.315800, 0.923897
0.315900, 0.923988
0.316000, 0.924070
0.316100, 0.924183
0.316200, 0.924259
0.316300, 0.924362
0.316400, 0.924465
0.316500, 0.924561
0.316600, 0.924662
0.316700, 0.924749
0.316800, 0.924839
0.316900, 0.924925
0.317000, 0.925030
0.317100, 0.925106
0.317200, 0.925220
0.317300, 0.925306
0.317400, 0.925388
0.317500, 0.925484
0.317600, 0.925596
0.317700, 0.925699
0.317800, 0.925781
0.317900, 0.925884
0.318000, 0.925964
0.318100, 0.926060
0.318200, 0.926142
0.318300, 0.926247
0.318400, 0.926353
0.318500, 0.926428
0.318600, 0.926533
0.318700, 0.926619
0.318800, 0.926725
0.318900, 0.926804
0.319000, 0.926888
0.319100, 0.926991
0.319200, 0.927080
0.319300, 0.927189
0.319400, 0.927269
0.319500, 0.927357
0.319600, 0.927448
0.319700, 0.927540
0.319800, 0.927622
0.319900, 0.927723
0.320000, 0.927826
0.320100, 0.927900
0.320200, 0.928001
0.320300, 0.928078
0.320400, 0.928183
0.320500, 0.928268
0.320600, 0.928368
0.320700, 0.928453
0.320800, 0.928545
0.320900, 0.928637
0.321000, 0.928726
0.321100, 0.928825
0.321200, 0.928909
0.321300, 0.929003
0.321400, 0.929092
0.321500, 0.929173
0.321600, 0.929274
0.321700, 0.929365
0.321800, 0.929441
0.321900, 0.929543
0.322000, 0.929628
0.322100, 0.929707
0.322200, 0.929813
0.322300, 0.929886
0.322400, 0.929970
0.322500, 0.930063
0.322600, 0.930157
0.322700, 0.930252
0.322800, 0.930347
0.322900, 0.930443
0.323000, 0.930519
0.323100, 0.930605
0.323200, 0.930710
0.323300, 0.930786
0.323400, 0.930870
0.323500, 0.930962
0.323600, 0.931040
0.323700, 0.931143
0.323800, 0.931219
0.323900, 0.931314
0.324000, 0.931402
0.324100, 0.931505
0.324200, 0.931581
0.324300, 0.931675
0.324400, 0.931759
0.324500, 0.931831
0.324600, 0.931940
0.324700, 0.932026
0.324800, 0.932116
0.324900, 0.932199
0.325000, 0.932278
0.325100, 0.932371
0.325200, 0.932461
0.325300, 0.932533
0.325400, 0.932646
0.325500, 0.932724
0.325600, 0.932802
0.325700, 0.932888
0.325800, 0.932976
0.325900, 0.933073
0.326000, 0.933157
0.326100, 0.933249
0.326200, 0.933329
0.326300, 0.933422
0.326400, 0.933489
0.326500, 0.933575
0.326600, 0.933666
0.326700, 0.933769
0.326800, 0.933840
0.326900, 0.933928
0.327000, 0.934011
0.327100, 0.934090
0.327200, 0.934185
0.327300, 0.934265
0.327400, 0.934347
0.327500, 0.934446
0.327600, 0.934532
0.327700, 0.934622
0.327800, 0.934700
0.327900, 0.934790
0.328000, 0.934866
0.328100, 0.934967
0.328200, 0.935041
0.328300, 0.935122
0.328400, 0.935213
0.328500, 0.935284
0.328600, 0.935379
0.328700, 0.935463
0.328800, 0.935555
0.328900, 0.935619
0.329000, 0.935711
0.329100, 0.935795
0.329200, 0.935883
0.329300, 0.935970
0.329400, 0.936047
0.329500, 0.936123
0.329600, 0.936228
0.329700, 0.936306
0.329800, 0.936377
0.329900, 0.936462
0.330000, 0.936543
0.330100, 0.936621
0.330200, 0.936726
0.330300, 0.936787
0.330400, 0.936878
0.330500, 0.936966
0.330600, 0.937052
0.330700, 0.937134
0.330800, 0.937206
0.330900, 0.937284
0.331000, 0.937386
0.331100, 0.937443
0.331200, 0.937546
0.331300, 0.937630
0.331400, 0.937712
0.331500, 0.937782
0.331600, 0.937866
0.331700, 0.937954
0.331800, 0.938021
0.331900, 0.938122
0.332000, 0.938206
0.332100, 0.938274
0.332200, 0.938364
0.332300, 0.938446
0.332400, 0.938522
0.332500, 0.938604
0.332600, 0.938683
0.332700, 0.938745
0.332800, 0.938848
0.332900, 0.938942
0.333000, 0.938995
0.333100, 0.939089
0.333200, 0.939163
0.333300, 0.939240
0.333400, 0.939331
0.333500, 0.939402
0.333600, 0.939497
0.333700, 0.939560
0.333800, 0.939653
0.333900, 0.939728
0.334000, 0.939806
0.334100, 0.939896
0.334200, 0.939966
0.334300, 0.940058
0.334400, 0.940126
0.334500, 0.940212
0.334600, 0.940285
0.334700, 0.940392
0.334800, 0.940435
0.334900, 0.940525
0.335000, 0.940615
0.335100, 0.940681
0.335200, 0.940781
0.335300, 0.940866
0.335400, 0.940926
0.335500, 0.941006
0.335600, 0.941090
0.335700, 0.941162
0.335800, 0.941254
0.335900, 0.941326
0.336000, 0.941401
0.336100, 0.941471
0.336200, 0.941570
0.336300, 0.941637
0.336400, 0.941715
0.336500, 0.941795
0.336600, 0.941870
0.336700, 0.941942
0.336800, 0.942022
0.336900, 0.942108
0.337000, 0.942171
0.337100, 0.942253
0.337200, 0.942331
0.337300, 0.942413
0.337400, 0.942486
0.337500, 0.942577
0.337600, 0.942644
0.337700, 0.942715
0.337800, 0.942802
0.337900, 0.942881
0.338000, 0.942966
0.338100, 0.943035
0.338200, 0.943104
0.338300, 0.943180
0.338400, 0.943270
0.338500, 0.943340
0.338600, 0.943407
0.338700, 0.943502
0.338800, 0.943571
0.338900, 0.943653
0.339000, 0.943729
0.339100, 0.943789
0.339200, 0.943867
0.339300, 0.943956
0.339400, 0.944027
0.339500, 0.944098
0.339600, 0.944174
0.339700, 0.944252
0.339800, 0.944321
0.339900, 0.944412
0.340000, 0.944477
0.340100, 0.944550
0.340200, 0.944632
0.340300, 0.944721
0.340400, 0.944790
0.340500, 0.944853
0.340600, 0.944927
0.340700, 0.945005
0.340800, 0.945099
0.340900, 0.945152
0.341000, 0.945225
0.341100, 0.945312
0.341200, 0.945389
0.341300, 0.945446
0.341400, 0.945518
0.341500, 0.945621
0.341600, 0.945679
0.341700, 0.945755
0.341800, 0.945833
0.341900, 0.945904
0.342000, 0.945976
0.342100, 0.946053
0.342200, 0.946125
0.342300, 0.946209
0.342400, 0.946266
0.342500, 0.946350
0.342600, 0.946430
0.342700, 0.946499
0.342800, 0.946566
0.342900, 0.946625
0.343000, 0.946732
0.343100, 0.946779
0.343200, 0.946869
0.343300, 0.946941
0.343400, 0.947002
0.343500, 0.947088
0.343600, 0.947147
0.343700, 0.947224
0.343800, 0.947292
0.343900, 0.947386
0.344000, 0.947445
0.344100, 0.947510
0.344200, 0.947580
0.344300, 0.947662
0.344400, 0.947746
0.344500, 0.947807
0.344600, 0.947878
0.344700, 0.947950
0.344800, 0.948025
0.344900, 0.948093
0.345000, 0.948172
0.345100, 0.948248
0.345200, 0.948324
0.345300, 0.948393
0.345400, 0.948460
0.345500, 0.948536
0.345600, 0.948612
0.345700, 0.948669
0.345800, 0.948746
0.345900, 0.948812
0.346000, 0.948895
0.346100, 0.948963
0.346200, 0.949022
0.346300, 0.949100
0.346400, 0.949177
0.346500, 0.949261
0.346600, 0.949301
0.346700, 0.949379
0.346800, 0.949455
0.346900, 0.949528
0.347000, 0.949598
0.347100, 0.949669
0.347200, 0.949734
0.347300, 0.949816
0.347400, 0.949875
0.347500, 0.949947
0.347600, 0.950031
0.347700, 0.950089
0.347800, 0.950150
0.347900, 0.950218
0.348000, 0.950291
0.348100, 0.950352
0.348200, 0.950447
0.348300, 0.950506
0.348400, 0.950579
0.348500, 0.950640
0.348600, 0.950735
0.348700, 0.950796
0.348800, 0.950855
0.348900, 0.950932
0.349000, 0.950989
0.349100, 0.951069
0.349200, 0.951141
0.349300, 0.951210
0.349400, 0.951267
0.349500, 0.951324
0.349600, 0.951401
0.349700, 0.951473
0.349800, 0.951555
0.349900, 0.951614
0.350000, 0.951672
0.350100, 0.951742
0.350200, 0.951824
0.350300, 0.951878
0.350400, 0.951971
0.350500, 0.952036
0.350600, 0.952095
0.350700, 0.952154
0.350800, 0.952244
0.350900, 0.952293
0.351000, 0.952381
0.351100, 0.952423
0.351200, 0.952499
0.351300, 0.952557
0.351400, 0.952644
0.351500, 0.952717
0.351600, 0.952772
0.351700, 0.952841
0.351800, 0.952902
0.351900, 0.952982
0.352000, 0.953047
0.352100, 0.953100
0.352200, 0.953169
0.352300, 0.953253
0.352400, 0.953291
0.352500, 0.953381
0.352600, 0.953455
0.352700, 0.953497
0.352800, 0.953581
0.352900, 0.953634
0.353000, 0.953705
0.353100, 0.953787
0.353200, 0.953852
0.353300, 0.953909
0.353400, 0.953993
0.353500, 0.954025
0.353600, 0.954086
0.353700, 0.954166
0.353800, 0.954237
0.353900, 0.954313
0.354000, 0.954367
0.354100, 0.954441
0.354200, 0.954498
0.354300, 0.954567
0.354400, 0.954626
0.354500, 0.954700
0.354600, 0.954737
0.354700, 0.954830
0.354800, 0.954903
0.354900, 0.954950
0.355000, 0.955025
0.355100, 0.955097
0.355200, 0.955153
0.355300, 0.955227
0.355400, 0.955284
0.355500, 0.955359
0.355600, 0.955427
0.355700, 0.955482
0.355800, 0.955547
0.355900, 0.955608
0.356000, 0.955673
0.356100, 0.955734
0.356200, 0.955799
0.356300, 0.955873
0.356400, 0.955938
0.356500, 0.955990
0.356600, 0.956043
0.356700, 0.956137
0.356800, 0.956173
0.356900, 0.956251
0.357000, 0.956303
0.357100, 0.956356
0.357200, 0.956436
0.357300, 0.956501
0.357400, 0.956573
0.357500, 0.956636
0.357600, 0.956697
0.357700, 0.956758
0.357800, 0.956825
0.357900, 0.956888
0.358000, 0.956944
0.358100, 0.957027
0.358200, 0.957081
0.358300, 0.957138
0.358400, 0.957195
0.358500, 0.957264
0.358600, 0.957333
0.358700, 0.957392
0.358800, 0.957455
0.358900, 0.957508
0.359000, 0.957592
0.359100, 0.957645
0.359200, 0.957708
0.359300, 0.957750
0.359400, 0.957840
0.359500, 0.957891
0.359600, 0.957956
0.359700, 0.958008
0.359800, 0.958071
0.359900, 0.958139
0.360000, 0.958206
0.360100, 0.958267
0.360200, 0.958323
0.360300, 0.958395
0.360400, 0.958443
0.360500, 0.958517
0.360600, 0.958584
0.360700, 0.958641
0.360800, 0.958694
0.360900, 0.958763
0.361000, 0.958824
0.361100, 0.958885
0.361200, 0.958939
0.361300, 0.959015
0.361400, 0.959045
0.361500, 0.959122
0.361600, 0.959171
0.361700, 0.959248
0.361800, 0.959312
0.361900, 0.959358
0.362000, 0.959442
0.362100, 0.959488
0.362200, 0.959538
0.362300, 0.959608
0.362400, 0.959669
0.362500, 0.959719
0.362600, 0.959789
0.362700, 0.959850
0.362800, 0.959904
0.362900, 0.959980
0.363000, 0.960030
0.363100, 0.960098
0.363200, 0.960138
0.363300, 0.960211
0.363400, 0.960278
0.363500, 0.960335
0.363600, 0.960390
0.363700, 0.960451
0.363800, 0.960508
0.363900, 0.960569
0.364000, 0.960623
0.364100, 0.960686
0.364200, 0.960732
0.364300, 0.960817
0.364400, 0.960861
0.364500, 0.960920
0.364600, 0.960983
0.364700, 0.961033
0.364800, 0.961098
0.364900, 0.961157
0.365000, 0.961216
0.365100, 0.961279
0.365200, 0.961332
0.365300, 0.961399
0.365400, 0.961458
0.365500, 0.961510
0.365600, 0.961573
0.365700, 0.961643
0.365800, 0.961693
0.365900, 0.961750
0.366000, 0.961805
0.366100, 0.961859
0.366200, 0.961922
0.366300, 0.961969
0.366400, 0.962040
0.366500, 0.962105
0.366600, 0.962143
0.366700, 0.962212
0.366800, 0.962265
0.366900, 0.962330
0.367000, 0.962385
0.367100, 0.962454
0.367200, 0.962488
0.367300, 0.962566
0.367400, 0.962624
0.367500, 0.962677
0.367600, 0.962713
0.367700, 0.962786
0.367800, 0.962835
0.367900, 0.962894
0.368000, 0.962954
0.368100, 0.963011
0.368200, 0.963062
0.368300, 0.963131
0.368400, 0.963186
0.368500, 0.963243
0.368600, 0.963303
0.368700, 0.963341
0.368800, 0.963413
0.368900, 0.963469
0.369000, 0.963531
0.369100, 0.963577
0.369200, 0.963629
0.369300, 0.963686
0.369400, 0.963737
0.369500, 0.963799
0.369600, 0.963852
0.369700, 0.963907
0.369800, 0.963974
0.369900, 0.964025
0.370000, 0.964075
0.370100, 0.964144
0.370200, 0.964191
0.370300, 0.964251
0.370400, 0.964302
0.370500, 0.964342
0.370600, 0.964417
0.370700, 0.964478
0.370800, 0.964525
0.370900, 0.964588
0.371000, 0.964638
0.371100, 0.964699
0.371200, 0.964741
0.371300, 0.964798
0.371400, 0.964874
0.371500, 0.964912
0.371600, 0.964968
0.371700, 0.965021
0.371800, 0.965076
0.371900, 0.965130
0.372000, 0.965178
0.372100, 0.965252
0.372200, 0.965294
0.372300, 0.965340
0.372400, 0.965395
0.372500, 0.965450
0.372600, 0.965508
0.372700, 0.965557
0.372800, 0.965630
0.372900, 0.965679
0.373000, 0.965717
0.373100, 0.965786
0.373200, 0.965828
0.373300, 0.965883
0.373400, 0.965942
0.373500, 0.965992
0.373600, 0.966049
0.373700, 0.966103
0.373800, 0.966148
0.373900, 0.966211
0.374000, 0.966267
0.374100, 0.966318
0.374200, 0.966370
0.374300, 0.966417
0.374400, 0.966480
0.374500, 0.966537
0.374600, 0.966560
0.374700, 0.966648
0.374800, 0.966690
0.374900, 0.966743
0.375000, 0.966799
0.375100, 0.966850
0.375200, 0.966894
0.375300, 0.966946
0.375400, 0.967014
0.375500, 0.967054
0.375600, 0.967112
0.375700, 0.967167
0.375800, 0.967205
0.375900, 0.967260
0.376000, 0.967312
0.376100, 0.967373
0.376200, 0.967428
0.376300, 0.967468
0.376400, 0.967545
0.376500, 0.967585
0.376600, 0.967642
0.376700, 0.967693
0.376800, 0.967730
0.376900, 0.967785
0.377000, 0.967838
0.377100, 0.967886
0.377200, 0.967936
0.377300, 0.967993
0.377400, 0.968052
0.377500, 0.968094
0.377600, 0.968161
0.377700, 0.968201
0.377800, 0.968248
0.377900, 0.968279
0.378000, 0.968353
0.378100, 0.968399
0.378200, 0.968452
0.378300, 0.968496
0.378400, 0.968563
0.378500, 0.968613
0.378600, 0.968666
0.378700, 0.968710
0.378800, 0.968767
0.378900, 0.968803
0.379000, 0.968861
0.379100, 0.968931
0.379200, 0.968966
0.379300, 0.969007
0.379400, 0.969065
0.379500, 0.969118
0.379600, 0.969166
0.379700, 0.969223
0.379800, 0.969259
0.379900, 0.969303
0.380000, 0.969372
0.380100, 0.969418
0.380200, 0.969471
0.380300, 0.969511
0.380400, 0.969559
0.380500, 0.969614
0.380600, 0.969667
0.380700, 0.969707
0.380800, 0.969767
0.380900, 0.969797
0.381000, 0.969831
0.381100, 0.969904
0.381200, 0.969954
0.381300, 0.970005
0.381400, 0.970064
0.381500, 0.970110
0.381600, 0.970165
0.381700, 0.970205
0.381800, 0.970242
0.381900, 0.970303
0.382000, 0.970343
0.382100, 0.970407
0.382200, 0.970440
0.382300, 0.970484
0.382400, 0.970545
0.382500, 0.970594
0.382600, 0.970642
0.382700, 0.970678
0.382800, 0.970734
0.382900, 0.970798
0.383000, 0.970839
0.383100, 0.970881
0.383200, 0.970932
0.383300, 0.970974
0.383400, 0.971020
0.383500, 0.971083
0.383600, 0.971113
0.383700, 0.971167
0.383800, 0.971230
0.383900, 0.971272
0.384000, 0.971310
0.384100, 0.971355
0.384200, 0.971403
0.384300, 0.971453
0.384400, 0.971502
0.384500, 0.971552
0.384600, 0.971590
0.384700, 0.971640
0.384800, 0.971687
0.384900, 0.971743
0.385000, 0.971775
0.385100, 0.971844
0.385200, 0.971876
0.385300, 0.971922
0.385400, 0.971970
0.385500, 0.972023
0.385600, 0.972061
0.385700, 0.972126
0.385800, 0.972164
0.385900, 0.972200
0.386000, 0.972265
0.386100, 0.972292
0.386200, 0.972338
0.386300, 0.972374
0.386400, 0.972443
0.386500, 0.972496
0.386600, 0.972538
0.386700, 0.972595
0.386800, 0.972610
0.386900, 0.972664
0.387000, 0.972715
0.387100, 0.972763
0.387200, 0.972805
0.387300, 0.972845
0.387400, 0.972902
0.387500, 0.972944
0.387600, 0.972986
0.387700, 0.973030
0.387800, 0.973083
0.387900, 0.973129
0.388000, 0.973177
0.388100, 0.973217
0.388200, 0.973253
0.388300, 0.973314
0.388400, 0.973360
0.388500, 0.973408
0.388600, 0.973448
0.388700, 0.973505
0.388800, 0.973543
0.388900, 0.973583
0.389000, 0.973616
0.389100, 0.973677
0.389200, 0.973705
0.389300, 0.973759
0.389400, 0.973801
0.389500, 0.973843
0.389600, 0.973907
0.389700, 0.973934
0.389800, 0.973976
0.389900, 0.974014
0.390000, 0.974064
0.390100, 0.974112
0.390200, 0.974152
0.390300, 0.974207
0.390400, 0.974251
0.390500, 0.974285
0.390600, 0.974344
0.390700, 0.974377
0.390800, 0.974409
0.390900, 0.974453
0.391000, 0.974518
0.391100, 0.974562
0.391200, 0.974606
0.391300, 0.974636
0.391400, 0.974695
0.391500, 0.974735
0.391600, 0.974787
0.391700, 0.974798
0.391800, 0.974865
0.391900, 0.974895
0.392000, 0.974926
0.392100, 0.974989
0.392200, 0.975037
0.392300, 0.975090
0.392400, 0.975124
0.392500, 0.975163
0.392600, 0.975214
0.392700, 0.975248
0.392800, 0.975285
0.392900, 0.975336
0.393000, 0.975370
0.393100, 0.975403
0.393200, 0.975466
0.393300, 0.975519
0.393400, 0.975538
0.393500, 0.975574
0.393600, 0.975622
0.393700, 0.975649
0.393800, 0.975706
0.393900, 0.975754
0.394000, 0.975811
0.394100, 0.975842
0.394200, 0.975882
0.394300, 0.975937
0.394400, 0.975979
0.394500, 0.976006
0.394600, 0.976055
0.394700, 0.976089
0.394800, 0.976128
0.394900, 0.976168
0.395000, 0.976215
0.395100, 0.976255
0.395200, 0.976303
0.395300, 0.976351
0.395400, 0.976379
0.395500, 0.976433
0.395600, 0.976475
0.395700, 0.976509
0.395800, 0.976555
0.395900, 0.976585
0.396000, 0.976633
0.396100, 0.976671
0.396200, 0.976723
0.396300, 0.976772
0.396400, 0.976791
0.396500, 0.976833
0.396600, 0.976875
0.396700, 0.976913
0.396800, 0.976955
0.396900, 0.976994
0.397000, 0.977037
0.397100, 0.977077
0.397200, 0.977119
0.397300, 0.977160
0.397400, 0.977213
0.397500, 0.977240
0.397600, 0.977283
0.397700, 0.977322
0.397800, 0.977356
0.397900, 0.977404
0.398000, 0.977444
0.398100, 0.977476
0.398200, 0.977514
0.398300, 0.977558
0.398400, 0.977602
0.398500, 0.977638
0.398600, 0.977680
0.398700, 0.977730
0.398800, 0.977758
0.398900, 0.977808
0.399000, 0.977837
0.399100, 0.977877
0.399200, 0.977917
0.399300, 0.977955
0.399400, 0.978008
0.399500, 0.978039
0.399600, 0.978077
0.399700, 0.978115
0.399800, 0.978148
0.399900, 0.978203
0.400000, 0.978226
0.400100, 0.978283
0.400200, 0.978310
0.400300, 0.978350
0.400400, 0.978388
0.400500, 0.978432
0.400600, 0.978464
0.400700, 0.978523
0.400800, 0.978539
0.400900, 0.978596
0.401000, 0.978624
0.401100, 0.978655
0.401200, 0.978687
0.401300, 0.978735
0.401400, 0.978773
0.401500, 0.978809
0.401600, 0.978857
0.401700, 0.978891
0.401800, 0.978922
0.401900, 0.978968
0.402000, 0.978992
0.402100, 0.979057
0.402200, 0.979092
0.402300, 0.979116
0.402400, 0.979137
0.402500, 0.979187
0.402600, 0.979233
0.402700, 0.979252
0.402800, 0.979301
0.402900, 0.979355
0.403000, 0.979385
0.403100, 0.979425
0.403200, 0.979473
0.403300, 0.979496
0.403400, 0.979538
0.403500, 0.979557
0.403600, 0.979595
0.403700, 0.979641
0.403800, 0.979671
0.403900, 0.979706
0.404000, 0.979759
0.404100, 0.979782
0.404200, 0.979830
0.404300, 0.979858
0.404400, 0.979912
0.404500, 0.979942
0.404600, 0.979977
0.404700, 0.980009
0.404800, 0.980043
0.404900, 0.980076
0.405000, 0.980129
0.405100, 0.980158
0.405200, 0.980185
0.405300, 0.980221
0.405400, 0.980253
0.405500, 0.980299
0.405600, 0.980341
0.405700, 0.980371
0.405800, 0.980425
0.405900, 0.980446
0.406000, 0.980488
0.406100, 0.980526
0.406200, 0.980558
0.406300, 0.980600
0.406400, 0.980621
0.406500, 0.980688
0.406600, 0.980679
0.406700, 0.980724
0.406800, 0.980766
0.406900, 0.980808
0.407000, 0.980835
0.407100, 0.980869
0.407200, 0.980904
0.407300, 0.980940
0.407400, 0.980980
0.407500, 0.981003
0.407600, 0.981049
0.407700, 0.981070
0.407800, 0.981113
0.407900, 0.981155
0.408000, 0.981197
0.408100, 0.981237
0.408200, 0.981262
0.408300, 0.981295
0.408400, 0.981346
0.408500, 0.981352
0.408600, 0.981405
0.408700, 0.981445
0.408800, 0.981468
0.408900, 0.981506
0.409000, 0.981539
0.409100, 0.981583
0.409200, 0.981600
0.409300, 0.981630
0.409400, 0.981667
0.409500, 0.981701
0.409600, 0.981739
0.409700, 0.981770
0.409800, 0.981812
0.409900, 0.981846
0.410000, 0.981869
0.410100, 0.981907
0.410200, 0.981956
0.410300, 0.981977
0.410400, 0.982002
0.410500, 0.982040
0.410600, 0.982080
0.410700, 0.982128
0.410800, 0.982151
0.410900, 0.982185
0.411000, 0.982214
0.411100, 0.982235
0.411200, 0.982277
0.411300, 0.982317
0.411400, 0.982340
0.411500, 0.982395
0.411600, 0.982410
0.411700, 0.982458
0.411800, 0.982489
0.411900, 0.982523
0.412000, 0.982540
0.412100, 0.982588
0.412200, 0.982605
0.412300, 0.982653
0.412400, 0.982685
0.412500, 0.982710
0.412600, 0.982731
0.412700, 0.982777
0.412800, 0.982807
0.412900, 0.982853
0.413000, 0.982882
0.413100, 0.982914
0.413200, 0.982920
0.413300, 0.982973
0.413400, 0.983000
0.413500, 0.983042
0.413600, 0.983068
0.413700, 0.983101
0.413800, 0.983133
0.413900, 0.983158
0.414000, 0.983196
0.414100, 0.983221
0.414200, 0.983248
0.414300, 0.983307
0.414400, 0.983326
0.414500, 0.983353
0.414600, 0.983387
0.414700, 0.983416
0.414800, 0.983446
0.414900, 0.983475
0.415000, 0.983509
0.415100, 0.983551
0.415200, 0.983582
0.415300, 0.983601
0.415400, 0.983654
0.415500, 0.983669
0.415600, 0.983694
0.415700, 0.983738
0.415800, 0.983757
0.415900, 0.983786
0.416000, 0.983829
0.416100, 0.983862
0.416200, 0.983883
0.416300, 0.983921
0.416400, 0.983940
0.416500, 0.983982
0.416600, 0.984011
0.416700, 0.984039
0.416800, 0.984070
0.416900, 0.984123
0.417000, 0.984137
0.417100, 0.984179
0.417200, 0.984188
0.417300, 0.984226
0.417400, 0.984249
0.417500, 0.984291
0.417600, 0.984304
0.417700, 0.984346
0.417800, 0.984369
0.417900, 0.984409
0.418000, 0.984449
0.418100, 0.984474
0.418200, 0.984512
0.418300, 0.984531
0.418400, 0.984562
0.418500, 0.984596
0.418600, 0.984619
0.418700, 0.984653
0.418800, 0.984678
0.418900, 0.984715
0.419000, 0.984756
0.419100, 0.984766
0.419200, 0.984797
0.419300, 0.984812
0.419400, 0.984863
0.419500, 0.984879
0.419600, 0.984905
0.419700, 0.984940
0.419800, 0.984972
0.419900, 0.985003
0.420000, 0.985029
0.420100, 0.985058
0.420200, 0.985088
0.420300, 0.985121
0.420400, 0.985149
0.420500, 0.985182
0.420600, 0.985216
0.420700, 0.985226
0.420800, 0.985273
0.420900, 0.985300
0.421000, 0.985319
0.421100, 0.985350
0.421200, 0.985380
0.421300, 0.985415
0.421400, 0.985435
0.421500, 0.985456
0.421600, 0.985498
0.421700, 0.985523
0.421800, 0.985556
0.421900, 0.985580
0.422000, 0.985600
0.422100, 0.985634
0.422200, 0.985668
0.422300, 0.985704
0.422400, 0.985718
0.422500, 0.985758
0.422600, 0.985764
0.422700, 0.985809
0.422800, 0.985840
0.422900, 0.985859
0.423000, 0.985884
0.423100, 0.985914
0.423200, 0.985935
0.423300, 0.985970
0.423400, 0.985998
0.423500, 0.986034
0.423600, 0.986048
0.423700, 0.986074
0.423800, 0.986115
0.423900, 0.986141
0.424000, 0.986166
0.424100, 0.986183
0.424200, 0.986216
0.424300, 0.986248
0.424400, 0.986267
0.424500, 0.986305
0.424600, 0.986332
0.424700, 0.986349
0.424800, 0.986380
0.424900, 0.986416
0.425000, 0.986439
0.425100, 0.986465
0.425200, 0.986488
0.425300, 0.986500
0.425400, 0.986542
0.425500, 0.986572
0.425600, 0.986589
0.425700, 0.986635
0.425800, 0.986650
0.425900, 0.986675
0.426000, 0.986702
0.426100, 0.986717
0.426200, 0.986765
0.426300, 0.986786
0.426400, 0.986813
0.426500, 0.986849
0.426600, 0.986866
0.426700, 0.986900
0.426800, 0.986923
0.426900, 0.986938
0.427000, 0.986973
0.427100, 0.987007
0.427200, 0.987024
0.427300, 0.987041
0.427400, 0.987082
0.427500, 0.987101
0.427600, 0.987112
0.427700, 0.987143
0.427800, 0.987171
0.427900, 0.987194
0.428000, 0.987221
0.428100, 0.987253
0.428200, 0.987274
0.428300, 0.987309
0.428400, 0.987324
0.428500, 0.987352
0.428600, 0.987400
0.428700, 0.987415
0.428800, 0.987429
0.428900, 0.987463
0.429000, 0.987484
0.429100, 0.987503
0.429200, 0.987514
0.429300, 0.987556
0.429400, 0.987583
0.429500, 0.987604
0.429600, 0.987638
0.429700, 0.987658
0.429800, 0.987680
0.429900, 0.987713
0.430000, 0.987745
0.430100, 0.987755
0.430200, 0.987785
0.430300, 0.987812
0.430400, 0.987837
0.430500, 0.987850
0.430600, 0.987885
0.430700, 0.987904
0.430800, 0.987923
0.430900, 0.987961
0.431000, 0.987991
0.431100, 0.988003
0.431200, 0.988047
0.431300, 0.988052
0.431400, 0.988077
0.431500, 0.988089
0.431600, 0.988127
0.431700, 0.988163
0.431800, 0.988167
0.431900, 0.988190
0.432000, 0.988235
0.432100, 0.988237
0.432200, 0.988264
0.432300, 0.988291
0.432400, 0.988327
0.432500, 0.988331
0.432600, 0.988356
0.432700, 0.988384
0.432800, 0.988411
0.432900, 0.988445
0.433000, 0.988457
0.433100, 0.988485
0.433200, 0.988510
0.433300, 0.988529
0.433400, 0.988554
0.433500, 0.988565
0.433600, 0.988602
0.433700, 0.988609
0.433800, 0.988651
0.433900, 0.988682
0.434000, 0.988697
0.434100, 0.988720
0.434200, 0.988739
0.434300, 0.988770
0.434400, 0.988789
0.434500, 0.988813
0.434600, 0.988834
0.434700, 0.988869
0.434800, 0.988863
0.434900, 0.988899
0.435000, 0.988935
0.435100, 0.988941
0.435200, 0.988970
0.435300, 0.988987
0.435400, 0.989012
0.435500, 0.989040
0.435600, 0.989056
0.435700, 0.989094
0.435800, 0.989109
0.435900, 0.989128
0.436000, 0.989140
0.436100, 0.989189
0.436200, 0.989204
0.436300, 0.989208
0.436400, 0.989243
0.436500, 0.989262
0.436600, 0.989283
0.436700, 0.989315
0.436800, 0.989330
0.436900, 0.989355
0.437000, 0.989380
0.437100, 0.989399
0.437200, 0.989412
0.437300, 0.989435
0.437400, 0.989483
0.437500, 0.989479
0.437600, 0.989489
0.437700, 0.989531
0.437800, 0.989548
0.437900, 0.989567
0.438000, 0.989590
0.438100, 0.989613
0.438200, 0.989635
0.438300, 0.989653
0.438400, 0.989685
0.438500, 0.989697
0.438600, 0.989735
0.438700, 0.989746
0.438800, 0.989758
0.438900, 0.989790
0.439000, 0.989798
0.439100, 0.989838
0.439200, 0.989847
0.439300, 0.989866
0.439400, 0.989887
0.439500, 0.989906
0.439600, 0.989931
0.439700, 0.989960
0.439800, 0.989983
0.439900, 0.990005
0.440000, 0.990025
0.440100, 0.990032
0.440200, 0.990063
0.440300, 0.990089
0.440400, 0.990107
0.440500, 0.990120
0.440600, 0.990139
0.440700, 0.990158
0.440800, 0.990187
0.440900, 0.990215
0.441000, 0.990225
0.441100, 0.990242
0.441200, 0.990276
0.441300, 0.990288
0.441400, 0.990318
0.441500, 0.990328
0.441600, 0.990351
0.441700, 0.990360
0.441800, 0.990391
0.441900, 0.990402
0.442000, 0.990419
0.442100, 0.990448
0.442200, 0.990471
0.442300, 0.990492
0.442400, 0.990520
0.442500, 0.990528
0.442600, 0.990547
0.442700, 0.990578
0.442800, 0.990589
0.442900, 0.990608
0.443000, 0.990643
0.443100, 0.990652
0.443200, 0.990660
0.443300, 0.990692
0.443400, 0.990719
0.443500, 0.990730
0.443600, 0.990742
0.443700, 0.990772
0.443800, 0.990788
0.443900, 0.990808
0.444000, 0.990837
0.444100, 0.990850
0.444200, 0.990875
0.444300, 0.990883
0.444400, 0.990900
0.444500, 0.990919
0.444600, 0.990942
0.444700, 0.990967
0.444800, 0.990986
0.444900, 0.991007
0.445000, 0.991028
0.445100, 0.991043
0.445200, 0.991070
0.445300, 0.991081
0.445400, 0.991102
0.445500, 0.991110
0.445600, 0.991146
0.445700, 0.991159
0.445800, 0.991184
0.445900, 0.991203
0.446000, 0.991213
0.446100, 0.991238
0.446200, 0.991251
0.446300, 0.991268
0.446400, 0.991304
0.446500, 0.991316
0.446600, 0.991325
0.446700, 0.991335
0.446800, 0.991360
0.446900, 0.991386
0.447000, 0.991402
0.447100, 0.991413
0.447200, 0.991447
0.447300, 0.991455
0.447400, 0.991474
0.447500, 0.991495
0.447600, 0.991524
0.447700, 0.991539
0.447800, 0.991564
0.447900, 0.991577
0.448000, 0.991579
0.448100, 0.991604
0.448200, 0.991621
0.448300, 0.991642
0.448400, 0.991669
0.448500, 0.991690
0.448600, 0.991690
0.448700, 0.991703
0.448800, 0.991732
0.448900, 0.991737
0.449000, 0.991770
0.449100, 0.991787
0.449200, 0.991804
0.449300, 0.991821
0.449400, 0.991837
0.449500, 0.991859
0.449600, 0.991882
0.449700, 0.991905
0.449800, 0.991920
0.449900, 0.991932
0.450000, 0.991951
0.450100, 0.991974
0.450200, 0.991987
0.450300, 0.992001
0.450400, 0.992004
0.450500, 0.992027
0.450600, 0.992050
0.450700, 0.992067
0.450800, 0.992094
0.450900, 0.992100
0.451000, 0.992115
0.451100, 0.992161
0.451200, 0.992151
0.451300, 0.992161
0.451400, 0.992197
0.451500, 0.992214
0.451600, 0.992239
0.451700, 0.992245
0.451800, 0.992262
0.451900, 0.992285
0.452000, 0.992313
0.452100, 0.992319
0.452200, 0.992332
0.452300, 0.992352
0.452400, 0.992365
0.452500, 0.992376
0.452600, 0.992401
0.452700, 0.992422
0.452800, 0.992435
0.452900, 0.992456
0.453000, 0.992474
0.453100, 0.992470
0.453200, 0.992495
0.453300, 0.992516
0.453400, 0.992537
0.453500, 0.992550
0.453600, 0.992563
0.453700, 0.992586
0.453800, 0.992605
0.453900, 0.992615
0.454000, 0.992626
0.454100, 0.992661
0.454200, 0.992662
0.454300, 0.992689
0.454400, 0.992702
0.454500, 0.992710
0.454600, 0.992743
0.454700, 0.992764
0.454800, 0.992750
0.454900, 0.992785
0.455000, 0.992809
0.455100, 0.992823
0.455200, 0.992844
0.455300, 0.992851
0.455400, 0.992874
0.455500, 0.992893
0.455600, 0.992905
0.455700, 0.992918
0.455800, 0.992937
0.455900, 0.992956
0.456000, 0.992950
0.456100, 0.992981
0.456200, 0.992992
0.456300, 0.993021
0.456400, 0.993021
0.456500, 0.993042
0.456600, 0.993065
0.456700, 0.993080
0.456800, 0.993093
0.456900, 0.993111
0.457000, 0.993126
0.457100, 0.993145
0.457200, 0.993168
0.457300, 0.993174
0.457400, 0.993181
0.457500, 0.993210
0.457600, 0.993225
0.457700, 0.993237
0.457800, 0.993265
0.457900, 0.993282
0.458000, 0.993290
0.458100, 0.993301
0.458200, 0.993324
0.458300, 0.993351
0.458400, 0.993340
0.458500, 0.993357
0.458600, 0.993382
0.458700, 0.993404
0.458800, 0.993416
0.458900, 0.993427
0.459000, 0.993450
0.459100, 0.993473
0.459200, 0.993481
0.459300, 0.993488
0.459400, 0.993505
0.459500, 0.993509
0.459600, 0.993534
0.459700, 0.993547
0.459800, 0.993559
0.459900, 0.993587
0.460000, 0.993601
0.460100, 0.993605
0.460200, 0.993626
0.460300, 0.993645
0.460400, 0.993660
0.460500, 0.993673
0.460600, 0.993677
0.460700, 0.993708
0.460800, 0.993721
0.460900, 0.993738
0.461000, 0.993746
0.461100, 0.993765
0.461200, 0.993774
0.461300, 0.993793
0.461400, 0.993805
0.461500, 0.993828
0.461600, 0.993843
0.461700, 0.993866
0.461800, 0.993866
0.461900, 0.993889
0.462000, 0.993895
0.462100, 0.993916
0.462200, 0.993927
0.462300, 0.993950
0.462400, 0.993959
0.462500, 0.993969
0.462600, 0.993980
0.462700, 0.994005
0.462800, 0.994032
0.462900, 0.994040
0.463000, 0.994059
0.463100, 0.994068
0.463200, 0.994078
0.463300, 0.994099
0.463400, 0.994108
0.463500, 0.994125
0.463600, 0.994127
0.463700, 0.994148
0.463800, 0.994177
0.463900, 0.994188
0.464000, 0.994194
0.464100, 0.994217
0.464200, 0.994225
0.464300, 0.994251
0.464400, 0.994263
0.464500, 0.994268
0.464600, 0.994295
0.464700, 0.994295
0.464800, 0.994312
0.464900, 0.994331
0.465000, 0.994358
0.465100, 0.994366
0.465200, 0.994375
0.465300, 0.994379
0.465400, 0.994410
0.465500, 0.994410
0.465600, 0.994423
0.465700, 0.994453
0.465800, 0.994461
0.465900, 0.994486
0.466000, 0.994499
0.466100, 0.994509
0.466200, 0.994530
0.466300, 0.994526
0.466400, 0.994562
0.466500, 0.994570
0.466600, 0.994577
0.466700, 0.994596
0.466800, 0.994608
0.466900, 0.994619
0.467000, 0.994637
0.467100, 0.994642
0.467200, 0.994667
0.467300, 0.994671
0.467400, 0.994678
0.467500, 0.994705
0.467600, 0.994722
0.467700, 0.994728
0.467800, 0.994741
0.467900, 0.994757
0.468000, 0.994781
0.468100, 0.994795
0.468200, 0.994816
0.468300, 0.994823
0.468400, 0.994839
0.468500, 0.994848
0.468600, 0.994862
0.468700, 0.994883
0.468800, 0.994898
0.468900, 0.994921
0.469000, 0.994923
0.469100, 0.994955
0.469200, 0.994953
0.469300, 0.994957
0.469400, 0.994984
0.469500, 0.994986
0.469600, 0.994987
0.469700, 0.995028
0.469800, 0.995041
0.469900, 0.995068
0.470000, 0.995068
0.470100, 0.995079
0.470200, 0.995089
0.470300, 0.995102
0.470400, 0.995113
0.470500, 0.995138
0.470600, 0.995155
0.470700, 0.995165
0.470800, 0.995173
0.470900, 0.995190
0.471000, 0.995201
0.471100, 0.995220
0.471200, 0.995228
0.471300, 0.995241
0.471400, 0.995256
0.471500, 0.995279
0.471600, 0.995293
0.471700, 0.995306
0.471800, 0.995319
0.471900, 0.995316
0.472000, 0.995338
0.472100, 0.995354
0.472200, 0.995388
0.472300, 0.995382
0.472400, 0.995392
0.472500, 0.995417
0.472600, 0.995426
0.472700, 0.995438
0.472800, 0.995447
0.472900, 0.995472
0.473000, 0.995489
0.473100, 0.995495
0.473200, 0.995501
0.473300, 0.995525
0.473400, 0.995537
0.473500, 0.995560
0.473600, 0.995567
0.473700, 0.995583
0.473800, 0.995600
0.473900, 0.995617
0.474000, 0.995630
0.474100, 0.995642
0.474200, 0.995657
0.474300, 0.995668
0.474400, 0.995682
0.474500, 0.995710
0.474600, 0.995722
0.474700, 0.995733
0.474800, 0.995739
0.474900, 0.995749
0.475000, 0.995768
0.475100, 0.995781
0.475200, 0.995794
0.475300, 0.995800
0.475400, 0.995825
0.475500, 0.995848
0.475600, 0.995848
0.475700, 0.995857
0.475800, 0.995871
0.475900, 0.995888
0.476000, 0.995914
0.476100, 0.995930
0.476200, 0.995947
0.476300, 0.995953
0.476400, 0.995968
0.476500, 0.995974
0.476600, 0.995983
0.476700, 0.995998
0.476800, 0.996019
0.476900, 0.996023
0.477000, 0.996046
0.477100, 0.996073
0.477200, 0.996061
0.477300, 0.996092
0.477400, 0.996103
0.477500, 0.996124
0.477600, 0.996134
0.477700, 0.996143
0.477800, 0.996151
0.477900, 0.996176
0.478000, 0.996185
0.478100, 0.996206
0.478200, 0.996216
0.478300, 0.996239
0.478400, 0.996237
0.478500, 0.996271
0.478600, 0.996271
0.478700, 0.996271
0.478800, 0.996302
0.478900, 0.996326
0.479000, 0.996330
0.479100, 0.996338
0.479200, 0.996361
0.479300, 0.996365
0.479400, 0.996384
0.479500, 0.996397
0.479600, 0.996422
0.479700, 0.996433
0.479800, 0.996441
0.479900, 0.996460
0.480000, 0.996475
0.480100, 0.996489
0.480200, 0.996494
0.480300, 0.996515
0.480400, 0.996532
0.480500, 0.996559
0.480600, 0.996561
0.480700, 0.996574
0.480800, 0.996595
0.480900, 0.996597
0.481000, 0.996618
0.481100, 0.996624
0.481200, 0.996647
0.481300, 0.996664
0.481400, 0.996679
0.481500, 0.996683
0.481600, 0.996691
0.481700, 0.996733
0.481800, 0.996733
0.481900, 0.996738
0.482000, 0.996773
0.482100, 0.996771
0.482200, 0.996792
0.482300, 0.996813
0.482400, 0.996819
0.482500, 0.996826
0.482600, 0.996841
0.482700, 0.996868
0.482800, 0.996878
0.482900, 0.996902
0.483000, 0.996902
0.483100, 0.996925
0.483200, 0.996933
0.483300, 0.996944
0.483400, 0.996964
0.483500, 0.996986
0.483600, 0.996998
0.483700, 0.997005
0.483800, 0.997032
0.483900, 0.997042
0.484000, 0.997049
0.484100, 0.997066
0.484200, 0.997082
0.484300, 0.997097
0.484400, 0.997120
0.484500, 0.997124
0.484600, 0.997133
0.484700, 0.997158
0.484800, 0.997166
0.484900, 0.997200
0.485000, 0.997211
0.485100, 0.997217
0.485200, 0.997232
0.485300, 0.997252
0.485400, 0.997257
0.485500, 0.997284
0.485600, 0.997284
0.485700, 0.997311
0.485800, 0.997318
0.485900, 0.997330
0.486000, 0.997360
0.486100, 0.997362
0.486200, 0.997387
0.486300, 0.997410
0.486400, 0.997410
0.486500, 0.997425
0.486600, 0.997433
0.486700, 0.997467
0.486800, 0.997475
0.486900, 0.997503
0.487000, 0.997490
0.487100, 0.997532
0.487200, 0.997528
0.487300, 0.997561
0.487400, 0.997574
0.487500, 0.997578
0.487600, 0.997606
0.487700, 0.997623
0.487800, 0.997627
0.487900, 0.997656
0.488000, 0.997654
0.488100, 0.997679
0.488200, 0.997696
0.488300, 0.997705
0.488400, 0.997736
0.488500, 0.997757
0.488600, 0.997768
0.488700, 0.997759
0.488800, 0.997784
0.488900, 0.997812
0.489000, 0.997829
0.489100, 0.997837
0.489200, 0.997847
0.489300, 0.997862
0.489400, 0.997885
0.489500, 0.997902
0.489600, 0.997913
0.489700, 0.997934
0.489800, 0.997955
0.489900, 0.997969
0.490000, 0.997982
0.490100, 0.997990
0.490200, 0.998005
0.490300, 0.998024
0.490400, 0.998074
0.490500, 0.998055
0.490600, 0.998077
0.490700, 0.998098
0.490800, 0.998117
0.490900, 0.998121
0.491000, 0.998150
0.491100, 0.998156
0.491200, 0.998173
0.491300, 0.998194
0.491400, 0.998213
0.491500, 0.998226
0.491600, 0.998249
0.491700, 0.998266
0.491800, 0.998274
0.491900, 0.998287
0.492000, 0.998320
0.492100, 0.998329
0.492200, 0.998333
0.492300, 0.998360
0.492400, 0.998375
0.492500, 0.998405
0.492600, 0.998405
0.492700, 0.998430
0.492800, 0.998453
0.492900, 0.998459
0.493000, 0.998487
0.493100, 0.998505
0.493200, 0.998518
0.493300, 0.998549
0.493400, 0.998533
0.493500, 0.998568
0.493600, 0.998581
0.493700, 0.998606
0.493800, 0.998627
0.493900, 0.998652
0.494000, 0.998667
0.494100, 0.998680
0.494200, 0.998682
0.494300, 0.998709
0.494400, 0.998741
0.494500, 0.998739
0.494600, 0.998756
0.494700, 0.998806
0.494800, 0.998802
0.494900, 0.998810
0.495000, 0.998842
0.495100, 0.998857
0.495200, 0.998869
0.495300, 0.998896
0.495400, 0.998907
0.495500, 0.998930
0.495600, 0.998941
0.495700, 0.998964
0.495800, 0.998983
0.495900, 0.999016
0.496000, 0.999023
0.496100, 0.999029
0.496200, 0.999056
0.496300, 0.999067
0.496400, 0.999088
0.496500, 0.999117
0.496600, 0.999126
0.496700, 0.999159
0.496800, 0.999166
0.496900, 0.999176
0.497000, 0.999207
0.497100, 0.999212
0.497200, 0.999233
0.497300, 0.999260
0.497400, 0.999273
0.497500, 0.999294
0.497600, 0.999302
0.497700, 0.999336
0.497800, 0.999365
0.497900, 0.999386
0.498000, 0.999384
0.498100, 0.999416
0.498200, 0.999445
0.498300, 0.999458
0.498400, 0.999475
0.498500, 0.999491
0.498600, 0.999519
0.498700, 0.999525
0.498800, 0.999559
0.498900, 0.999567
0.499000, 0.999590
0.499100, 0.999619
0.499200, 0.999630
0.499300, 0.999651
0.499400, 0.999680
0.499500, 0.999689
0.499600, 0.999704
0.499700, 0.999737
0.499800, 0.999746
0.499900, 0.999777
0.500000, 0.999798
0.500100, 0.999811
