0.000000, -0.000488
0.000100, -0.304199
0.000200, 0.221680
0.000300, 0.704102
0.000400, 0.941895
0.000500, 0.997070
0.000600, 0.984863
0.000700, 0.970215
0.000800, 0.972656
0.000900, 0.982910
0.001000, 0.990479
0.001100, 0.990479
0.001200, 0.986572
0.001300, 0.984375
0.001400, 0.986328
0.001500, 0.988770
0.001600, 0.991455
0.001700, 0.990234
0.001800, 0.987671
0.001900, 0.985596
0.002000, 0.985596
0.002100, 0.987366
0.002200, 0.989014
0.002300, 0.988098
0.002400, 0.984131
0.002500, 0.980072
0.002600, 0.978729
0.002700, 0.983093
0.002800, 0.992126
0.002900, 1.001740
0.003000, 1.005936
0.003100, 1.001457
0.003200, 0.990822
0.003300, 0.982746
0.003400, 0.988155
0.003500, 1.012791
0.003600, 1.049040
0.003700, 1.071474
0.003800, 1.039145
0.003900, 0.906005
0.004000, 0.637205
0.004100, 0.226019
0.004200, -0.294723
0.004300, -0.852238
0.004400, -1.346372
0.004500, -1.672904
0.004600, -1.751287
0.004700, -1.548428
0.004800, -1.090811
0.004900, -0.460532
0.005000, 0.224254
0.005100, 0.839131
0.005200, 1.284836
0.005300, 1.511205
0.005400, 1.526845
0.005500, 1.392192
0.005600, 1.198631
0.005700, 1.040362
0.005800, 0.987537
0.005900, 1.068330
0.006000, 1.264472
0.006100, 1.520505
0.006200, 1.762973
0.006300, 1.923145
0.006400, 1.956412
0.006500, 1.853096
0.006600, 1.638427
0.006700, 1.362824
0.006800, 1.086306
0.006900, 0.862093
0.007000, 0.724102
0.007100, 0.681300
0.007200, 0.719509
0.007300, 0.809044
0.007400, 0.915128
0.007500, 1.007706
0.007600, 1.068038
0.007700, 1.090818
0.007800, 1.082130
0.007900, 1.054712
0.008000, 1.022497
0.008100, 0.996238
0.008200, 0.981246
0.008300, 0.977479
0.008400, 0.981267
0.008500, 0.987758
0.008600, 0.993022
0.008700, 0.995196
0.008800, 0.994493
0.008900, 0.992436
0.009000, 0.990748
0.009100, 0.990501
0.009200, 0.991756
0.009300, 0.993771
0.009400, 0.995514
0.009500, 0.996233
0.009600, 0.995759
0.009700, 0.994498
0.009800, 0.993137
0.009900, 0.992259
0.010000, 0.992063
0.010100, 0.992337
0.010200, 0.992636
0.010300, 0.992589
0.010400, 0.992169
0.010500, 0.991776
0.010600, 0.992084
0.010700, 0.993744
0.010800, 0.997043
0.010900, 1.001688
0.011000, 1.006824
0.011100, 1.011262
0.011200, 1.013858
0.011300, 1.013893
0.011400, 1.011302
0.011500, 1.006687
0.011600, 1.001117
0.011700, 0.995783
0.011800, 0.991662
0.011900, 0.989271
0.012000, 0.988612
0.012100, 0.989277
0.012200, 0.990656
0.012300, 0.992163
0.012400, 0.993395
0.012500, 0.994184
0.012600, 0.994551
0.012700, 0.994613
0.012800, 0.994485
0.012900, 0.994230
0.013000, 0.993864
0.013100, 0.993389
0.013200, 0.992840
0.013300, 0.992296
0.013400, 0.991865
0.013500, 0.991639
0.013600, 0.991657
0.013700, 0.991886
0.013800, 0.992241
0.013900, 0.992621
0.014000, 0.992956
0.014100, 0.993225
0.014200, 0.993449
0.014300, 0.993662
0.014400, 0.993870
0.014500, 0.994040
0.014600, 0.994109
0.014700, 0.994025
0.014800, 0.993783
0.014900, 0.993449
0.015000, 0.993144
0.015100, 0.992989
0.015200, 0.993051
0.015300, 0.993298
0.015400, 0.993603
0.015500, 0.993794
0.015600, 0.993728
0.015700, 0.993365
0.015800, 0.992792
0.015900, 0.992200
0.016000, 0.991803
0.016100, 0.991752
0.016200, 0.992066
0.016300, 0.992628
0.016400, 0.993232
0.016500, 0.993676
0.016600, 0.993846
0.016700, 0.993751
0.016800, 0.993513
0.016900, 0.993290
0.017000, 0.993198
0.017100, 0.993246
0.017200, 0.993344
0.017300, 0.993357
0.017400, 0.993189
0.017500, 0.992858
0.017600, 0.992503
0.017700, 0.992341
0.017800, 0.992565
0.017900, 0.993244
0.018000, 0.994264
0.018100, 0.995355
0.018200, 0.996184
0.018300, 0.996485
0.018400, 0.996164
0.018500, 0.995348
0.018600, 0.994329
0.018700, 0.993456
0.018800, 0.992990
0.018900, 0.993013
0.019000, 0.993397
0.019100, 0.993871
0.019200, 0.994141
0.019300, 0.994009
0.019400, 0.993447
0.019500, 0.992608
0.019600, 0.991742
0.019700, 0.991096
0.019800, 0.990822
0.019900, 0.990926
0.020000, 0.991293
0.020100, 0.991750
0.020200, 0.992143
0.020300, 0.992393
0.020400, 0.992502
0.020500, 0.992525
0.020600, 0.992514
0.020700, 0.992487
0.020800, 0.992422
0.020900, 0.992283
0.021000, 0.992062
0.021100, 0.991803
0.021200, 0.991599
0.021300, 0.991548
0.021400, 0.991703
0.021500, 0.992037
0.021600, 0.992448
0.021700, 0.992805
0.021800, 0.993023
0.021900, 0.993112
0.022000, 0.993185
0.022100, 0.993408
0.022200, 0.993906
0.022300, 0.994677
0.022400, 0.995553
0.022500, 0.996246
0.022600, 0.996459
0.022700, 0.996025
0.022800, 0.995000
0.022900, 0.993680
0.023000, 0.992495
0.023100, 0.991851
0.023200, 0.991953
0.023300, 0.992716
0.023400, 0.993789
0.023500, 0.994701
0.023600, 0.995064
0.023700, 0.994748
0.023800, 0.993945
0.023900, 0.993093
0.024000, 0.992690
0.024100, 0.993061
0.024200, 0.994206
0.024300, 0.995770
0.024400, 0.997176
0.024500, 0.997843
0.024600, 0.997436
0.024700, 0.995996
0.024800, 0.993941
0.024900, 0.991914
0.025000, 0.990542
0.025100, 0.990217
0.025200, 0.990967
0.025300, 0.992477
0.025400, 0.994228
0.025500, 0.995704
0.025600, 0.996572
0.025700, 0.996770
0.025800, 0.996489
0.025900, 0.996055
0.026000, 0.995778
0.026100, 0.995831
0.026200, 0.996199
0.026300, 0.996714
0.026400, 0.997147
0.026500, 0.997313
0.026600, 0.997149
0.026700, 0.996733
0.026800, 0.996246
0.026900, 0.995884
0.027000, 0.995786
0.027100, 0.995969
0.027200, 0.996328
0.027300, 0.996680
0.027400, 0.996831
0.027500, 0.996660
0.027600, 0.996161
0.027700, 0.995441
0.027800, 0.994680
0.027900, 0.994052
0.028000, 0.993671
0.028100, 0.993551
0.028200, 0.993629
0.028300, 0.993808
0.028400, 0.994022
0.028500, 0.994248
0.028600, 0.994496
0.028700, 0.994747
0.028800, 0.994916
0.028900, 0.994866
0.029000, 0.994519
0.029100, 0.994039
0.029200, 0.994017
0.029300, 0.995541
0.029400, 1.000042
0.029500, 1.008919
0.029600, 1.022976
0.029700, 1.041878
0.029800, 1.063830
0.029900, 1.085675
0.030000, 1.103472
0.030100, 1.113446
0.030200, 1.113040
0.030300, 1.101731
0.030400, 1.081321
0.030500, 1.055555
0.030600, 1.029174
0.030700, 1.006674
0.030800, 0.991175
0.030900, 0.983754
0.031000, 0.983412
0.031100, 0.987667
0.031200, 0.993500
0.031300, 0.998335
0.031400, 1.000698
0.031500, 1.000408
0.031600, 0.998305
0.031700, 0.995681
0.031800, 0.993683
0.031900, 0.992927
0.032000, 0.993383
0.032100, 0.994570
0.032200, 0.995864
0.032300, 0.996803
0.032400, 0.997231
0.032500, 0.997267
0.032600, 0.997160
0.032700, 0.997116
0.032800, 0.997187
0.032900, 0.997280
0.033000, 0.997255
0.033100, 0.997019
0.033200, 0.996613
0.033300, 0.996183
0.033400, 0.995890
0.033500, 0.995838
0.033600, 0.995998
0.033700, 0.996220
0.033800, 0.996349
0.033900, 0.996262
0.034000, 0.995989
0.034100, 0.995655
0.034200, 0.995434
0.034300, 0.995447
0.034400, 0.995695
0.034500, 0.996044
0.034600, 0.996288
0.034700, 0.996267
0.034800, 0.995903
0.034900, 0.995275
0.035000, 0.994532
0.035100, 0.993847
0.035200, 0.993336
0.035300, 0.993029
0.035400, 0.992872
0.035500, 0.992809
0.035600, 0.992811
0.035700, 0.992937
0.035800, 0.993242
0.035900, 0.993759
0.036000, 0.994407
0.036100, 0.995038
0.036200, 0.995469
0.036300, 0.995592
0.036400, 0.995462
0.036500, 0.995289
0.036600, 0.995353
0.036700, 0.995861
0.036800, 0.996822
0.036900, 0.997990
0.037000, 0.998960
0.037100, 0.999355
0.037200, 0.999035
0.037300, 0.998222
0.037400, 0.997472
0.037500, 0.997451
0.037600, 0.998634
0.037700, 1.001060
0.037800, 1.004236
0.037900, 1.007288
0.038000, 1.009290
0.038100, 1.009640
0.038200, 1.008301
0.038300, 1.005819
0.038400, 1.003072
0.038500, 1.000889
0.038600, 0.999702
0.038700, 0.999430
0.038800, 0.999599
0.038900, 0.999684
0.039000, 0.999454
0.039100, 0.999107
0.039200, 0.999111
0.039300, 0.999763
0.039400, 1.000687
0.039500, 1.000580
0.039600, 0.997371
0.039700, 0.988897
0.039800, 0.973862
0.039900, 0.952731
0.040000, 0.928142
0.040100, 0.904571
0.040200, 0.887267
0.040300, 0.880741
0.040400, 0.887332
0.040500, 0.906374
0.040600, 0.934260
0.040700, 0.965441
0.040800, 0.993978
0.040900, 1.015179
0.041000, 1.026722
0.041100, 1.028949
0.041200, 1.024327
0.041300, 1.016347
0.041400, 1.008273
0.041500, 1.002266
0.041600, 0.999029
0.041700, 0.998055
0.041800, 0.998240
0.041900, 0.998528
0.042000, 0.998331
0.042100, 0.997660
0.042200, 0.996851
0.042300, 0.996302
0.042400, 0.996204
0.042500, 0.996450
0.042600, 0.996761
0.042700, 0.996838
0.042800, 0.996593
0.042900, 0.996117
0.043000, 0.995623
0.043100, 0.995346
0.043200, 0.995352
0.043300, 0.995579
0.043400, 0.995850
0.043500, 0.996016
0.043600, 0.996035
0.043700, 0.995979
0.043800, 0.995972
0.043900, 0.996073
0.044000, 0.996277
0.044100, 0.996428
0.044200, 0.996380
0.044300, 0.996027
0.044400, 0.995405
0.044500, 0.994680
0.044600, 0.994062
0.044700, 0.993729
0.044800, 0.993721
0.044900, 0.993963
0.045000, 0.994299
0.045100, 0.994576
0.045200, 0.994740
0.045300, 0.994831
0.045400, 0.994958
0.045500, 0.995208
0.045600, 0.995597
0.045700, 0.996049
0.045800, 0.996434
0.045900, 0.996627
0.046000, 0.996572
0.046100, 0.996309
0.046200, 0.995934
0.046300, 0.995567
0.046400, 0.995287
0.046500, 0.995119
0.046600, 0.995036
0.046700, 0.995006
0.046800, 0.995002
0.046900, 0.995022
0.047000, 0.995091
0.047100, 0.995217
0.047200, 0.995398
0.047300, 0.995607
0.047400, 0.995815
0.047500, 0.995996
0.047600, 0.996145
0.047700, 0.996252
0.047800, 0.996312
0.047900, 0.996284
0.048000, 0.996149
0.048100, 0.995902
0.048200, 0.995582
0.048300, 0.995290
0.048400, 0.995132
0.048500, 0.995185
0.048600, 0.995438
0.048700, 0.995788
0.048800, 0.996077
0.048900, 0.996150
0.049000, 0.995940
0.049100, 0.995500
0.049200, 0.994978
0.049300, 0.994557
0.049400, 0.994351
0.049500, 0.994365
0.049600, 0.994496
0.049700, 0.994591
0.049800, 0.994556
0.049900, 0.994401
0.050000, 0.994263
0.050100, 0.994333
0.050200, 0.994753
0.050300, 0.995533
0.050400, 0.996518
0.050500, 0.997447
0.050600, 0.998056
0.050700, 0.998190
0.050800, 0.997867
0.050900, 0.997258
0.051000, 0.996610
0.051100, 0.996128
0.051200, 0.995897
0.051300, 0.995861
0.051400, 0.995867
0.051500, 0.995758
0.051600, 0.995438
0.051700, 0.994923
0.051800, 0.994315
0.051900, 0.993747
0.052000, 0.993326
0.052100, 0.993083
0.052200, 0.992990
0.052300, 0.992973
0.052400, 0.992956
0.052500, 0.992906
0.052600, 0.992826
0.052700, 0.992758
0.052800, 0.992761
0.052900, 0.992907
0.053000, 0.993237
0.053100, 0.993765
0.053200, 0.994456
0.053300, 0.995200
0.053400, 0.995845
0.053500, 0.996222
0.053600, 0.996218
0.053700, 0.995826
0.053800, 0.995189
0.053900, 0.994556
0.054000, 0.994177
0.054100, 0.994185
0.054200, 0.994491
0.054300, 0.994785
0.054400, 0.994636
0.054500, 0.993687
0.054600, 0.991852
0.054700, 0.989432
0.054800, 0.987057
0.054900, 0.985475
0.055000, 0.985258
0.055100, 0.986537
0.055200, 0.988909
0.055300, 0.991541
0.055400, 0.993465
0.055500, 0.993937
0.055600, 0.992734
0.055700, 0.990201
0.055800, 0.987154
0.055900, 0.984525
0.056000, 0.983057
0.056100, 0.983052
0.056200, 0.984322
0.056300, 0.986356
0.056400, 0.988543
0.056500, 0.990404
0.056600, 0.991718
0.056700, 0.992525
0.056800, 0.992980
0.056900, 0.993253
0.057000, 0.993410
0.057100, 0.993442
0.057200, 0.993300
0.057300, 0.992994
0.057400, 0.992598
0.057500, 0.992232
0.057600, 0.991991
0.057700, 0.991876
0.057800, 0.991798
0.057900, 0.991612
0.058000, 0.991213
0.058100, 0.990613
0.058200, 0.989939
0.058300, 0.989396
0.058400, 0.989161
0.058500, 0.989298
0.058600, 0.989719
0.058700, 0.990247
0.058800, 0.990684
0.058900, 0.990917
0.059000, 0.990959
0.059100, 0.990919
0.059200, 0.990928
0.059300, 0.991055
0.059400, 0.991274
0.059500, 0.991472
0.059600, 0.991528
0.059700, 0.991378
0.059800, 0.991047
0.059900, 0.990629
0.060000, 0.990229
0.060100, 0.989899
0.060200, 0.989615
0.060300, 0.989305
0.060400, 0.988913
0.060500, 0.988456
0.060600, 0.988032
0.060700, 0.987783
0.060800, 0.987813
0.060900, 0.988121
0.061000, 0.988588
0.061100, 0.989025
0.061200, 0.989262
0.061300, 0.989234
0.061400, 0.989009
0.061500, 0.988747
0.061600, 0.988612
0.061700, 0.988687
0.061800, 0.988933
0.061900, 0.989220
0.062000, 0.989411
0.062100, 0.989436
0.062200, 0.989328
0.062300, 0.989180
0.062400, 0.989073
0.062500, 0.989001
0.062600, 0.988868
0.062700, 0.988553
0.062800, 0.988015
0.062900, 0.987385
0.063000, 0.986944
0.063100, 0.987015
0.063200, 0.987772
0.063300, 0.989082
0.063400, 0.990453
0.063500, 0.991173
0.063600, 0.990562
0.063700, 0.988278
0.063800, 0.984511
0.063900, 0.979982
0.064000, 0.975731
0.064100, 0.972774
0.064200, 0.971748
0.064300, 0.972727
0.064400, 0.975233
0.064500, 0.978464
0.064600, 0.981603
0.064700, 0.984085
0.064800, 0.985718
0.064900, 0.986642
0.065000, 0.987146
0.065100, 0.987480
0.065200, 0.987737
0.065300, 0.987878
0.065400, 0.987804
0.065500, 0.987499
0.065600, 0.987090
0.065700, 0.986806
0.065800, 0.986894
0.065900, 0.987466
0.066000, 0.988461
0.066100, 0.989630
0.066200, 0.990661
0.066300, 0.991295
0.066400, 0.991425
0.066500, 0.991128
0.066600, 0.990602
0.066700, 0.990070
0.066800, 0.989700
0.066900, 0.989543
0.067000, 0.989570
0.067100, 0.989703
0.067200, 0.989869
0.067300, 0.990032
0.067400, 0.990165
0.067500, 0.990249
0.067600, 0.990249
0.067700, 0.990129
0.067800, 0.989883
0.067900, 0.989559
0.068000, 0.989258
0.068100, 0.989098
0.068200, 0.989158
0.068300, 0.989435
0.068400, 0.989835
0.068500, 0.990212
0.068600, 0.990437
0.068700, 0.990454
0.068800, 0.990309
0.068900, 0.990114
0.069000, 0.989988
0.069100, 0.989975
0.069200, 0.990040
0.069300, 0.990069
0.069400, 0.989953
0.069500, 0.989643
0.069600, 0.989195
0.069700, 0.988738
0.069800, 0.988417
0.069900, 0.988316
0.070000, 0.988416
0.070100, 0.988623
0.070200, 0.988835
0.070300, 0.988997
0.070400, 0.989170
0.070500, 0.989493
0.070600, 0.990105
0.070700, 0.991041
0.070800, 0.992185
0.070900, 0.993275
0.071000, 0.993986
0.071100, 0.994070
0.071200, 0.993472
0.071300, 0.992359
0.071400, 0.991060
0.071500, 0.989950
0.071600, 0.989306
0.071700, 0.989212
0.071800, 0.989538
0.071900, 0.990024
0.072000, 0.990403
0.072100, 0.990489
0.072200, 0.990249
0.072300, 0.989772
0.072400, 0.989223
0.072500, 0.988747
0.072600, 0.988415
0.072700, 0.988231
0.072800, 0.988156
0.072900, 0.988138
0.073000, 0.988148
0.073100, 0.988177
0.073200, 0.988209
0.073300, 0.988198
0.073400, 0.988092
0.073500, 0.987842
0.073600, 0.987451
0.073700, 0.986996
0.073800, 0.986616
0.073900, 0.986464
0.074000, 0.986612
0.074100, 0.987028
0.074200, 0.987556
0.074300, 0.987972
0.074400, 0.988085
0.074500, 0.987803
0.074600, 0.987203
0.074700, 0.986483
0.074800, 0.985900
0.074900, 0.985649
0.075000, 0.985795
0.075100, 0.986252
0.075200, 0.986827
0.075300, 0.987322
0.075400, 0.987594
0.075500, 0.987626
0.075600, 0.987503
0.075700, 0.987356
0.075800, 0.987298
0.075900, 0.987373
0.076000, 0.987550
0.076100, 0.987741
0.076200, 0.987892
0.076300, 0.987983
0.076400, 0.988056
0.076500, 0.988177
0.076600, 0.988415
0.076700, 0.988787
0.076800, 0.989255
0.076900, 0.989726
0.077000, 0.990098
0.077100, 0.990280
0.077200, 0.990211
0.077300, 0.989873
0.077400, 0.989313
0.077500, 0.988626
0.077600, 0.987950
0.077700, 0.987454
0.077800, 0.987264
0.077900, 0.987432
0.078000, 0.987863
0.078100, 0.988327
0.078200, 0.988533
0.078300, 0.988273
0.078400, 0.987601
0.078500, 0.986962
0.078600, 0.987178
0.078700, 0.989275
0.078800, 0.994143
0.078900, 1.002143
0.079000, 1.012808
0.079100, 1.024770
0.079200, 1.035988
0.079300, 1.044245
0.079400, 1.047760
0.079500, 1.045722
0.079600, 1.038544
0.079700, 1.027753
0.079800, 1.015535
0.079900, 1.004108
0.080000, 0.995120
0.080100, 0.989295
0.080200, 0.986412
0.080300, 0.985592
0.080400, 0.985746
0.080500, 0.986005
0.080600, 0.985970
0.080700, 0.985708
0.080800, 0.985557
0.080900, 0.985845
0.081000, 0.986670
0.081100, 0.987842
0.081200, 0.988971
0.081300, 0.989662
0.081400, 0.989702
0.081500, 0.989136
0.081600, 0.988240
0.081700, 0.987360
0.081800, 0.986772
0.081900, 0.986568
0.082000, 0.986656
0.082100, 0.986843
0.082200, 0.986954
0.082300, 0.986914
0.082400, 0.986778
0.082500, 0.986657
0.082600, 0.986672
0.082700, 0.986858
0.082800, 0.987181
0.082900, 0.987554
0.083000, 0.987914
0.083100, 0.988253
0.083200, 0.988611
0.083300, 0.989047
0.083400, 0.989554
0.083500, 0.990047
0.083600, 0.990384
0.083700, 0.990425
0.083800, 0.990108
0.083900, 0.989511
0.084000, 0.988802
0.084100, 0.988216
0.084200, 0.987938
0.084300, 0.988024
0.084400, 0.988403
0.084500, 0.988909
0.084600, 0.989380
0.084700, 0.989700
0.084800, 0.989872
0.084900, 0.989956
0.085000, 0.990046
0.085100, 0.990186
0.085200, 0.990331
0.085300, 0.990416
0.085400, 0.990348
0.085500, 0.990111
0.085600, 0.989757
0.085700, 0.989395
0.085800, 0.989133
0.085900, 0.989019
0.086000, 0.989017
0.086100, 0.989031
0.086200, 0.988960
0.086300, 0.988775
0.086400, 0.988533
0.086500, 0.988384
0.086600, 0.988459
0.086700, 0.988865
0.086800, 0.989546
0.086900, 0.990358
0.087000, 0.991053
0.087100, 0.991460
0.087200, 0.991486
0.087300, 0.991187
0.087400, 0.990767
0.087500, 0.990448
0.087600, 0.990398
0.087700, 0.990663
0.087800, 0.991131
0.087900, 0.991605
0.088000, 0.991878
0.088100, 0.991822
0.088200, 0.991475
0.088300, 0.990992
0.088400, 0.990602
0.088500, 0.990497
0.088600, 0.990761
0.088700, 0.991308
0.088800, 0.991932
0.088900, 0.992377
0.089000, 0.992445
0.089100, 0.992063
0.089200, 0.991311
0.089300, 0.990386
0.089400, 0.989518
0.089500, 0.988873
0.089600, 0.988512
0.089700, 0.988374
0.089800, 0.988329
0.089900, 0.988249
0.090000, 0.988066
0.090100, 0.987791
0.090200, 0.987496
0.090300, 0.987267
0.090400, 0.987134
0.090500, 0.987066
0.090600, 0.986979
0.090700, 0.986779
0.090800, 0.986432
0.090900, 0.985954
0.091000, 0.985443
0.091100, 0.984985
0.091200, 0.984648
0.091300, 0.984405
0.091400, 0.984184
0.091500, 0.983890
0.091600, 0.983481
0.091700, 0.982998
0.091800, 0.982566
0.091900, 0.982329
0.092000, 0.982384
0.092100, 0.982708
0.092200, 0.983150
0.092300, 0.983501
0.092400, 0.983542
0.092500, 0.983180
0.092600, 0.982462
0.092700, 0.981585
0.092800, 0.980783
0.092900, 0.980256
0.093000, 0.980081
0.093100, 0.980177
0.093200, 0.980396
0.093300, 0.980567
0.093400, 0.980601
0.093500, 0.980515
0.093600, 0.980404
0.093700, 0.980366
0.093800, 0.980448
0.093900, 0.980604
0.094000, 0.980726
0.094100, 0.980723
0.094200, 0.980581
0.094300, 0.980391
0.094400, 0.980302
0.094500, 0.980428
0.094600, 0.980752
0.094700, 0.981089
0.094800, 0.981149
0.094900, 0.980666
0.095000, 0.979566
0.095100, 0.978075
0.095200, 0.976706
0.095300, 0.976108
0.095400, 0.976831
0.095500, 0.979081
0.095600, 0.982587
0.095700, 0.986635
0.095800, 0.990262
0.095900, 0.992570
0.096000, 0.993012
0.096100, 0.991566
0.096200, 0.988739
0.096300, 0.985376
0.096400, 0.982395
0.096500, 0.980490
0.096600, 0.979963
0.096700, 0.980658
0.096800, 0.982105
0.096900, 0.983683
0.097000, 0.984839
0.097100, 0.985253
0.097200, 0.984865
0.097300, 0.983866
0.097400, 0.982597
0.097500, 0.981413
0.097600, 0.980583
0.097700, 0.980244
0.097800, 0.980394
0.097900, 0.980892
0.098000, 0.981558
0.098100, 0.982201
0.098200, 0.982677
0.098300, 0.982950
0.098400, 0.983007
0.098500, 0.982948
0.098600, 0.982841
0.098700, 0.982748
0.098800, 0.982674
0.098900, 0.982563
0.099000, 0.982351
0.099100, 0.981968
0.099200, 0.981392
0.099300, 0.980656
0.099400, 0.979839
0.099500, 0.979050
0.099600, 0.978392
0.099700, 0.977938
0.099800, 0.977697
0.099900, 0.977663
0.100000, 0.977772
0.100100, 0.977943
0.100200, 0.978086
0.100300, 0.978104
0.100400, 0.977921
0.100500, 0.977489
0.100600, 0.976841
0.100700, 0.976057
0.100800, 0.975306
0.100900, 0.974757
0.101000, 0.974549
0.101100, 0.974713
0.101200, 0.975181
0.101300, 0.975782
0.101400, 0.976289
0.101500, 0.976533
0.101600, 0.976437
0.101700, 0.976079
0.101800, 0.975637
0.101900, 0.975331
0.102000, 0.975319
0.102100, 0.975652
0.102200, 0.976251
0.102300, 0.976945
0.102400, 0.977544
0.102500, 0.977914
0.102600, 0.978019
0.102700, 0.977918
0.102800, 0.977727
0.102900, 0.977559
0.103000, 0.977491
0.103100, 0.977538
0.103200, 0.977665
0.103300, 0.977832
0.103400, 0.977998
0.103500, 0.978134
0.103600, 0.978231
0.103700, 0.978275
0.103800, 0.978241
0.103900, 0.978113
0.104000, 0.977882
0.104100, 0.977584
0.104200, 0.977270
0.104300, 0.977005
0.104400, 0.976854
0.104500, 0.976820
0.104600, 0.976899
0.104700, 0.977049
0.104800, 0.977230
0.104900, 0.977445
0.105000, 0.977698
0.105100, 0.978006
0.105200, 0.978373
0.105300, 0.978708
0.105400, 0.978952
0.105500, 0.979004
0.105600, 0.978811
0.105700, 0.978407
0.105800, 0.977888
0.105900, 0.977388
0.106000, 0.977032
0.106100, 0.976863
0.106200, 0.976874
0.106300, 0.976987
0.106400, 0.977130
0.106500, 0.977279
0.106600, 0.977429
0.106700, 0.977597
0.106800, 0.977819
0.106900, 0.978041
0.107000, 0.978161
0.107100, 0.978112
0.107200, 0.977850
0.107300, 0.977453
0.107400, 0.977074
0.107500, 0.976902
0.107600, 0.977043
0.107700, 0.977461
0.107800, 0.977982
0.107900, 0.978340
0.108000, 0.978317
0.108100, 0.977819
0.108200, 0.976955
0.108300, 0.975988
0.108400, 0.975229
0.108500, 0.974855
0.108600, 0.974871
0.108700, 0.975115
0.108800, 0.975311
0.108900, 0.975254
0.109000, 0.974861
0.109100, 0.974234
0.109200, 0.973589
0.109300, 0.973120
0.109400, 0.972881
0.109500, 0.972821
0.109600, 0.972758
0.109700, 0.972521
0.109800, 0.972071
0.109900, 0.971454
0.110000, 0.970839
0.110100, 0.970349
0.110200, 0.970018
0.110300, 0.969733
0.110400, 0.969320
0.110500, 0.968649
0.110600, 0.967743
0.110700, 0.966784
0.110800, 0.966053
0.110900, 0.965768
0.111000, 0.965979
0.111100, 0.966500
0.111200, 0.966994
0.111300, 0.967161
0.111400, 0.966859
0.111500, 0.966225
0.111600, 0.965606
0.111700, 0.965374
0.111800, 0.965744
0.111900, 0.966632
0.112000, 0.967668
0.112100, 0.968380
0.112200, 0.968418
0.112300, 0.967735
0.112400, 0.966629
0.112500, 0.965603
0.112600, 0.965122
0.112700, 0.965378
0.112800, 0.966178
0.112900, 0.967031
0.113000, 0.967385
0.113100, 0.966899
0.113200, 0.965630
0.113300, 0.964016
0.113400, 0.962687
0.113500, 0.962175
0.113600, 0.962659
0.113700, 0.963871
0.113800, 0.965224
0.113900, 0.966074
0.114000, 0.966009
0.114100, 0.965038
0.114200, 0.963564
0.114300, 0.962218
0.114400, 0.961531
0.114500, 0.961745
0.114600, 0.962694
0.114700, 0.963914
0.114800, 0.964861
0.114900, 0.965178
0.115000, 0.964821
0.115100, 0.964069
0.115200, 0.963365
0.115300, 0.963106
0.115400, 0.963454
0.115500, 0.964283
0.115600, 0.965240
0.115700, 0.965906
0.115800, 0.965984
0.115900, 0.965411
0.116000, 0.964351
0.116100, 0.963124
0.116200, 0.962094
0.116300, 0.961503
0.116400, 0.961455
0.116500, 0.961883
0.116600, 0.962612
0.116700, 0.963435
0.116800, 0.964156
0.116900, 0.964663
0.117000, 0.964908
0.117100, 0.964942
0.117200, 0.964880
0.117300, 0.964854
0.117400, 0.964985
0.117500, 0.965294
0.117600, 0.965711
0.117700, 0.966056
0.117800, 0.966128
0.117900, 0.965795
0.118000, 0.965065
0.118100, 0.964129
0.118200, 0.963292
0.118300, 0.962849
0.118400, 0.962945
0.118500, 0.963487
0.118600, 0.964169
0.118700, 0.964611
0.118800, 0.964530
0.118900, 0.963912
0.119000, 0.963007
0.119100, 0.962241
0.119200, 0.961987
0.119300, 0.962358
0.119400, 0.963121
0.119500, 0.963788
0.119600, 0.963852
0.119700, 0.963056
0.119800, 0.961578
0.119900, 0.959986
0.120000, 0.959015
0.120100, 0.959222
0.120200, 0.960692
0.120300, 0.962965
0.120400, 0.965182
0.120500, 0.966461
0.120600, 0.966263
0.120700, 0.964642
0.120800, 0.962224
0.120900, 0.959928
0.121000, 0.958578
0.121100, 0.958568
0.121200, 0.959716
0.121300, 0.961416
0.121400, 0.962920
0.121500, 0.963691
0.121600, 0.963604
0.121700, 0.962947
0.121800, 0.962219
0.121900, 0.961864
0.122000, 0.962044
0.122100, 0.962606
0.122200, 0.963182
0.122300, 0.963402
0.122400, 0.963074
0.122500, 0.962259
0.122600, 0.961213
0.122700, 0.960239
0.122800, 0.959534
0.122900, 0.959136
0.123000, 0.958946
0.123100, 0.958821
0.123200, 0.958682
0.123300, 0.958538
0.123400, 0.958456
0.123500, 0.958470
0.123600, 0.958544
0.123700, 0.958549
0.123800, 0.958367
0.123900, 0.957934
0.124000, 0.957335
0.124100, 0.956752
0.124200, 0.956382
0.124300, 0.956324
0.124400, 0.956492
0.124500, 0.956681
0.124600, 0.956658
0.124700, 0.956313
0.124800, 0.955736
0.124900, 0.955189
0.125000, 0.954987
0.125100, 0.955317
0.125200, 0.956123
0.125300, 0.957085
0.125400, 0.957752
0.125500, 0.957766
0.125600, 0.956993
0.125700, 0.955624
0.125800, 0.954105
0.125900, 0.952932
0.126000, 0.952444
0.126100, 0.952719
0.126200, 0.953550
0.126300, 0.954588
0.126400, 0.955505
0.126500, 0.956108
0.126600, 0.956413
0.126700, 0.956562
0.126800, 0.956711
0.126900, 0.956913
0.127000, 0.957113
0.127100, 0.957161
0.127200, 0.956974
0.127300, 0.956530
0.127400, 0.955990
0.127500, 0.955538
0.127600, 0.955330
0.127700, 0.955452
0.127800, 0.955809
0.127900, 0.956247
0.128000, 0.956619
0.128100, 0.956846
0.128200, 0.956963
0.128300, 0.957064
0.128400, 0.957256
0.128500, 0.957518
0.128600, 0.957750
0.128700, 0.957811
0.128800, 0.957565
0.128900, 0.956996
0.129000, 0.956228
0.129100, 0.955464
0.129200, 0.954909
0.129300, 0.954662
0.129400, 0.954684
0.129500, 0.954802
0.129600, 0.954819
0.129700, 0.954592
0.129800, 0.954113
0.129900, 0.953505
0.130000, 0.952963
0.130100, 0.952651
0.130200, 0.952644
0.130300, 0.952886
0.130400, 0.953232
0.130500, 0.953522
0.130600, 0.953647
0.130700, 0.953594
0.130800, 0.953435
0.130900, 0.953261
0.131000, 0.953138
0.131100, 0.953065
0.131200, 0.952969
0.131300, 0.952772
0.131400, 0.952420
0.131500, 0.951957
0.131600, 0.951500
0.131700, 0.951200
0.131800, 0.951198
0.131900, 0.951531
0.132000, 0.952150
0.132100, 0.952871
0.132200, 0.953505
0.132300, 0.953861
0.132400, 0.953871
0.132500, 0.953569
0.132600, 0.953086
0.132700, 0.952633
0.132800, 0.952366
0.132900, 0.952367
0.133000, 0.952614
0.133100, 0.952985
0.133200, 0.953337
0.133300, 0.953500
0.133400, 0.953430
0.133500, 0.953141
0.133600, 0.952758
0.133700, 0.952424
0.133800, 0.952249
0.133900, 0.952283
0.134000, 0.952464
0.134100, 0.952669
0.134200, 0.952744
0.134300, 0.952576
0.134400, 0.952157
0.134500, 0.951573
0.134600, 0.950991
0.134700, 0.950596
0.134800, 0.950507
0.134900, 0.950736
0.135000, 0.951170
0.135100, 0.951617
0.135200, 0.951851
0.135300, 0.951738
0.135400, 0.951255
0.135500, 0.950516
0.135600, 0.949729
0.135700, 0.949123
0.135800, 0.948843
0.135900, 0.948922
0.136000, 0.949261
0.136100, 0.949678
0.136200, 0.949978
0.136300, 0.950035
0.136400, 0.949821
0.136500, 0.949404
0.136600, 0.948887
0.136700, 0.948343
0.136800, 0.947819
0.136900, 0.947266
0.137000, 0.946617
0.137100, 0.945881
0.137200, 0.945110
0.137300, 0.944460
0.137400, 0.944094
0.137500, 0.944121
0.137600, 0.944556
0.137700, 0.945257
0.137800, 0.946003
0.137900, 0.946568
0.138000, 0.946837
0.138100, 0.946820
0.138200, 0.946681
0.138300, 0.946646
0.138400, 0.946897
0.138500, 0.947480
0.138600, 0.948286
0.138700, 0.949089
0.138800, 0.949638
0.138900, 0.949759
0.139000, 0.949420
0.139100, 0.948736
0.139200, 0.947902
0.139300, 0.947134
0.139400, 0.946582
0.139500, 0.946311
0.139600, 0.946310
0.139700, 0.946527
0.139800, 0.946913
0.139900, 0.947418
0.140000, 0.947985
0.140100, 0.948544
0.140200, 0.948979
0.140300, 0.949183
0.140400, 0.949075
0.140500, 0.948668
0.140600, 0.948073
0.140700, 0.947483
0.140800, 0.947090
0.140900, 0.947039
0.141000, 0.947331
0.141100, 0.947869
0.141200, 0.948464
0.141300, 0.948938
0.141400, 0.949199
0.141500, 0.949250
0.141600, 0.949188
0.141700, 0.949137
0.141800, 0.949189
0.141900, 0.949347
0.142000, 0.949547
0.142100, 0.949690
0.142200, 0.949708
0.142300, 0.949602
0.142400, 0.949448
0.142500, 0.949360
0.142600, 0.949428
0.142700, 0.949686
0.142800, 0.950071
0.142900, 0.950476
0.143000, 0.950769
0.143100, 0.950861
0.143200, 0.950727
0.143300, 0.950413
0.143400, 0.949996
0.143500, 0.949551
0.143600, 0.949129
0.143700, 0.948729
0.143800, 0.948320
0.143900, 0.947866
0.144000, 0.947335
0.144100, 0.946732
0.144200, 0.946086
0.144300, 0.945437
0.144400, 0.944832
0.144500, 0.944311
0.144600, 0.943897
0.144700, 0.943605
0.144800, 0.943417
0.144900, 0.943312
0.145000, 0.943261
0.145100, 0.943227
0.145200, 0.943179
0.145300, 0.943084
0.145400, 0.942932
0.145500, 0.942716
0.145600, 0.942438
0.145700, 0.942101
0.145800, 0.941728
0.145900, 0.941346
0.146000, 0.941007
0.146100, 0.940771
0.146200, 0.940672
0.146300, 0.940730
0.146400, 0.940906
0.146500, 0.941126
0.146600, 0.941290
0.146700, 0.941317
0.146800, 0.941210
0.146900, 0.941023
0.147000, 0.940889
0.147100, 0.940948
0.147200, 0.941267
0.147300, 0.941839
0.147400, 0.942516
0.147500, 0.943115
0.147600, 0.943460
0.147700, 0.943480
0.147800, 0.943218
0.147900, 0.942886
0.148000, 0.942663
0.148100, 0.942759
0.148200, 0.943235
0.148300, 0.943989
0.148400, 0.944862
0.148500, 0.945618
0.148600, 0.946098
0.148700, 0.946235
0.148800, 0.946073
0.148900, 0.945730
0.149000, 0.945320
0.149100, 0.944928
0.149200, 0.944577
0.149300, 0.944253
0.149400, 0.943969
0.149500, 0.943724
0.149600, 0.943551
0.149700, 0.943510
0.149800, 0.943619
0.149900, 0.943871
0.150000, 0.944201
0.150100, 0.944545
0.150200, 0.944844
0.150300, 0.945075
0.150400, 0.945240
0.150500, 0.945369
0.150600, 0.945485
0.150700, 0.945590
0.150800, 0.945690
0.150900, 0.945779
0.151000, 0.945875
0.151100, 0.946018
0.151200, 0.946247
0.151300, 0.946571
0.151400, 0.946950
0.151500, 0.947281
0.151600, 0.947434
0.151700, 0.947316
0.151800, 0.946883
0.151900, 0.946208
0.152000, 0.945451
0.152100, 0.944833
0.152200, 0.944559
0.152300, 0.944756
0.152400, 0.945441
0.152500, 0.946508
0.152600, 0.947764
0.152700, 0.948989
0.152800, 0.949980
0.152900, 0.950625
0.153000, 0.950899
0.153100, 0.950886
0.153200, 0.950744
0.153300, 0.950639
0.153400, 0.950714
0.153500, 0.951032
0.153600, 0.951549
0.153700, 0.952142
0.153800, 0.952652
0.153900, 0.952933
0.154000, 0.952921
0.154100, 0.952663
0.154200, 0.952271
0.154300, 0.951907
0.154400, 0.951673
0.154500, 0.951604
0.154600, 0.951624
0.154700, 0.951576
0.154800, 0.951332
0.154900, 0.950802
0.155000, 0.950012
0.155100, 0.949060
0.155200, 0.948096
0.155300, 0.947242
0.155400, 0.946555
0.155500, 0.946032
0.155600, 0.945619
0.155700, 0.945263
0.155800, 0.944952
0.155900, 0.944690
0.156000, 0.944484
0.156100, 0.944324
0.156200, 0.944145
0.156300, 0.943869
0.156400, 0.943432
0.156500, 0.942856
0.156600, 0.942225
0.156700, 0.941702
0.156800, 0.941410
0.156900, 0.941405
0.157000, 0.941606
0.157100, 0.941841
0.157200, 0.941921
0.157300, 0.941729
0.157400, 0.941288
0.157500, 0.940769
0.157600, 0.940380
0.157700, 0.940308
0.157800, 0.940577
0.157900, 0.941053
0.158000, 0.941532
0.158100, 0.941774
0.158200, 0.941696
0.158300, 0.941381
0.158400, 0.941038
0.158500, 0.940903
0.158600, 0.941107
0.158700, 0.941639
0.158800, 0.942307
0.158900, 0.942850
0.159000, 0.943062
0.159100, 0.942877
0.159200, 0.942394
0.159300, 0.941818
0.159400, 0.941393
0.159500, 0.941223
0.159600, 0.941309
0.159700, 0.941523
0.159800, 0.941713
0.159900, 0.941717
0.160000, 0.941507
0.160100, 0.941128
0.160200, 0.940681
0.160300, 0.940262
0.160400, 0.939928
0.160500, 0.939701
0.160600, 0.939568
0.160700, 0.939510
0.160800, 0.939548
0.160900, 0.939699
0.161000, 0.939978
0.161100, 0.940367
0.161200, 0.940826
0.161300, 0.941294
0.161400, 0.941704
0.161500, 0.942026
0.161600, 0.942265
0.161700, 0.942438
0.161800, 0.942547
0.161900, 0.942625
0.162000, 0.942667
0.162100, 0.942680
0.162200, 0.942692
0.162300, 0.942730
0.162400, 0.942823
0.162500, 0.942970
0.162600, 0.943136
0.162700, 0.943260
0.162800, 0.943295
0.162900, 0.943211
0.163000, 0.943040
0.163100, 0.942838
0.163200, 0.942692
0.163300, 0.942661
0.163400, 0.942769
0.163500, 0.942996
0.163600, 0.943296
0.163700, 0.943625
0.163800, 0.943971
0.163900, 0.944308
0.164000, 0.944636
0.164100, 0.944932
0.164200, 0.945155
0.164300, 0.945246
0.164400, 0.945198
0.164500, 0.945019
0.164600, 0.944768
0.164700, 0.944537
0.164800, 0.944373
0.164900, 0.944267
0.165000, 0.944193
0.165100, 0.944057
0.165200, 0.943832
0.165300, 0.943531
0.165400, 0.943230
0.165500, 0.943049
0.165600, 0.943085
0.165700, 0.943388
0.165800, 0.943902
0.165900, 0.944506
0.166000, 0.945082
0.166100, 0.945477
0.166200, 0.945625
0.166300, 0.945494
0.166400, 0.945101
0.166500, 0.944479
0.166600, 0.943718
0.166700, 0.942898
0.166800, 0.942177
0.166900, 0.941692
0.167000, 0.941584
0.167100, 0.941910
0.167200, 0.942617
0.167300, 0.943525
0.167400, 0.944378
0.167500, 0.944946
0.167600, 0.945084
0.167700, 0.944780
0.167800, 0.944191
0.167900, 0.943510
0.168000, 0.942938
0.168100, 0.942575
0.168200, 0.942429
0.168300, 0.942404
0.168400, 0.942415
0.168500, 0.942400
0.168600, 0.942369
0.168700, 0.942385
0.168800, 0.942491
0.168900, 0.942717
0.169000, 0.943024
0.169100, 0.943341
0.169200, 0.943609
0.169300, 0.943807
0.169400, 0.943964
0.169500, 0.944128
0.169600, 0.944312
0.169700, 0.944475
0.169800, 0.944531
0.169900, 0.944389
0.170000, 0.944001
0.170100, 0.943433
0.170200, 0.942852
0.170300, 0.942424
0.170400, 0.942301
0.170500, 0.942495
0.170600, 0.942890
0.170700, 0.943273
0.170800, 0.943480
0.170900, 0.943424
0.171000, 0.943194
0.171100, 0.942993
0.171200, 0.943060
0.171300, 0.943531
0.171400, 0.944386
0.171500, 0.945440
0.171600, 0.946402
0.171700, 0.947011
0.171800, 0.947137
0.171900, 0.946830
0.172000, 0.946299
0.172100, 0.945778
0.172200, 0.945460
0.172300, 0.945402
0.172400, 0.945512
0.172500, 0.945620
0.172600, 0.945554
0.172700, 0.945254
0.172800, 0.944755
0.172900, 0.944183
0.173000, 0.943678
0.173100, 0.943329
0.173200, 0.943145
0.173300, 0.943043
0.173400, 0.942919
0.173500, 0.942700
0.173600, 0.942369
0.173700, 0.941975
0.173800, 0.941593
0.173900, 0.941288
0.174000, 0.941094
0.174100, 0.941006
0.174200, 0.941004
0.174300, 0.941082
0.174400, 0.941241
0.174500, 0.941498
0.174600, 0.941846
0.174700, 0.942235
0.174800, 0.942575
0.174900, 0.942763
0.175000, 0.942755
0.175100, 0.942560
0.175200, 0.942278
0.175300, 0.942039
0.175400, 0.941984
0.175500, 0.942156
0.175600, 0.942490
0.175700, 0.942833
0.175800, 0.942982
0.175900, 0.942770
0.176000, 0.942127
0.176100, 0.941105
0.176200, 0.939867
0.176300, 0.938629
0.176400, 0.937607
0.176500, 0.936941
0.176600, 0.936701
0.176700, 0.936841
0.176800, 0.937254
0.176900, 0.937803
0.177000, 0.938320
0.177100, 0.938658
0.177200, 0.938740
0.177300, 0.938509
0.177400, 0.937992
0.177500, 0.937258
0.177600, 0.936419
0.177700, 0.935577
0.177800, 0.934841
0.177900, 0.934273
0.178000, 0.933893
0.178100, 0.933702
0.178200, 0.933653
0.178300, 0.933710
0.178400, 0.933842
0.178500, 0.934006
0.178600, 0.934185
0.178700, 0.934353
0.178800, 0.934486
0.178900, 0.934590
0.179000, 0.934634
0.179100, 0.934615
0.179200, 0.934523
0.179300, 0.934350
0.179400, 0.934102
0.179500, 0.933772
0.179600, 0.933394
0.179700, 0.932991
0.179800, 0.932587
0.179900, 0.932209
0.180000, 0.931871
0.180100, 0.931595
0.180200, 0.931370
0.180300, 0.931213
0.180400, 0.931126
0.180500, 0.931106
0.180600, 0.931138
0.180700, 0.931178
0.180800, 0.931168
0.180900, 0.931063
0.181000, 0.930866
0.181100, 0.930634
0.181200, 0.930478
0.181300, 0.930508
0.181400, 0.930791
0.181500, 0.931295
0.181600, 0.931875
0.181700, 0.932344
0.181800, 0.932525
0.181900, 0.932343
0.182000, 0.931849
0.182100, 0.931221
0.182200, 0.930676
0.182300, 0.930372
0.182400, 0.930364
0.182500, 0.930579
0.182600, 0.930869
0.182700, 0.931107
0.182800, 0.931229
0.182900, 0.931266
0.183000, 0.931299
0.183100, 0.931387
0.183200, 0.931520
0.183300, 0.931628
0.183400, 0.931632
0.183500, 0.931512
0.183600, 0.931350
0.183700, 0.931312
0.183800, 0.931547
0.183900, 0.932085
0.184000, 0.932775
0.184100, 0.933308
0.184200, 0.933349
0.184300, 0.932674
0.184400, 0.931334
0.184500, 0.929637
0.184600, 0.928061
0.184700, 0.927068
0.184800, 0.926908
0.184900, 0.927536
0.185000, 0.928643
0.185100, 0.929822
0.185200, 0.930713
0.185300, 0.931168
0.185400, 0.931218
0.185500, 0.931049
0.185600, 0.930805
0.185700, 0.930539
0.185800, 0.930154
0.185900, 0.929540
0.186000, 0.928600
0.186100, 0.927415
0.186200, 0.926156
0.186300, 0.925097
0.186400, 0.924392
0.186500, 0.924129
0.186600, 0.924189
0.186700, 0.924444
0.186800, 0.924745
0.186900, 0.925067
0.187000, 0.925431
0.187100, 0.925915
0.187200, 0.926496
0.187300, 0.927073
0.187400, 0.927479
0.187500, 0.927560
0.187600, 0.927336
0.187700, 0.926964
0.187800, 0.926752
0.187900, 0.926983
0.188000, 0.927771
0.188100, 0.929022
0.188200, 0.930421
0.188300, 0.931578
0.188400, 0.932200
0.188500, 0.932194
0.188600, 0.931705
0.188700, 0.931013
0.188800, 0.930412
0.188900, 0.930066
0.189000, 0.929977
0.189100, 0.930004
0.189200, 0.929994
0.189300, 0.929844
0.189400, 0.929574
0.189500, 0.929287
0.189600, 0.929109
0.189700, 0.929133
0.189800, 0.929357
0.189900, 0.929728
0.190000, 0.930149
0.190100, 0.930542
0.190200, 0.930834
0.190300, 0.930982
0.190400, 0.930932
0.190500, 0.930674
0.190600, 0.930213
0.190700, 0.929643
0.190800, 0.929136
0.190900, 0.928862
0.191000, 0.928919
0.191100, 0.929270
0.191200, 0.929712
0.191300, 0.929954
0.191400, 0.929763
0.191500, 0.929098
0.191600, 0.928160
0.191700, 0.927363
0.191800, 0.927136
0.191900, 0.927772
0.192000, 0.929222
0.192100, 0.931163
0.192200, 0.933079
0.192300, 0.934511
0.192400, 0.935230
0.192500, 0.935328
0.192600, 0.935128
0.192700, 0.935011
0.192800, 0.935212
0.192900, 0.935706
0.193000, 0.936234
0.193100, 0.936479
0.193200, 0.936209
0.193300, 0.935442
0.193400, 0.934415
0.193500, 0.933495
0.193600, 0.932971
0.193700, 0.932956
0.193800, 0.933308
0.193900, 0.933733
0.194000, 0.933925
0.194100, 0.933702
0.194200, 0.933072
0.194300, 0.932206
0.194400, 0.931343
0.194500, 0.930679
0.194600, 0.930290
0.194700, 0.930153
0.194800, 0.930164
0.194900, 0.930216
0.195000, 0.930233
0.195100, 0.930177
0.195200, 0.930029
0.195300, 0.929778
0.195400, 0.929407
0.195500, 0.928925
0.195600, 0.928368
0.195700, 0.927812
0.195800, 0.927344
0.195900, 0.927013
0.196000, 0.926814
0.196100, 0.926693
0.196200, 0.926579
0.196300, 0.926438
0.196400, 0.926301
0.196500, 0.926251
0.196600, 0.926374
0.196700, 0.926688
0.196800, 0.927107
0.196900, 0.927479
0.197000, 0.927633
0.197100, 0.927482
0.197200, 0.927065
0.197300, 0.926546
0.197400, 0.926119
0.197500, 0.925916
0.197600, 0.925927
0.197700, 0.925998
0.197800, 0.925921
0.197900, 0.925558
0.198000, 0.924907
0.198100, 0.924148
0.198200, 0.923550
0.198300, 0.923345
0.198400, 0.923579
0.198500, 0.924141
0.198600, 0.924743
0.198700, 0.925070
0.198800, 0.924953
0.198900, 0.924403
0.199000, 0.923651
0.199100, 0.922975
0.199200, 0.922619
0.199300, 0.922666
0.199400, 0.923044
0.199500, 0.923533
0.199600, 0.923963
0.199700, 0.924241
0.199800, 0.924401
0.199900, 0.924571
0.200000, 0.924842
0.200100, 0.925215
0.200200, 0.925561
0.200300, 0.925682
0.200400, 0.925418
0.200500, 0.924739
0.200600, 0.923811
0.200700, 0.922928
0.200800, 0.922416
0.200900, 0.922478
0.201000, 0.923102
0.201100, 0.924050
0.201200, 0.924935
0.201300, 0.925382
0.201400, 0.925176
0.201500, 0.924358
0.201600, 0.923214
0.201700, 0.922163
0.201800, 0.921599
0.201900, 0.921729
0.202000, 0.922495
0.202100, 0.923598
0.202200, 0.924621
0.202300, 0.925175
0.202400, 0.925060
0.202500, 0.924318
0.202600, 0.923210
0.202700, 0.922089
0.202800, 0.921242
0.202900, 0.920795
0.203000, 0.920670
0.203100, 0.920642
0.203200, 0.920470
0.203300, 0.920000
0.203400, 0.919254
0.203500, 0.918408
0.203600, 0.917714
0.203700, 0.917360
0.203800, 0.917415
0.203900, 0.917760
0.204000, 0.918173
0.204100, 0.918391
0.204200, 0.918230
0.204300, 0.917640
0.204400, 0.916715
0.204500, 0.915641
0.204600, 0.914609
0.204700, 0.913771
0.204800, 0.913184
0.204900, 0.912830
0.205000, 0.912632
0.205100, 0.912498
0.205200, 0.912341
0.205300, 0.912102
0.205400, 0.911745
0.205500, 0.911273
0.205600, 0.910712
0.205700, 0.910121
0.205800, 0.909564
0.205900, 0.909096
0.206000, 0.908732
0.206100, 0.908441
0.206200, 0.908147
0.206300, 0.907770
0.206400, 0.907259
0.206500, 0.906651
0.206600, 0.906016
0.206700, 0.905486
0.206800, 0.905171
0.206900, 0.905095
0.207000, 0.905189
0.207100, 0.905328
0.207200, 0.905344
0.207300, 0.905130
0.207400, 0.904636
0.207500, 0.903950
0.207600, 0.903206
0.207700, 0.902565
0.207800, 0.902151
0.207900, 0.902000
0.208000, 0.902086
0.208100, 0.902300
0.208200, 0.902525
0.208300, 0.902668
0.208400, 0.902681
0.208500, 0.902576
0.208600, 0.902386
0.208700, 0.902157
0.208800, 0.901932
0.208900, 0.901714
0.209000, 0.901484
0.209100, 0.901226
0.209200, 0.900939
0.209300, 0.900649
0.209400, 0.900420
0.209500, 0.900315
0.209600, 0.900372
0.209700, 0.900565
0.209800, 0.900804
0.209900, 0.900930
0.210000, 0.900814
0.210100, 0.900391
0.210200, 0.899738
0.210300, 0.899081
0.210400, 0.898692
0.210500, 0.898804
0.210600, 0.899508
0.210700, 0.900681
0.210800, 0.902002
0.210900, 0.903059
0.211000, 0.903553
0.211100, 0.903357
0.211200, 0.902584
0.211300, 0.901562
0.211400, 0.900671
0.211500, 0.900209
0.211600, 0.900221
0.211700, 0.900551
0.211800, 0.900911
0.211900, 0.901020
0.212000, 0.900766
0.212100, 0.900236
0.212200, 0.899685
0.212300, 0.899401
0.212400, 0.899574
0.212500, 0.900162
0.212600, 0.900955
0.212700, 0.901640
0.212800, 0.901951
0.212900, 0.901775
0.213000, 0.901203
0.213100, 0.900454
0.213200, 0.899767
0.213300, 0.899302
0.213400, 0.899071
0.213500, 0.898955
0.213600, 0.898804
0.213700, 0.898526
0.213800, 0.898125
0.213900, 0.897713
0.214000, 0.897429
0.214100, 0.897354
0.214200, 0.897474
0.214300, 0.897670
0.214400, 0.897796
0.214500, 0.897764
0.214600, 0.897578
0.214700, 0.897350
0.214800, 0.897232
0.214900, 0.897336
0.215000, 0.897662
0.215100, 0.898115
0.215200, 0.898549
0.215300, 0.898850
0.215400, 0.898998
0.215500, 0.899080
0.215600, 0.899226
0.215700, 0.899543
0.215800, 0.900021
0.215900, 0.900526
0.216000, 0.900866
0.216100, 0.900869
0.216200, 0.900478
0.216300, 0.899790
0.216400, 0.899035
0.216500, 0.898462
0.216600, 0.898247
0.216700, 0.898409
0.216800, 0.898836
0.216900, 0.899314
0.217000, 0.899673
0.217100, 0.899816
0.217200, 0.899783
0.217300, 0.899690
0.217400, 0.899673
0.217500, 0.899809
0.217600, 0.900089
0.217700, 0.900426
0.217800, 0.900698
0.217900, 0.900798
0.218000, 0.900669
0.218100, 0.900297
0.218200, 0.899688
0.218300, 0.898874
0.218400, 0.897895
0.218500, 0.896827
0.218600, 0.895782
0.218700, 0.894904
0.218800, 0.894322
0.218900, 0.894099
0.219000, 0.894192
0.219100, 0.894456
0.219200, 0.894696
0.219300, 0.894754
0.219400, 0.894583
0.219500, 0.894261
0.219600, 0.893961
0.219700, 0.893856
0.219800, 0.894020
0.219900, 0.894392
0.220000, 0.894781
0.220100, 0.894964
0.220200, 0.894789
0.220300, 0.894261
0.220400, 0.893529
0.220500, 0.892826
0.220600, 0.892353
0.220700, 0.892180
0.220800, 0.892226
0.220900, 0.892293
0.221000, 0.892169
0.221100, 0.891723
0.221200, 0.890967
0.221300, 0.890038
0.221400, 0.889122
0.221500, 0.888373
0.221600, 0.887877
0.221700, 0.887613
0.221800, 0.887518
0.221900, 0.887537
0.222000, 0.887633
0.222100, 0.887807
0.222200, 0.888043
0.222300, 0.888319
0.222400, 0.888564
0.222500, 0.888687
0.222600, 0.888658
0.222700, 0.888477
0.222800, 0.888231
0.222900, 0.888004
0.223000, 0.887875
0.223100, 0.887798
0.223200, 0.887693
0.223300, 0.887430
0.223400, 0.886955
0.223500, 0.886309
0.223600, 0.885595
0.223700, 0.885008
0.223800, 0.884668
0.223900, 0.884609
0.224000, 0.884710
0.224100, 0.884840
0.224200, 0.884834
0.224300, 0.884622
0.224400, 0.884256
0.224500, 0.883880
0.224600, 0.883591
0.224700, 0.883467
0.224800, 0.883456
0.224900, 0.883484
0.225000, 0.883421
0.225100, 0.883246
0.225200, 0.882977
0.225300, 0.882668
0.225400, 0.882351
0.225500, 0.881989
0.225600, 0.881500
0.225700, 0.880802
0.225800, 0.879932
0.225900, 0.879036
0.226000, 0.878390
0.226100, 0.878254
0.226200, 0.878744
0.226300, 0.879704
0.226400, 0.880797
0.226500, 0.881553
0.226600, 0.881616
0.226700, 0.880895
0.226800, 0.879628
0.226900, 0.878295
0.227000, 0.877447
0.227100, 0.877428
0.227200, 0.878286
0.227300, 0.879714
0.227400, 0.881214
0.227500, 0.882325
0.227600, 0.882757
0.227700, 0.882549
0.227800, 0.881923
0.227900, 0.881233
0.228000, 0.880722
0.228100, 0.880435
0.228200, 0.880272
0.228300, 0.880000
0.228400, 0.879487
0.228500, 0.878716
0.228600, 0.877816
0.228700, 0.877030
0.228800, 0.876578
0.228900, 0.876533
0.229000, 0.876864
0.229100, 0.877401
0.229200, 0.877947
0.229300, 0.878372
0.229400, 0.878604
0.229500, 0.878683
0.229600, 0.878687
0.229700, 0.878689
0.229800, 0.878721
0.229900, 0.878792
0.230000, 0.878864
0.230100, 0.878899
0.230200, 0.878895
0.230300, 0.878830
0.230400, 0.878721
0.230500, 0.878567
0.230600, 0.878384
0.230700, 0.878166
0.230800, 0.877949
0.230900, 0.877737
0.231000, 0.877544
0.231100, 0.877373
0.231200, 0.877192
0.231300, 0.876976
0.231400, 0.876715
0.231500, 0.876415
0.231600, 0.876148
0.231700, 0.875978
0.231800, 0.875961
0.231900, 0.876101
0.232000, 0.876345
0.232100, 0.876587
0.232200, 0.876721
0.232300, 0.876675
0.232400, 0.876442
0.232500, 0.876106
0.232600, 0.875774
0.232700, 0.875565
0.232800, 0.875554
0.232900, 0.875747
0.233000, 0.876100
0.233100, 0.876536
0.233200, 0.876983
0.233300, 0.877388
0.233400, 0.877730
0.233500, 0.877989
0.233600, 0.878146
0.233700, 0.878175
0.233800, 0.878034
0.233900, 0.877705
0.234000, 0.877208
0.234100, 0.876620
0.234200, 0.876046
0.234300, 0.875612
0.234400, 0.875399
0.234500, 0.875437
0.234600, 0.875666
0.234700, 0.875967
0.234800, 0.876200
0.234900, 0.876251
0.235000, 0.876075
0.235100, 0.875728
0.235200, 0.875353
0.235300, 0.875092
0.235400, 0.875090
0.235500, 0.875383
0.235600, 0.875893
0.235700, 0.876460
0.235800, 0.876889
0.235900, 0.877024
0.236000, 0.876829
0.236100, 0.876392
0.236200, 0.875908
0.236300, 0.875578
0.236400, 0.875557
0.236500, 0.875872
0.236600, 0.876419
0.236700, 0.877037
0.236800, 0.877550
0.236900, 0.877871
0.237000, 0.878002
0.237100, 0.878040
0.237200, 0.878101
0.237300, 0.878269
0.237400, 0.878538
0.237500, 0.878836
0.237600, 0.879055
0.237700, 0.879110
0.237800, 0.878960
0.237900, 0.878620
0.238000, 0.878147
0.238100, 0.877575
0.238200, 0.876962
0.238300, 0.876328
0.238400, 0.875718
0.238500, 0.875210
0.238600, 0.874882
0.238700, 0.874799
0.238800, 0.874970
0.238900, 0.875297
0.239000, 0.875627
0.239100, 0.875798
0.239200, 0.875700
0.239300, 0.875345
0.239400, 0.874834
0.239500, 0.874334
0.239600, 0.873970
0.239700, 0.873785
0.239800, 0.873663
0.239900, 0.873442
0.240000, 0.873005
0.240100, 0.872284
0.240200, 0.871370
0.240300, 0.870485
0.240400, 0.869839
0.240500, 0.869570
0.240600, 0.869690
0.240700, 0.870079
0.240800, 0.870558
0.240900, 0.870977
0.241000, 0.871247
0.241100, 0.871397
0.241200, 0.871507
0.241300, 0.871664
0.241400, 0.871913
0.241500, 0.872233
0.241600, 0.872572
0.241700, 0.872874
0.241800, 0.873093
0.241900, 0.873220
0.242000, 0.873245
0.242100, 0.873142
0.242200, 0.872856
0.242300, 0.872375
0.242400, 0.871727
0.242500, 0.870998
0.242600, 0.870346
0.242700, 0.869953
0.242800, 0.869923
0.242900, 0.870220
0.243000, 0.870697
0.243100, 0.871105
0.243200, 0.871216
0.243300, 0.870884
0.243400, 0.870173
0.243500, 0.869249
0.243600, 0.868404
0.243700, 0.867840
0.243800, 0.867718
0.243900, 0.867990
0.244000, 0.868499
0.244100, 0.869029
0.244200, 0.869395
0.244300, 0.869503
0.244400, 0.869371
0.244500, 0.869098
0.244600, 0.868818
0.244700, 0.868641
0.244800, 0.868609
0.244900, 0.868721
0.245000, 0.868936
0.245100, 0.869217
0.245200, 0.869534
0.245300, 0.869876
0.245400, 0.870230
0.245500, 0.870564
0.245600, 0.870821
0.245700, 0.870949
0.245800, 0.870864
0.245900, 0.870550
0.246000, 0.870056
0.246100, 0.869471
0.246200, 0.868928
0.246300, 0.868523
0.246400, 0.868326
0.246500, 0.868353
0.246600, 0.868567
0.246700, 0.868880
0.246800, 0.869246
0.246900, 0.869628
0.247000, 0.870025
0.247100, 0.870434
0.247200, 0.870804
0.247300, 0.871075
0.247400, 0.871178
0.247500, 0.871040
0.247600, 0.870678
0.247700, 0.870195
0.247800, 0.869776
0.247900, 0.869576
0.248000, 0.869724
0.248100, 0.870209
0.248200, 0.870892
0.248300, 0.871574
0.248400, 0.872066
0.248500, 0.872272
0.248600, 0.872242
0.248700, 0.872135
0.248800, 0.872154
0.248900, 0.872440
0.249000, 0.873001
0.249100, 0.873722
0.249200, 0.874367
0.249300, 0.874714
0.249400, 0.874636
0.249500, 0.874138
0.249600, 0.873373
0.249700, 0.872540
0.249800, 0.871832
0.249900, 0.871349
0.250000, 0.871096
0.250100, 0.870968
0.250200, 0.870859
0.250300, 0.870668
0.250400, 0.870363
0.250500, 0.869986
0.250600, 0.869600
0.250700, 0.869293
0.250800, 0.869093
0.250900, 0.869001
0.251000, 0.868984
0.251100, 0.869005
0.251200, 0.869040
0.251300, 0.869139
0.251400, 0.869371
0.251500, 0.869770
0.251600, 0.870358
0.251700, 0.871058
0.251800, 0.871717
0.251900, 0.872133
0.252000, 0.872160
0.252100, 0.871727
0.252200, 0.870890
0.252300, 0.869818
0.252400, 0.868753
0.252500, 0.867905
0.252600, 0.867370
0.252700, 0.867132
0.252800, 0.867048
0.252900, 0.866941
0.253000, 0.866674
0.253100, 0.866221
0.253200, 0.865661
0.253300, 0.865129
0.253400, 0.864768
0.253500, 0.864642
0.253600, 0.864723
0.253700, 0.864905
0.253800, 0.865062
0.253900, 0.865109
0.254000, 0.865006
0.254100, 0.864767
0.254200, 0.864461
0.254300, 0.864111
0.254400, 0.863724
0.254500, 0.863276
0.254600, 0.862729
0.254700, 0.862089
0.254800, 0.861392
0.254900, 0.860719
0.255000, 0.860170
0.255100, 0.859845
0.255200, 0.859803
0.255300, 0.860058
0.255400, 0.860579
0.255500, 0.861271
0.255600, 0.862011
0.255700, 0.862631
0.255800, 0.862976
0.255900, 0.862936
0.256000, 0.862488
0.256100, 0.861718
0.256200, 0.860805
0.256300, 0.859968
0.256400, 0.859385
0.256500, 0.859132
0.256600, 0.859148
0.256700, 0.859278
0.256800, 0.859334
0.256900, 0.859180
0.257000, 0.858806
0.257100, 0.858308
0.257200, 0.857853
0.257300, 0.857595
0.257400, 0.857607
0.257500, 0.857841
0.257600, 0.858175
0.257700, 0.858450
0.257800, 0.858540
0.257900, 0.858374
0.258000, 0.857960
0.258100, 0.857349
0.258200, 0.856619
0.258300, 0.855839
0.258400, 0.855092
0.258500, 0.854472
0.258600, 0.854047
0.258700, 0.853870
0.258800, 0.853924
0.258900, 0.854097
0.259000, 0.854259
0.259100, 0.854244
0.259200, 0.853990
0.259300, 0.853549
0.259400, 0.853082
0.259500, 0.852793
0.259600, 0.852825
0.259700, 0.853194
0.259800, 0.853761
0.259900, 0.854294
0.260000, 0.854587
0.260100, 0.854563
0.260200, 0.854300
0.260300, 0.854007
0.260400, 0.853911
0.260500, 0.854127
0.260600, 0.854624
0.260700, 0.855202
0.260800, 0.855637
0.260900, 0.855766
0.261000, 0.855580
0.261100, 0.855217
0.261200, 0.854896
0.261300, 0.854760
0.261400, 0.854857
0.261500, 0.855058
0.261600, 0.855179
0.261700, 0.855083
0.261800, 0.854755
0.261900, 0.854348
0.262000, 0.854073
0.262100, 0.854113
0.262200, 0.854483
0.262300, 0.855042
0.262400, 0.855520
0.262500, 0.855646
0.262600, 0.855327
0.262700, 0.854661
0.262800, 0.853938
0.262900, 0.853499
0.263000, 0.853597
0.263100, 0.854270
0.263200, 0.855324
0.263300, 0.856419
0.263400, 0.857207
0.263500, 0.857473
0.263600, 0.857204
0.263700, 0.856577
0.263800, 0.855867
0.263900, 0.855313
0.264000, 0.855027
0.264100, 0.854958
0.264200, 0.854940
0.264300, 0.854784
0.264400, 0.854364
0.264500, 0.853672
0.264600, 0.852812
0.264700, 0.851952
0.264800, 0.851254
0.264900, 0.850815
0.265000, 0.850652
0.265100, 0.850746
0.265200, 0.851034
0.265300, 0.851482
0.265400, 0.852069
0.265500, 0.852781
0.265600, 0.853577
0.265700, 0.854371
0.265800, 0.855022
0.265900, 0.855378
0.266000, 0.855360
0.266100, 0.854978
0.266200, 0.854343
0.266300, 0.853667
0.266400, 0.853152
0.266500, 0.852945
0.266600, 0.853033
0.266700, 0.853315
0.266800, 0.853545
0.266900, 0.853516
0.267000, 0.853076
0.267100, 0.852249
0.267200, 0.851168
0.267300, 0.850017
0.267400, 0.849010
0.267500, 0.848262
0.267600, 0.847776
0.267700, 0.847545
0.267800, 0.847381
0.267900, 0.847278
0.268000, 0.847145
0.268100, 0.847027
0.268200, 0.846944
0.268300, 0.846850
0.268400, 0.846703
0.268500, 0.846404
0.268600, 0.845869
0.268700, 0.845052
0.268800, 0.843998
0.268900, 0.842801
0.269000, 0.841567
0.269100, 0.840435
0.269200, 0.839455
0.269300, 0.838666
0.269400, 0.838105
0.269500, 0.837744
0.269600, 0.837585
0.269700, 0.837590
0.269800, 0.837704
0.269900, 0.837807
0.270000, 0.837818
0.270100, 0.837656
0.270200, 0.837326
0.270300, 0.836926
0.270400, 0.836567
0.270500, 0.836365
0.270600, 0.836336
0.270700, 0.836399
0.270800, 0.836384
0.270900, 0.836149
0.271000, 0.835623
0.271100, 0.834871
0.271200, 0.834064
0.271300, 0.833414
0.271400, 0.833033
0.271500, 0.832932
0.271600, 0.832983
0.271700, 0.833006
0.271800, 0.832864
0.271900, 0.832554
0.272000, 0.832182
0.272100, 0.831914
0.272200, 0.831869
0.272300, 0.832042
0.272400, 0.832294
0.272500, 0.832406
0.272600, 0.832225
0.272700, 0.831744
0.272800, 0.831090
0.272900, 0.830500
0.273000, 0.830156
0.273100, 0.830147
0.273200, 0.830372
0.273300, 0.830636
0.273400, 0.830732
0.273500, 0.830574
0.273600, 0.830206
0.273700, 0.829799
0.273800, 0.829515
0.273900, 0.829426
0.274000, 0.829485
0.274100, 0.829522
0.274200, 0.829390
0.274300, 0.829019
0.274400, 0.828485
0.274500, 0.827991
0.274600, 0.827724
0.274700, 0.827814
0.274800, 0.828228
0.274900, 0.828815
0.275000, 0.829378
0.275100, 0.829750
0.275200, 0.829919
0.275300, 0.829914
0.275400, 0.829835
0.275500, 0.829717
0.275600, 0.829533
0.275700, 0.829177
0.275800, 0.828560
0.275900, 0.827674
0.276000, 0.826633
0.276100, 0.825634
0.276200, 0.824889
0.276300, 0.824484
0.276400, 0.824393
0.276500, 0.824444
0.276600, 0.824454
0.276700, 0.824279
0.276800, 0.823878
0.276900, 0.823400
0.277000, 0.822996
0.277100, 0.822817
0.277200, 0.822866
0.277300, 0.823051
0.277400, 0.823197
0.277500, 0.823165
0.277600, 0.822909
0.277700, 0.822490
0.277800, 0.822090
0.277900, 0.821847
0.278000, 0.821843
0.278100, 0.822028
0.278200, 0.822254
0.278300, 0.822376
0.278400, 0.822294
0.278500, 0.822036
0.278600, 0.821724
0.278700, 0.821506
0.278800, 0.821494
0.278900, 0.821687
0.279000, 0.822001
0.279100, 0.822273
0.279200, 0.822382
0.279300, 0.822268
0.279400, 0.821987
0.279500, 0.821657
0.279600, 0.821398
0.279700, 0.821266
0.279800, 0.821259
0.279900, 0.821312
0.280000, 0.821320
0.280100, 0.821247
0.280200, 0.821110
0.280300, 0.820965
0.280400, 0.820896
0.280500, 0.820955
0.280600, 0.821074
0.280700, 0.821194
0.280800, 0.821218
0.280900, 0.821066
0.281000, 0.820757
0.281100, 0.820351
0.281200, 0.819994
0.281300, 0.819796
0.281400, 0.819824
0.281500, 0.820061
0.281600, 0.820463
0.281700, 0.820856
0.281800, 0.821199
0.281900, 0.821413
0.282000, 0.821569
0.282100, 0.821661
0.282200, 0.821789
0.282300, 0.821918
0.282400, 0.822050
0.282500, 0.822081
0.282600, 0.821929
0.282700, 0.821574
0.282800, 0.821054
0.282900, 0.820515
0.283000, 0.820127
0.283100, 0.820053
0.283200, 0.820343
0.283300, 0.820936
0.283400, 0.821624
0.283500, 0.822176
0.283600, 0.822379
0.283700, 0.822155
0.283800, 0.821597
0.283900, 0.820930
0.284000, 0.820407
0.284100, 0.820221
0.284200, 0.820407
0.284300, 0.820843
0.284400, 0.821293
0.284500, 0.821533
0.284600, 0.821453
0.284700, 0.821084
0.284800, 0.820580
0.284900, 0.820127
0.285000, 0.819839
0.285100, 0.819694
0.285200, 0.819561
0.285300, 0.819292
0.285400, 0.818807
0.285500, 0.818163
0.285600, 0.817568
0.285700, 0.817246
0.285800, 0.817352
0.285900, 0.817857
0.286000, 0.818520
0.286100, 0.819027
0.286200, 0.819077
0.286300, 0.818546
0.286400, 0.817533
0.286500, 0.816294
0.286600, 0.815158
0.286700, 0.814333
0.286800, 0.813871
0.286900, 0.813661
0.287000, 0.813471
0.287100, 0.813147
0.287200, 0.812631
0.287300, 0.812020
0.287400, 0.811508
0.287500, 0.811245
0.287600, 0.811306
0.287700, 0.811622
0.287800, 0.812053
0.287900, 0.812444
0.288000, 0.812660
0.288100, 0.812696
0.288200, 0.812597
0.288300, 0.812432
0.288400, 0.812232
0.288500, 0.812002
0.288600, 0.811727
0.288700, 0.811412
0.288800, 0.811108
0.288900, 0.810863
0.289000, 0.810744
0.289100, 0.810746
0.289200, 0.810806
0.289300, 0.810837
0.289400, 0.810746
0.289500, 0.810524
0.289600, 0.810245
0.289700, 0.810023
0.289800, 0.809983
0.289900, 0.810163
0.290000, 0.810501
0.290100, 0.810869
0.290200, 0.811118
0.290300, 0.811173
0.290400, 0.811053
0.290500, 0.810870
0.290600, 0.810746
0.290700, 0.810769
0.290800, 0.810935
0.290900, 0.811141
0.291000, 0.811253
0.291100, 0.811167
0.291200, 0.810847
0.291300, 0.810346
0.291400, 0.809778
0.291500, 0.809238
0.291600, 0.808795
0.291700, 0.808458
0.291800, 0.808203
0.291900, 0.807989
0.292000, 0.807817
0.292100, 0.807678
0.292200, 0.807585
0.292300, 0.807518
0.292400, 0.807463
0.292500, 0.807367
0.292600, 0.807243
0.292700, 0.807133
0.292800, 0.807095
0.292900, 0.807186
0.293000, 0.807421
0.293100, 0.807753
0.293200, 0.808067
0.293300, 0.808250
0.293400, 0.808241
0.293500, 0.808022
0.293600, 0.807671
0.293700, 0.807280
0.293800, 0.806906
0.293900, 0.806528
0.294000, 0.806053
0.294100, 0.805407
0.294200, 0.804504
0.294300, 0.803442
0.294400, 0.802345
0.294500, 0.801437
0.294600, 0.800922
0.294700, 0.800869
0.294800, 0.801193
0.294900, 0.801739
0.295000, 0.802284
0.295100, 0.802622
0.295200, 0.802692
0.295300, 0.802542
0.295400, 0.802288
0.295500, 0.802085
0.295600, 0.801991
0.295700, 0.802036
0.295800, 0.802152
0.295900, 0.802248
0.296000, 0.802258
0.296100, 0.802170
0.296200, 0.802045
0.296300, 0.801971
0.296400, 0.802019
0.296500, 0.802195
0.296600, 0.802441
0.296700, 0.802630
0.296800, 0.802625
0.296900, 0.802349
0.297000, 0.801806
0.297100, 0.801119
0.297200, 0.800445
0.297300, 0.799959
0.297400, 0.799752
0.297500, 0.799767
0.297600, 0.799912
0.297700, 0.799997
0.297800, 0.799899
0.297900, 0.799597
0.298000, 0.799147
0.298100, 0.798731
0.298200, 0.798525
0.298300, 0.798578
0.298400, 0.798847
0.298500, 0.799177
0.298600, 0.799360
0.298700, 0.799297
0.298800, 0.798948
0.298900, 0.798508
0.299000, 0.798125
0.299100, 0.797991
0.299200, 0.798167
0.299300, 0.798566
0.299400, 0.799011
0.299500, 0.799355
0.299600, 0.799479
0.299700, 0.799425
0.299800, 0.799286
0.299900, 0.799201
0.300000, 0.799249
0.300100, 0.799404
0.300200, 0.799570
0.300300, 0.799612
0.300400, 0.799441
0.300500, 0.799021
0.300600, 0.798428
0.300700, 0.797734
0.300800, 0.797059
0.300900, 0.796444
0.301000, 0.795897
0.301100, 0.795396
0.301200, 0.794934
0.301300, 0.794517
0.301400, 0.794168
0.301500, 0.793902
0.301600, 0.793695
0.301700, 0.793521
0.301800, 0.793312
0.301900, 0.793057
0.302000, 0.792784
0.302100, 0.792565
0.302200, 0.792477
0.302300, 0.792566
0.302400, 0.792811
0.302500, 0.793133
0.302600, 0.793429
0.302700, 0.793594
0.302800, 0.793629
0.302900, 0.793571
0.303000, 0.793484
0.303100, 0.793427
0.303200, 0.793389
0.303300, 0.793322
0.303400, 0.793135
0.303500, 0.792797
0.303600, 0.792279
0.303700, 0.791664
0.303800, 0.791004
0.303900, 0.790357
0.304000, 0.789713
0.304100, 0.789042
0.304200, 0.788306
0.304300, 0.787530
0.304400, 0.786797
0.304500, 0.786240
0.304600, 0.785968
0.304700, 0.786005
0.304800, 0.786241
0.304900, 0.786468
0.305000, 0.786450
0.305100, 0.786047
0.305200, 0.785274
0.305300, 0.784315
0.305400, 0.783459
0.305500, 0.782958
0.305600, 0.782928
0.305700, 0.783309
0.305800, 0.783879
0.305900, 0.784361
0.306000, 0.784557
0.306100, 0.784441
0.306200, 0.784122
0.306300, 0.783820
0.306400, 0.783723
0.306500, 0.783882
0.306600, 0.784215
0.306700, 0.784517
0.306800, 0.784586
0.306900, 0.784335
0.307000, 0.783813
0.307100, 0.783177
0.307200, 0.782637
0.307300, 0.782318
0.307400, 0.782206
0.307500, 0.782169
0.307600, 0.782051
0.307700, 0.781696
0.307800, 0.781088
0.307900, 0.780344
0.308000, 0.779608
0.308100, 0.779051
0.308200, 0.778692
0.308300, 0.778492
0.308400, 0.778296
0.308500, 0.777979
0.308600, 0.777514
0.308700, 0.776945
0.308800, 0.776422
0.308900, 0.776034
0.309000, 0.775812
0.309100, 0.775676
0.309200, 0.775476
0.309300, 0.775086
0.309400, 0.774469
0.309500, 0.773706
0.309600, 0.772957
0.309700, 0.772392
0.309800, 0.772081
0.309900, 0.771923
0.310000, 0.771832
0.310100, 0.771587
0.310200, 0.771128
0.310300, 0.770481
0.310400, 0.769794
0.310500, 0.769247
0.310600, 0.768871
0.310700, 0.768624
0.310800, 0.768327
0.310900, 0.767771
0.311000, 0.766855
0.311100, 0.765611
0.311200, 0.764262
0.311300, 0.763088
0.311400, 0.762302
0.311500, 0.762010
0.311600, 0.762101
0.311700, 0.762383
0.311800, 0.762637
0.311900, 0.762759
0.312000, 0.762728
0.312100, 0.762669
0.312200, 0.762697
0.312300, 0.762840
0.312400, 0.762999
0.312500, 0.763008
0.312600, 0.762737
0.312700, 0.762123
0.312800, 0.761305
0.312900, 0.760496
0.313000, 0.759974
0.313100, 0.759842
0.313200, 0.760141
0.313300, 0.760681
0.313400, 0.761208
0.313500, 0.761528
0.313600, 0.761547
0.313700, 0.761332
0.313800, 0.761053
0.313900, 0.760883
0.314000, 0.760878
0.314100, 0.760998
0.314200, 0.761084
0.314300, 0.760998
0.314400, 0.760597
0.314500, 0.759968
0.314600, 0.759199
0.314700, 0.758516
0.314800, 0.758053
0.314900, 0.757841
0.315000, 0.757814
0.315100, 0.757803
0.315200, 0.757639
0.315300, 0.757195
0.315400, 0.756453
0.315500, 0.755486
0.315600, 0.754417
0.315700, 0.753397
0.315800, 0.752485
0.315900, 0.751749
0.316000, 0.751173
0.316100, 0.750696
0.316200, 0.750309
0.316300, 0.749933
0.316400, 0.749601
0.316500, 0.749296
0.316600, 0.749065
0.316700, 0.748985
0.316800, 0.749110
0.316900, 0.749501
0.317000, 0.750142
0.317100, 0.750983
0.317200, 0.751899
0.317300, 0.752754
0.317400, 0.753382
0.317500, 0.753730
0.317600, 0.753800
0.317700, 0.753668
0.317800, 0.753469
0.317900, 0.753328
0.318000, 0.753325
0.318100, 0.753495
0.318200, 0.753816
0.318300, 0.754230
0.318400, 0.754659
0.318500, 0.755016
0.318600, 0.755209
0.318700, 0.755143
0.318800, 0.754753
0.318900, 0.754035
0.319000, 0.753076
0.319100, 0.752026
0.319200, 0.751107
0.319300, 0.750490
0.319400, 0.750267
0.319500, 0.750372
0.319600, 0.750638
0.319700, 0.750838
0.319800, 0.750797
0.319900, 0.750467
0.320000, 0.749961
0.320100, 0.749477
0.320200, 0.749199
0.320300, 0.749215
0.320400, 0.749465
0.320500, 0.749792
0.320600, 0.750009
0.320700, 0.750003
0.320800, 0.749786
0.320900, 0.749451
0.321000, 0.749098
0.321100, 0.748810
0.321200, 0.748510
0.321300, 0.748119
0.321400, 0.747506
0.321500, 0.746698
0.321600, 0.745798
0.321700, 0.744989
0.321800, 0.744446
0.321900, 0.744244
0.322000, 0.744307
0.322100, 0.744442
0.322200, 0.744498
0.322300, 0.744370
0.322400, 0.744094
0.322500, 0.743828
0.322600, 0.743695
0.322700, 0.743731
0.322800, 0.743823
0.322900, 0.743813
0.323000, 0.743586
0.323100, 0.743139
0.323200, 0.742640
0.323300, 0.742349
0.323400, 0.742493
0.323500, 0.743119
0.323600, 0.743988
0.323700, 0.744757
0.323800, 0.745044
0.323900, 0.744608
0.324000, 0.743508
0.324100, 0.741978
0.324200, 0.740427
0.324300, 0.739159
0.324400, 0.738340
0.324500, 0.737900
0.324600, 0.737646
0.324700, 0.737371
0.324800, 0.736959
0.324900, 0.736426
0.325000, 0.735899
0.325100, 0.735492
0.325200, 0.735287
0.325300, 0.735289
0.325400, 0.735449
0.325500, 0.735718
0.325600, 0.736032
0.325700, 0.736374
0.325800, 0.736645
0.325900, 0.736710
0.326000, 0.736446
0.326100, 0.735756
0.326200, 0.734720
0.326300, 0.733572
0.326400, 0.732658
0.326500, 0.732306
0.326600, 0.732683
0.326700, 0.733675
0.326800, 0.734909
0.326900, 0.735912
0.327000, 0.736311
0.327100, 0.735950
0.327200, 0.734991
0.327300, 0.733772
0.327400, 0.732676
0.327500, 0.731937
0.327600, 0.731548
0.327700, 0.731396
0.327800, 0.731230
0.327900, 0.730927
0.328000, 0.730585
0.328100, 0.730361
0.328200, 0.730392
0.328300, 0.730735
0.328400, 0.731200
0.328500, 0.731496
0.328600, 0.731378
0.328700, 0.730782
0.328800, 0.729908
0.328900, 0.729113
0.329000, 0.728767
0.329100, 0.729059
0.329200, 0.729912
0.329300, 0.730988
0.329400, 0.731880
0.329500, 0.732281
0.329600, 0.732115
0.329700, 0.731562
0.329800, 0.730925
0.329900, 0.730471
0.330000, 0.730328
0.330100, 0.730396
0.330200, 0.730505
0.330300, 0.730469
0.330400, 0.730206
0.330500, 0.729725
0.330600, 0.729170
0.330700, 0.728580
0.330800, 0.727947
0.330900, 0.727150
0.331000, 0.726067
0.331100, 0.724731
0.331200, 0.723286
0.331300, 0.721935
0.331400, 0.720982
0.331500, 0.720524
0.331600, 0.720490
0.331700, 0.720650
0.331800, 0.720665
0.331900, 0.720360
0.332000, 0.719673
0.332100, 0.718731
0.332200, 0.717838
0.332300, 0.717148
0.332400, 0.716852
0.332500, 0.716843
0.332600, 0.716967
0.332700, 0.717028
0.332800, 0.716915
0.332900, 0.716639
0.333000, 0.716261
0.333100, 0.715914
0.333200, 0.715666
0.333300, 0.715513
0.333400, 0.715435
0.333500, 0.715361
0.333600, 0.715233
0.333700, 0.714991
0.333800, 0.714596
0.333900, 0.713966
0.334000, 0.713116
0.334100, 0.712048
0.334200, 0.710827
0.334300, 0.709602
0.334400, 0.708511
0.334500, 0.707691
0.334600, 0.707169
0.334700, 0.706856
0.334800, 0.706623
0.334900, 0.706341
0.335000, 0.705956
0.335100, 0.705528
0.335200, 0.705143
0.335300, 0.704918
0.335400, 0.704880
0.335500, 0.704906
0.335600, 0.704819
0.335700, 0.704403
0.335800, 0.703602
0.335900, 0.702446
0.336000, 0.701202
0.336100, 0.700123
0.336200, 0.699455
0.336300, 0.699291
0.336400, 0.699560
0.336500, 0.700058
0.336600, 0.700565
0.336700, 0.700911
0.336800, 0.701031
0.336900, 0.700975
0.337000, 0.700846
0.337100, 0.700726
0.337200, 0.700640
0.337300, 0.700573
0.337400, 0.700474
0.337500, 0.700275
0.337600, 0.699987
0.337700, 0.699650
0.337800, 0.699298
0.337900, 0.698981
0.338000, 0.698694
0.338100, 0.698421
0.338200, 0.698136
0.338300, 0.697819
0.338400, 0.697488
0.338500, 0.697165
0.338600, 0.696867
0.338700, 0.696613
0.338800, 0.696384
0.338900, 0.696169
0.339000, 0.695965
0.339100, 0.695804
0.339200, 0.695712
0.339300, 0.695725
0.339400, 0.695837
0.339500, 0.695971
0.339600, 0.696016
0.339700, 0.695897
0.339800, 0.695565
0.339900, 0.695078
0.340000, 0.694596
0.340100, 0.694286
0.340200, 0.694270
0.340300, 0.694570
0.340400, 0.695051
0.340500, 0.695520
0.340600, 0.695724
0.340700, 0.695537
0.340800, 0.694931
0.340900, 0.694033
0.341000, 0.693035
0.341100, 0.692089
0.341200, 0.691299
0.341300, 0.690641
0.341400, 0.690037
0.341500, 0.689386
0.341600, 0.688683
0.341700, 0.688005
0.341800, 0.687428
0.341900, 0.687016
0.342000, 0.686743
0.342100, 0.686495
0.342200, 0.686111
0.342300, 0.685513
0.342400, 0.684746
0.342500, 0.683952
0.342600, 0.683395
0.342700, 0.683231
0.342800, 0.683502
0.342900, 0.684078
0.343000, 0.684708
0.343100, 0.685129
0.343200, 0.685213
0.343300, 0.684977
0.343400, 0.684593
0.343500, 0.684256
0.343600, 0.684076
0.343700, 0.684034
0.343800, 0.683951
0.343900, 0.683652
0.344000, 0.683009
0.344100, 0.682096
0.344200, 0.681096
0.344300, 0.680260
0.344400, 0.679769
0.344500, 0.679674
0.344600, 0.679865
0.344700, 0.680140
0.344800, 0.680365
0.344900, 0.680466
0.345000, 0.680490
0.345100, 0.680525
0.345200, 0.680674
0.345300, 0.680857
0.345400, 0.681013
0.345500, 0.681028
0.345600, 0.680826
0.345700, 0.680502
0.345800, 0.680141
0.345900, 0.679892
0.346000, 0.679800
0.346100, 0.679786
0.346200, 0.679682
0.346300, 0.679371
0.346400, 0.678831
0.346500, 0.678185
0.346600, 0.677663
0.346700, 0.677499
0.346800, 0.677761
0.346900, 0.678336
0.347000, 0.678992
0.347100, 0.679409
0.347200, 0.679389
0.347300, 0.679004
0.347400, 0.678434
0.347500, 0.678017
0.347600, 0.678022
0.347700, 0.678465
0.347800, 0.679222
0.347900, 0.679991
0.348000, 0.680439
0.348100, 0.680378
0.348200, 0.679779
0.348300, 0.678820
0.348400, 0.677744
0.348500, 0.676844
0.348600, 0.676249
0.348700, 0.676044
0.348800, 0.676114
0.348900, 0.676323
0.349000, 0.676528
0.349100, 0.676630
0.349200, 0.676633
0.349300, 0.676533
0.349400, 0.676466
0.349500, 0.676495
0.349600, 0.676697
0.349700, 0.677074
0.349800, 0.677520
0.349900, 0.677890
0.350000, 0.678020
0.350100, 0.677806
0.350200, 0.677258
0.350300, 0.676509
0.350400, 0.675750
0.350500, 0.675178
0.350600, 0.674892
0.350700, 0.674855
0.350800, 0.674953
0.350900, 0.675026
0.351000, 0.674994
0.351100, 0.674870
0.351200, 0.674751
0.351300, 0.674795
0.351400, 0.675049
0.351500, 0.675467
0.351600, 0.675896
0.351700, 0.676153
0.351800, 0.676153
0.351900, 0.675894
0.352000, 0.675558
0.352100, 0.675367
0.352200, 0.675520
0.352300, 0.676064
0.352400, 0.676905
0.352500, 0.677849
0.352600, 0.678688
0.352700, 0.679272
0.352800, 0.679546
0.352900, 0.679550
0.353000, 0.679329
0.353100, 0.678917
0.353200, 0.678310
0.353300, 0.677502
0.353400, 0.676521
0.353500, 0.675472
0.353600, 0.674489
0.353700, 0.673763
0.353800, 0.673352
0.353900, 0.673307
0.354000, 0.673498
0.354100, 0.673811
0.354200, 0.674101
0.354300, 0.674299
0.354400, 0.674376
0.354500, 0.674321
0.354600, 0.674116
0.354700, 0.673713
0.354800, 0.673073
0.354900, 0.672201
0.355000, 0.671204
0.355100, 0.670271
0.355200, 0.669626
0.355300, 0.669413
0.355400, 0.669636
0.355500, 0.670141
0.355600, 0.670677
0.355700, 0.671017
0.355800, 0.671051
0.355900, 0.670837
0.356000, 0.670574
0.356100, 0.670486
0.356200, 0.670658
0.356300, 0.671043
0.356400, 0.671410
0.356500, 0.671494
0.356600, 0.671135
0.356700, 0.670300
0.356800, 0.669193
0.356900, 0.668097
0.357000, 0.667294
0.357100, 0.666933
0.357200, 0.667019
0.357300, 0.667366
0.357400, 0.667790
0.357500, 0.668115
0.357600, 0.668270
0.357700, 0.668265
0.357800, 0.668164
0.357900, 0.668018
0.358000, 0.667850
0.358100, 0.667655
0.358200, 0.667422
0.358300, 0.667170
0.358400, 0.666924
0.358500, 0.666727
0.358600, 0.666593
0.358700, 0.666514
0.358800, 0.666445
0.358900, 0.666362
0.359000, 0.666279
0.359100, 0.666244
0.359200, 0.666322
0.359300, 0.666526
0.359400, 0.666799
0.359500, 0.667043
0.359600, 0.667138
0.359700, 0.667027
0.359800, 0.666718
0.359900, 0.666345
0.360000, 0.666047
0.360100, 0.665949
0.360200, 0.666046
0.360300, 0.666254
0.360400, 0.666410
0.360500, 0.666389
0.360600, 0.666172
0.360700, 0.665796
0.360800, 0.665434
0.360900, 0.665226
0.361000, 0.665218
0.361100, 0.665379
0.361200, 0.665598
0.361300, 0.665768
0.361400, 0.665829
0.361500, 0.665792
0.361600, 0.665798
0.361700, 0.665920
0.361800, 0.666210
0.361900, 0.666634
0.362000, 0.667065
0.362100, 0.667343
0.362200, 0.667374
0.362300, 0.667105
0.362400, 0.666589
0.362500, 0.665944
0.362600, 0.665325
0.362700, 0.664862
0.362800, 0.664652
0.362900, 0.664715
0.363000, 0.665005
0.363100, 0.665405
0.363200, 0.665744
0.363300, 0.665867
0.363400, 0.665682
0.363500, 0.665203
0.363600, 0.664610
0.363700, 0.664149
0.363800, 0.664082
0.363900, 0.664594
0.364000, 0.665657
0.364100, 0.667093
0.364200, 0.668587
0.364300, 0.669838
0.364400, 0.670651
0.364500, 0.671017
0.364600, 0.671051
0.364700, 0.670935
0.364800, 0.670778
0.364900, 0.670564
0.365000, 0.670202
0.365100, 0.669565
0.365200, 0.668643
0.365300, 0.667592
0.365400, 0.666653
0.365500, 0.666083
0.365600, 0.666019
0.365700, 0.666370
0.365800, 0.666889
0.365900, 0.667255
0.366000, 0.667225
0.366100, 0.666756
0.366200, 0.666027
0.366300, 0.665312
0.366400, 0.664864
0.366500, 0.664772
0.366600, 0.664970
0.366700, 0.665276
0.366800, 0.665491
0.366900, 0.665564
0.367000, 0.665596
0.367100, 0.665773
0.367200, 0.666233
0.367300, 0.666979
0.367400, 0.667862
0.367500, 0.668606
0.367600, 0.668991
0.367700, 0.668938
0.367800, 0.668568
0.367900, 0.668114
0.368000, 0.667837
0.368100, 0.667841
0.368200, 0.668074
0.368300, 0.668329
0.368400, 0.668388
0.368500, 0.668125
0.368600, 0.667578
0.368700, 0.666929
0.368800, 0.666386
0.368900, 0.666042
0.369000, 0.665851
0.369100, 0.665604
0.369200, 0.665105
0.369300, 0.664230
0.369400, 0.663064
0.369500, 0.661855
0.369600, 0.660915
0.369700, 0.660478
0.369800, 0.660599
0.369900, 0.661114
0.370000, 0.661710
0.370100, 0.662075
0.370200, 0.662019
0.370300, 0.661531
0.370400, 0.660782
0.370500, 0.660005
0.370600, 0.659413
0.370700, 0.659100
0.370800, 0.659042
0.370900, 0.659102
0.371000, 0.659133
0.371100, 0.659019
0.371200, 0.658724
0.371300, 0.658287
0.371400, 0.657773
0.371500, 0.657266
0.371600, 0.656826
0.371700, 0.656487
0.371800, 0.656263
0.371900, 0.656109
0.372000, 0.655973
0.372100, 0.655800
0.372200, 0.655516
0.372300, 0.655020
0.372400, 0.654339
0.372500, 0.653522
0.372600, 0.652685
0.372700, 0.651928
0.372800, 0.651363
0.372900, 0.651022
0.373000, 0.650806
0.373100, 0.650591
0.373200, 0.650229
0.373300, 0.649620
0.373400, 0.648823
0.373500, 0.647991
0.373600, 0.647301
0.373700, 0.646978
0.373800, 0.647068
0.373900, 0.647459
0.374000, 0.647922
0.374100, 0.648211
0.374200, 0.648031
0.374300, 0.647308
0.374400, 0.646102
0.374500, 0.644621
0.374600, 0.643140
0.374700, 0.641900
0.374800, 0.641058
0.374900, 0.640640
0.375000, 0.640547
0.375100, 0.640608
0.375200, 0.640673
0.375300, 0.640618
0.375400, 0.640399
0.375500, 0.640004
0.375600, 0.639502
0.375700, 0.638949
0.375800, 0.638433
0.375900, 0.638029
0.376000, 0.637805
0.376100, 0.637769
0.376200, 0.637881
0.376300, 0.638032
0.376400, 0.638102
0.376500, 0.637918
0.376600, 0.637418
0.376700, 0.636591
0.376800, 0.635547
0.376900, 0.634423
0.377000, 0.633435
0.377100, 0.632710
0.377200, 0.632317
0.377300, 0.632252
0.377400, 0.632426
0.377500, 0.632726
0.377600, 0.633046
0.377700, 0.633267
0.377800, 0.633328
0.377900, 0.633189
0.378000, 0.632870
0.378100, 0.632403
0.378200, 0.631909
0.378300, 0.631474
0.378400, 0.631186
0.378500, 0.631044
0.378600, 0.631019
0.378700, 0.630999
0.378800, 0.630886
0.378900, 0.630651
0.379000, 0.630314
0.379100, 0.630005
0.379200, 0.629862
0.379300, 0.629986
0.379400, 0.630346
0.379500, 0.630831
0.379600, 0.631250
0.379700, 0.631441
0.379800, 0.631325
0.379900, 0.630938
0.380000, 0.630388
0.380100, 0.629829
0.380200, 0.629333
0.380300, 0.628895
0.380400, 0.628445
0.380500, 0.627865
0.380600, 0.627140
0.380700, 0.626287
0.380800, 0.625435
0.380900, 0.624728
0.381000, 0.624273
0.381100, 0.624123
0.381200, 0.624248
0.381300, 0.624556
0.381400, 0.624959
0.381500, 0.625377
0.381600, 0.625760
0.381700, 0.626068
0.381800, 0.626275
0.381900, 0.626365
0.382000, 0.626332
0.382100, 0.626213
0.382200, 0.626046
0.382300, 0.625898
0.382400, 0.625784
0.382500, 0.625703
0.382600, 0.625596
0.382700, 0.625425
0.382800, 0.625156
0.382900, 0.624835
0.383000, 0.624540
0.383100, 0.624348
0.383200, 0.624295
0.383300, 0.624352
0.383400, 0.624425
0.383500, 0.624435
0.383600, 0.624327
0.383700, 0.624130
0.383800, 0.623923
0.383900, 0.623758
0.384000, 0.623660
0.384100, 0.623545
0.384200, 0.623301
0.384300, 0.622835
0.384400, 0.622156
0.384500, 0.621359
0.384600, 0.620642
0.384700, 0.620178
0.384800, 0.620018
0.384900, 0.620106
0.385000, 0.620292
0.385100, 0.620391
0.385200, 0.620307
0.385300, 0.620089
0.385400, 0.619814
0.385500, 0.619590
0.385600, 0.619449
0.385700, 0.619285
0.385800, 0.618937
0.385900, 0.618294
0.386000, 0.617390
0.386100, 0.616369
0.386200, 0.615490
0.386300, 0.614992
0.386400, 0.614918
0.386500, 0.615157
0.386600, 0.615455
0.386700, 0.615552
0.386800, 0.615366
0.386900, 0.614992
0.387000, 0.614732
0.387100, 0.614874
0.387200, 0.615590
0.387300, 0.616790
0.387400, 0.618182
0.387500, 0.619387
0.387600, 0.620111
0.387700, 0.620248
0.387800, 0.619986
0.387900, 0.619594
0.388000, 0.619373
0.388100, 0.619465
0.388200, 0.619840
0.388300, 0.620331
0.388400, 0.620759
0.388500, 0.621021
0.388600, 0.621147
0.388700, 0.621224
0.388800, 0.621377
0.388900, 0.621598
0.389000, 0.621810
0.389100, 0.621866
0.389200, 0.621691
0.389300, 0.621277
0.389400, 0.620750
0.389500, 0.620287
0.389600, 0.620026
0.389700, 0.620008
0.389800, 0.620113
0.389900, 0.620197
0.390000, 0.620100
0.390100, 0.619757
0.390200, 0.619234
0.390300, 0.618677
0.390400, 0.618227
0.390500, 0.617937
0.390600, 0.617785
0.390700, 0.617611
0.390800, 0.617344
0.390900, 0.616913
0.391000, 0.616404
0.391100, 0.615948
0.391200, 0.615685
0.391300, 0.615695
0.391400, 0.615920
0.391500, 0.616251
0.391600, 0.616502
0.391700, 0.616582
0.391800, 0.616475
0.391900, 0.616273
0.392000, 0.616104
0.392100, 0.616097
0.392200, 0.616269
0.392300, 0.616566
0.392400, 0.616879
0.392500, 0.617056
0.392600, 0.617000
0.392700, 0.616678
0.392800, 0.616129
0.392900, 0.615452
0.393000, 0.614712
0.393100, 0.614012
0.393200, 0.613444
0.393300, 0.613026
0.393400, 0.612803
0.393500, 0.612757
0.393600, 0.612823
0.393700, 0.612894
0.393800, 0.612834
0.393900, 0.612523
0.394000, 0.611902
0.394100, 0.610973
0.394200, 0.609851
0.394300, 0.608702
0.394400, 0.607661
0.394500, 0.606806
0.394600, 0.606116
0.394700, 0.605495
0.394800, 0.604802
0.394900, 0.603939
0.395000, 0.602901
0.395100, 0.601786
0.395200, 0.600761
0.395300, 0.600001
0.395400, 0.599647
0.395500, 0.599742
0.395600, 0.600220
0.395700, 0.600939
0.395800, 0.601755
0.395900, 0.602432
0.396000, 0.602836
0.396100, 0.602837
0.396200, 0.602390
0.396300, 0.601552
0.396400, 0.600472
0.396500, 0.599332
0.396600, 0.598355
0.396700, 0.597710
0.396800, 0.597449
0.396900, 0.597466
0.397000, 0.597568
0.397100, 0.597532
0.397200, 0.597200
0.397300, 0.596532
0.397400, 0.595658
0.397500, 0.594789
0.397600, 0.594161
0.397700, 0.593886
0.397800, 0.593930
0.397900, 0.594147
0.398000, 0.594308
0.398100, 0.594204
0.398200, 0.593743
0.398300, 0.592964
0.398400, 0.592007
0.398500, 0.591047
0.398600, 0.590273
0.398700, 0.589712
0.398800, 0.589401
0.398900, 0.589266
0.399000, 0.589203
0.399100, 0.589178
0.399200, 0.589125
0.399300, 0.589071
0.399400, 0.589024
0.399500, 0.589005
0.399600, 0.589012
0.399700, 0.588980
0.399800, 0.588873
0.399900, 0.588591
0.400000, 0.588066
0.400100, 0.587284
0.400200, 0.586319
0.400300, 0.585295
0.400400, 0.584425
0.400500, 0.583859
0.400600, 0.583710
0.400700, 0.583963
0.400800, 0.584490
0.400900, 0.585095
0.401000, 0.585582
0.401100, 0.585833
0.401200, 0.585816
0.401300, 0.585611
0.401400, 0.585338
0.401500, 0.585100
0.401600, 0.584985
0.401700, 0.585036
0.401800, 0.585221
0.401900, 0.585512
0.402000, 0.585840
0.402100, 0.586144
0.402200, 0.586351
0.402300, 0.586396
0.402400, 0.586287
0.402500, 0.586041
0.402600, 0.585756
0.402700, 0.585524
0.402800, 0.585435
0.402900, 0.585466
0.403000, 0.585519
0.403100, 0.585405
0.403200, 0.585012
0.403300, 0.584299
0.403400, 0.583361
0.403500, 0.582373
0.403600, 0.581516
0.403700, 0.580942
0.403800, 0.580510
0.403900, 0.580069
0.404000, 0.579316
0.404100, 0.578152
0.404200, 0.576575
0.404300, 0.574780
0.404400, 0.573081
0.404500, 0.571720
0.404600, 0.570754
0.404700, 0.570071
0.404800, 0.569398
0.404900, 0.568569
0.405000, 0.567500
0.405100, 0.566342
0.405200, 0.565377
0.405300, 0.564895
0.405400, 0.564998
0.405500, 0.565600
0.405600, 0.566429
0.405700, 0.567152
0.405800, 0.567506
0.405900, 0.567409
0.406000, 0.566945
0.406100, 0.566309
0.406200, 0.565628
0.406300, 0.564913
0.406400, 0.564129
0.406500, 0.563140
0.406600, 0.561896
0.406700, 0.560433
0.406800, 0.558926
0.406900, 0.557564
0.407000, 0.556520
0.407100, 0.555855
0.407200, 0.555491
0.407300, 0.555294
0.407400, 0.555120
0.407500, 0.554862
0.407600, 0.554488
0.407700, 0.553988
0.407800, 0.553389
0.407900, 0.552690
0.408000, 0.551907
0.408100, 0.551082
0.408200, 0.550305
0.408300, 0.549697
0.408400, 0.549384
0.408500, 0.549412
0.408600, 0.549734
0.408700, 0.550183
0.408800, 0.550581
0.408900, 0.550740
0.409000, 0.550586
0.409100, 0.550167
0.409200, 0.549601
0.409300, 0.549023
0.409400, 0.548526
0.409500, 0.548134
0.409600, 0.547795
0.409700, 0.547467
0.409800, 0.547165
0.409900, 0.546960
0.410000, 0.546955
0.410100, 0.547234
0.410200, 0.547797
0.410300, 0.548502
0.410400, 0.549170
0.410500, 0.549553
0.410600, 0.549534
0.410700, 0.549100
0.410800, 0.548392
0.410900, 0.547628
0.411000, 0.547029
0.411100, 0.546723
0.411200, 0.546706
0.411300, 0.546854
0.411400, 0.547008
0.411500, 0.547026
0.411600, 0.546864
0.411700, 0.546599
0.411800, 0.546372
0.411900, 0.546318
0.412000, 0.546539
0.412100, 0.546998
0.412200, 0.547602
0.412300, 0.548225
0.412400, 0.548736
0.412500, 0.549084
0.412600, 0.549256
0.412700, 0.549306
0.412800, 0.549245
0.412900, 0.549054
0.413000, 0.548688
0.413100, 0.548106
0.413200, 0.547317
0.413300, 0.546430
0.413400, 0.545611
0.413500, 0.545070
0.413600, 0.544938
0.413700, 0.545246
0.413800, 0.545876
0.413900, 0.546602
0.414000, 0.547186
0.414100, 0.547462
0.414200, 0.547386
0.414300, 0.547059
0.414400, 0.546659
0.414500, 0.546352
0.414600, 0.546250
0.414700, 0.546333
0.414800, 0.546506
0.414900, 0.546632
0.415000, 0.546625
0.415100, 0.546453
0.415200, 0.546194
0.415300, 0.545948
0.415400, 0.545806
0.415500, 0.545788
0.415600, 0.545821
0.415700, 0.545790
0.415800, 0.545557
0.415900, 0.545038
0.416000, 0.544260
0.416100, 0.543281
0.416200, 0.542315
0.416300, 0.541497
0.416400, 0.540943
0.416500, 0.540668
0.416600, 0.540591
0.416700, 0.540575
0.416800, 0.540485
0.416900, 0.540260
0.417000, 0.539947
0.417100, 0.539678
0.417200, 0.539547
0.417300, 0.539572
0.417400, 0.539643
0.417500, 0.539478
0.417600, 0.538805
0.417700, 0.537403
0.417800, 0.535279
0.417900, 0.532707
0.418000, 0.530146
0.418100, 0.528081
0.418200, 0.526860
0.418300, 0.526567
0.418400, 0.526941
0.418500, 0.527567
0.418600, 0.527999
0.418700, 0.527969
0.418800, 0.527466
0.418900, 0.526684
0.419000, 0.525924
0.419100, 0.525412
0.419200, 0.525201
0.419300, 0.525169
0.419400, 0.525131
0.419500, 0.524952
0.419600, 0.524630
0.419700, 0.524313
0.419800, 0.524200
0.419900, 0.524410
0.420000, 0.524901
0.420100, 0.525459
0.420200, 0.525802
0.420300, 0.525701
0.420400, 0.525117
0.420500, 0.524203
0.420600, 0.523246
0.420700, 0.522513
0.420800, 0.522155
0.420900, 0.522133
0.421000, 0.522270
0.421100, 0.522335
0.421200, 0.522186
0.421300, 0.521794
0.421400, 0.521254
0.421500, 0.520715
0.421600, 0.520284
0.421700, 0.520006
0.421800, 0.519861
0.421900, 0.519782
0.422000, 0.519739
0.422100, 0.519770
0.422200, 0.519907
0.422300, 0.520201
0.422400, 0.520625
0.422500, 0.521108
0.422600, 0.521502
0.422700, 0.521689
0.422800, 0.521608
0.422900, 0.521270
0.423000, 0.520731
0.423100, 0.520105
0.423200, 0.519470
0.423300, 0.518902
0.423400, 0.518440
0.423500, 0.518148
0.423600, 0.518051
0.423700, 0.518126
0.423800, 0.518354
0.423900, 0.518595
0.424000, 0.518681
0.424100, 0.518497
0.424200, 0.517935
0.424300, 0.517057
0.424400, 0.515997
0.424500, 0.514977
0.424600, 0.514141
0.424700, 0.513538
0.424800, 0.513092
0.424900, 0.512615
0.425000, 0.511942
0.425100, 0.511000
0.425200, 0.509819
0.425300, 0.508551
0.425400, 0.507351
0.425500, 0.506340
0.425600, 0.505547
0.425700, 0.504899
0.425800, 0.504331
0.425900, 0.503831
0.426000, 0.503445
0.426100, 0.503274
0.426200, 0.503435
0.426300, 0.503855
0.426400, 0.504362
0.426500, 0.504681
0.426600, 0.504536
0.426700, 0.503730
0.426800, 0.502344
0.426900, 0.500648
0.427000, 0.499046
0.427100, 0.497864
0.427200, 0.497292
0.427300, 0.497258
0.427400, 0.497551
0.427500, 0.497883
0.427600, 0.498043
0.427700, 0.498022
0.427800, 0.497923
0.427900, 0.497911
0.428000, 0.498074
0.428100, 0.498365
0.428200, 0.498650
0.428300, 0.498680
0.428400, 0.498373
0.428500, 0.497753
0.428600, 0.497046
0.428700, 0.496492
0.428800, 0.496246
0.428900, 0.496365
0.429000, 0.496674
0.429100, 0.496899
0.429200, 0.496916
0.429300, 0.496595
0.429400, 0.496113
0.429500, 0.495628
0.429600, 0.495367
0.429700, 0.495348
0.429800, 0.495441
0.429900, 0.495441
0.430000, 0.495081
0.430100, 0.494255
0.430200, 0.493032
0.430300, 0.491682
0.430400, 0.490448
0.430500, 0.489568
0.430600, 0.489079
0.430700, 0.488933
0.430800, 0.488937
0.430900, 0.488945
0.431000, 0.488862
0.431100, 0.488668
0.431200, 0.488414
0.431300, 0.488075
0.431400, 0.487680
0.431500, 0.487144
0.431600, 0.486459
0.431700, 0.485649
0.431800, 0.484797
0.431900, 0.484034
0.432000, 0.483458
0.432100, 0.483108
0.432200, 0.482946
0.432300, 0.482893
0.432400, 0.482876
0.432500, 0.482873
0.432600, 0.482921
0.432700, 0.483085
0.432800, 0.483372
0.432900, 0.483737
0.433000, 0.484059
0.433100, 0.484206
0.433200, 0.484109
0.433300, 0.483791
0.433400, 0.483387
0.433500, 0.483063
0.433600, 0.482938
0.433700, 0.483030
0.433800, 0.483242
0.433900, 0.483401
0.434000, 0.483361
0.434100, 0.483053
0.434200, 0.482519
0.434300, 0.481879
0.434400, 0.481261
0.434500, 0.480737
0.434600, 0.480310
0.434700, 0.479930
0.434800, 0.479553
0.434900, 0.479189
0.435000, 0.478920
0.435100, 0.478862
0.435200, 0.479087
0.435300, 0.479597
0.435400, 0.480275
0.435500, 0.480942
0.435600, 0.481418
0.435700, 0.481601
0.435800, 0.481480
0.435900, 0.481146
0.436000, 0.480701
0.436100, 0.480240
0.436200, 0.479776
0.436300, 0.479273
0.436400, 0.478693
0.436500, 0.478056
0.436600, 0.477417
0.436700, 0.476900
0.436800, 0.476604
0.436900, 0.476578
0.437000, 0.476786
0.437100, 0.477119
0.437200, 0.477464
0.437300, 0.477756
0.437400, 0.478006
0.437500, 0.478289
0.437600, 0.478641
0.437700, 0.479074
0.437800, 0.479495
0.437900, 0.479755
0.438000, 0.479740
0.438100, 0.479428
0.438200, 0.478918
0.438300, 0.478391
0.438400, 0.478006
0.438500, 0.477805
0.438600, 0.477674
0.438700, 0.477410
0.438800, 0.476871
0.438900, 0.476104
0.439000, 0.475387
0.439100, 0.475070
0.439200, 0.475294
0.439300, 0.475692
0.439400, 0.475337
0.439500, 0.473127
0.439600, 0.468634
0.439700, 0.463224
0.439800, 0.460904
0.439900, 0.468216
0.440000, 0.492491
0.440100, 0.538177
0.440200, 0.601514
0.440300, 0.664658
0.440400, 0.690951
0.440500, 0.623471
0.440600, 0.388705
0.440700, -0.093619
0.440800, -0.894880
0.440900, -2.058092
0.441000, -3.578112
0.441100, -5.385950
0.441200, -7.341685
0.441300, -9.239433
0.441400, -10.825875
0.441500, -11.831216
0.441600, -12.008787
0.441700, -11.177282
0.441800, -9.258403
0.441900, -6.302838
0.442000, -2.498958
0.442100, 1.838715
0.442200, 6.300951
0.442300, 10.431464
0.442400, 13.784312
0.442500, 15.982834
0.442600, 16.771591
0.442700, 16.053764
0.442800, 13.908696
0.442900, 10.587237
0.443000, 6.485728
0.443100, 2.102448
0.443200, -2.017471
0.443300, -5.341402
0.443400, -7.405469
0.443500, -7.861185
0.443600, -6.507656
0.443700, -3.306674
0.443800, 1.619682
