0.000000, -0.012573
0.000100, -0.011597
0.000200, -0.012329
0.000300, -0.009705
0.000400, -0.011475
0.000500, -0.009033
0.000600, -0.009583
0.000700, -0.008789
0.000800, -0.007935
0.000900, -0.004517
0.001000, -0.008179
0.001100, -0.006653
0.001200, -0.004822
0.001300, -0.007629
0.001400, -0.004761
0.001500, -0.005127
0.001600, -0.003906
0.001700, -0.003662
0.001800, -0.003540
0.001900, -0.004456
0.002000, -0.004150
0.002100, -0.001709
0.002200, -0.000854
0.002300, -0.001099
0.002400, -0.000793
0.002500, -0.001099
0.002600, 0.000732
0.002700, 0.003723
0.002800, 0.004150
0.002900, 0.003845
0.003000, 0.004395
0.003100, 0.004639
0.003200, 0.004700
0.003300, 0.005981
0.003400, 0.008301
0.003500, 0.005981
0.003600, 0.006348
0.003700, 0.006958
0.003800, 0.004395
0.003900, 0.009644
0.004000, 0.008301
0.004100, 0.008240
0.004200, 0.010254
0.004300, 0.011230
0.004400, 0.013306
0.004500, 0.008484
0.004600, 0.011230
0.004700, 0.014587
0.004800, 0.013062
0.004900, 0.012878
0.005000, 0.018127
0.005100, 0.017090
0.005200, 0.015259
0.005300, 0.015625
0.005400, 0.018799
0.005500, 0.014954
0.005600, 0.018921
0.005700, 0.013855
0.005800, 0.017273
0.005900, 0.019592
0.006000, 0.017761
0.006100, 0.021912
0.006200, 0.024048
0.006300, 0.023682
0.006400, 0.017395
0.006500, 0.023193
0.006600, 0.022278
0.006700, 0.020447
0.006800, 0.022217
0.006900, 0.028198
0.007000, 0.023438
0.007100, 0.025879
0.007200, 0.024841
0.007300, 0.023071
0.007400, 0.024597
0.007500, 0.027161
0.007600, 0.027832
0.007700, 0.028625
0.007800, 0.031006
0.007900, 0.027527
0.008000, 0.028259
0.008100, 0.028687
0.008200, 0.033142
0.008300, 0.031189
0.008400, 0.032288
0.008500, 0.033508
0.008600, 0.031738
0.008700, 0.035828
0.008800, 0.035461
0.008900, 0.034180
0.009000, 0.034485
0.009100, 0.033142
0.009200, 0.037720
0.009300, 0.035522
0.009400, 0.037109
0.009500, 0.038452
0.009600, 0.039673
0.009700, 0.043335
0.009800, 0.040588
0.009900, 0.036865
0.010000, 0.041382
0.010100, 0.042236
0.010200, 0.042847
0.010300, 0.040283
0.010400, 0.042908
0.010500, 0.047974
0.010600, 0.040283
0.010700, 0.042969
0.010800, 0.046570
0.010900, 0.044678
0.011000, 0.045776
0.011100, 0.047363
0.011200, 0.045837
0.011300, 0.048340
0.011400, 0.046753
0.011500, 0.049194
0.011600, 0.050659
0.011700, 0.052063
0.011800, 0.051208
0.011900, 0.048279
0.012000, 0.051880
0.012100, 0.052917
0.012200, 0.054138
0.012300, 0.052368
0.012400, 0.054077
0.012500, 0.056702
0.012600, 0.056091
0.012700, 0.057373
0.012800, 0.055420
0.012900, 0.056763
0.013000, 0.059998
0.013100, 0.057251
0.013200, 0.059814
0.013300, 0.059326
0.013400, 0.059998
0.013500, 0.062134
0.013600, 0.066345
0.013700, 0.061340
0.013800, 0.063782
0.013900, 0.064026
0.014000, 0.065674
0.014100, 0.062012
0.014200, 0.062561
0.014300, 0.063477
0.014400, 0.064148
0.014500, 0.067261
0.014600, 0.064697
0.014700, 0.068604
0.014800, 0.066345
0.014900, 0.069946
0.015000, 0.069458
0.015100, 0.070129
0.015200, 0.068115
0.015300, 0.071289
0.015400, 0.072388
0.015500, 0.070251
0.015600, 0.071472
0.015700, 0.071472
0.015800, 0.072815
0.015900, 0.075073
0.016000, 0.076050
0.016100, 0.074646
0.016200, 0.078308
0.016300, 0.079773
0.016400, 0.079712
0.016500, 0.076721
0.016600, 0.079895
0.016700, 0.078613
0.016800, 0.077515
0.016900, 0.080444
0.017000, 0.080078
0.017100, 0.078796
0.017200, 0.080688
0.017300, 0.084290
0.017400, 0.082764
0.017500, 0.087097
0.017600, 0.080505
0.017700, 0.082764
0.017800, 0.083130
0.017900, 0.085999
0.018000, 0.085571
0.018100, 0.088623
0.018200, 0.090027
0.018300, 0.086182
0.018400, 0.088440
0.018500, 0.083862
0.018600, 0.089050
0.018700, 0.089050
0.018800, 0.090698
0.018900, 0.088745
0.019000, 0.093628
0.019100, 0.092163
0.019200, 0.095886
0.019300, 0.093140
0.019400, 0.096619
0.019500, 0.091003
0.019600, 0.095337
0.019700, 0.093933
0.019800, 0.099182
0.019900, 0.096741
0.020000, 0.096741
0.020100, 0.097473
0.020200, 0.098877
0.020300, 0.099365
0.020400, 0.098267
0.020500, 0.100830
0.020600, 0.097656
0.020700, 0.101807
0.020800, 0.103210
0.020900, 0.100830
0.021000, 0.102234
0.021100, 0.104187
0.021200, 0.104492
0.021300, 0.104126
0.021400, 0.106323
0.021500, 0.106384
0.021600, 0.105103
0.021700, 0.104919
0.021800, 0.107666
0.021900, 0.108276
0.022000, 0.107849
0.022100, 0.108154
0.022200, 0.108154
0.022300, 0.110535
0.022400, 0.111450
0.022500, 0.110535
0.022600, 0.112671
0.022700, 0.112549
0.022800, 0.112732
0.022900, 0.119080
0.023000, 0.115234
0.023100, 0.115356
0.023200, 0.114685
0.023300, 0.118408
0.023400, 0.116455
0.023500, 0.112915
0.023600, 0.119141
0.023700, 0.117859
0.023800, 0.119629
0.023900, 0.122742
0.024000, 0.120972
0.024100, 0.119446
0.024200, 0.118835
0.024300, 0.121399
0.024400, 0.119934
0.024500, 0.122253
0.024600, 0.123657
0.024700, 0.126282
0.024800, 0.123413
0.024900, 0.126099
0.025000, 0.129211
0.025100, 0.127197
0.025200, 0.128662
0.025300, 0.124084
0.025400, 0.130493
0.025500, 0.129517
0.025600, 0.127136
0.025700, 0.130005
0.025800, 0.129333
0.025900, 0.134155
0.026000, 0.130798
0.026100, 0.131653
0.026200, 0.132202
0.026300, 0.131531
0.026400, 0.136292
0.026500, 0.135254
0.026600, 0.134827
0.026700, 0.134521
0.026800, 0.135559
0.026900, 0.139709
0.027000, 0.138306
0.027100, 0.134521
0.027200, 0.142517
0.027300, 0.132935
0.027400, 0.140991
0.027500, 0.139099
0.027600, 0.143311
0.027700, 0.141296
0.027800, 0.143372
0.027900, 0.141174
0.028000, 0.142456
0.028100, 0.145386
0.028200, 0.141846
0.028300, 0.142334
0.028400, 0.148010
0.028500, 0.142517
0.028600, 0.148010
0.028700, 0.148682
0.028800, 0.144287
0.028900, 0.148865
0.029000, 0.146179
0.029100, 0.150146
0.029200, 0.148743
0.029300, 0.152161
0.029400, 0.149353
0.029500, 0.155212
0.029600, 0.149536
0.029700, 0.150452
0.029800, 0.150635
0.029900, 0.152954
0.030000, 0.156311
0.030100, 0.156494
0.030200, 0.155884
0.030300, 0.155762
0.030400, 0.161560
0.030500, 0.158630
0.030600, 0.160645
0.030700, 0.157349
0.030800, 0.159424
0.030900, 0.158020
0.031000, 0.160034
0.031100, 0.162903
0.031200, 0.160034
0.031300, 0.161133
0.031400, 0.163696
0.031500, 0.162903
0.031600, 0.163818
0.031700, 0.161865
0.031800, 0.163391
0.031900, 0.162415
0.032000, 0.167542
0.032100, 0.166626
0.032200, 0.167358
0.032300, 0.169128
0.032400, 0.168457
0.032500, 0.171631
0.032600, 0.165405
0.032700, 0.169006
0.032800, 0.172180
0.032900, 0.173462
0.033000, 0.172302
0.033100, 0.170227
0.033200, 0.172119
0.033300, 0.174377
0.033400, 0.171936
0.033500, 0.174255
0.033600, 0.173035
0.033700, 0.177979
0.033800, 0.175598
0.033900, 0.174622
0.034000, 0.179199
0.034100, 0.176514
0.034200, 0.179688
0.034300, 0.178833
0.034400, 0.179321
0.034500, 0.180420
0.034600, 0.176392
0.034700, 0.180969
0.034800, 0.184937
0.034900, 0.183289
0.035000, 0.183838
0.035100, 0.182983
0.035200, 0.186768
0.035300, 0.186890
0.035400, 0.187378
0.035500, 0.187622
0.035600, 0.186951
0.035700, 0.185730
0.035800, 0.190735
0.035900, 0.185974
0.036000, 0.187134
0.036100, 0.186768
0.036200, 0.189941
0.036300, 0.189819
0.036400, 0.191528
0.036500, 0.194946
0.036600, 0.191040
0.036700, 0.192505
0.036800, 0.193359
0.036900, 0.192993
0.037000, 0.193909
0.037100, 0.195374
0.037200, 0.197021
0.037300, 0.193970
0.037400, 0.197693
0.037500, 0.197815
0.037600, 0.197876
0.037700, 0.201172
0.037800, 0.199219
0.037900, 0.198242
0.038000, 0.202637
0.038100, 0.200073
0.038200, 0.203979
0.038300, 0.202515
0.038400, 0.203186
0.038500, 0.203918
0.038600, 0.206543
0.038700, 0.204895
0.038800, 0.207520
0.038900, 0.205750
0.039000, 0.207092
0.039100, 0.206543
0.039200, 0.206299
0.039300, 0.205017
0.039400, 0.205444
0.039500, 0.211060
0.039600, 0.211182
0.039700, 0.212463
0.039800, 0.209900
0.039900, 0.210754
0.040000, 0.210938
0.040100, 0.210083
0.040200, 0.214539
0.040300, 0.216553
0.040400, 0.214844
0.040500, 0.213501
0.040600, 0.211914
0.040700, 0.219543
0.040800, 0.217712
0.040900, 0.218506
0.041000, 0.216736
0.041100, 0.216309
0.041200, 0.219482
0.041300, 0.219971
0.041400, 0.219849
0.041500, 0.219543
0.041600, 0.220825
0.041700, 0.221375
0.041800, 0.224060
0.041900, 0.223938
0.042000, 0.224365
0.042100, 0.221130
0.042200, 0.223755
0.042300, 0.224609
0.042400, 0.225586
0.042500, 0.227661
0.042600, 0.221680
0.042700, 0.228394
0.042800, 0.228577
0.042900, 0.227356
0.043000, 0.222778
0.043100, 0.227722
0.043200, 0.230835
0.043300, 0.230225
0.043400, 0.230957
0.043500, 0.232483
0.043600, 0.234192
0.043700, 0.229370
0.043800, 0.235046
0.043900, 0.237061
0.044000, 0.236328
0.044100, 0.232605
0.044200, 0.234497
0.044300, 0.236938
0.044400, 0.231812
0.044500, 0.236877
0.044600, 0.235596
0.044700, 0.238464
0.044800, 0.236450
0.044900, 0.239807
0.045000, 0.240234
0.045100, 0.241760
0.045200, 0.239624
0.045300, 0.239563
0.045400, 0.244568
0.045500, 0.241211
0.045600, 0.242493
0.045700, 0.243225
0.045800, 0.244995
0.045900, 0.244324
0.046000, 0.246338
0.046100, 0.247375
0.046200, 0.246277
0.046300, 0.247742
0.046400, 0.248840
0.046500, 0.247009
0.046600, 0.247986
0.046700, 0.248840
0.046800, 0.247498
0.046900, 0.249878
0.047000, 0.252686
0.047100, 0.251709
0.047200, 0.249756
0.047300, 0.248230
0.047400, 0.254272
0.047500, 0.252869
0.047600, 0.253967
0.047700, 0.255188
0.047800, 0.255188
0.047900, 0.254333
0.048000, 0.255188
0.048100, 0.258484
0.048200, 0.262329
0.048300, 0.257019
0.048400, 0.259644
0.048500, 0.260254
0.048600, 0.260315
0.048700, 0.262878
0.048800, 0.260193
0.048900, 0.262756
0.049000, 0.264526
0.049100, 0.262878
0.049200, 0.268860
0.049300, 0.262085
0.049400, 0.266724
0.049500, 0.265015
0.049600, 0.264648
0.049700, 0.267334
0.049800, 0.265869
0.049900, 0.268921
0.050000, 0.268311
0.050100, 0.269653
0.050200, 0.265991
0.050300, 0.268921
0.050400, 0.270081
0.050500, 0.273071
0.050600, 0.273010
0.050700, 0.274414
0.050800, 0.271606
0.050900, 0.273315
0.051000, 0.274536
0.051100, 0.272278
0.051200, 0.273926
0.051300, 0.276062
0.051400, 0.274475
0.051500, 0.277893
0.051600, 0.278198
0.051700, 0.275696
0.051800, 0.280762
0.051900, 0.279663
0.052000, 0.277954
0.052100, 0.283875
0.052200, 0.279785
0.052300, 0.283691
0.052400, 0.281128
0.052500, 0.283508
0.052600, 0.282715
0.052700, 0.282227
0.052800, 0.282043
0.052900, 0.286926
0.053000, 0.285706
0.053100, 0.283752
0.053200, 0.285400
0.053300, 0.285034
0.053400, 0.286743
0.053500, 0.288025
0.053600, 0.288574
0.053700, 0.289185
0.053800, 0.288086
0.053900, 0.293518
0.054000, 0.290955
0.054100, 0.295532
0.054200, 0.291992
0.054300, 0.291138
0.054400, 0.294250
0.054500, 0.294006
0.054600, 0.293030
0.054700, 0.293518
0.054800, 0.294006
0.054900, 0.297974
0.055000, 0.297546
0.055100, 0.293945
0.055200, 0.298157
0.055300, 0.296021
0.055400, 0.297241
0.055500, 0.301819
0.055600, 0.299377
0.055700, 0.301086
0.055800, 0.302612
0.055900, 0.296448
0.056000, 0.302307
0.056100, 0.304443
0.056200, 0.302246
0.056300, 0.302673
0.056400, 0.303772
0.056500, 0.305664
0.056600, 0.307556
0.056700, 0.305481
0.056800, 0.301941
0.056900, 0.308350
0.057000, 0.306274
0.057100, 0.309998
0.057200, 0.307373
0.057300, 0.309814
0.057400, 0.310486
0.057500, 0.307800
0.057600, 0.310242
0.057700, 0.311890
0.057800, 0.308838
0.057900, 0.313293
0.058000, 0.313110
0.058100, 0.309570
0.058200, 0.313477
0.058300, 0.312073
0.058400, 0.314636
0.058500, 0.316956
0.058600, 0.316528
0.058700, 0.315735
0.058800, 0.317261
0.058900, 0.319519
0.059000, 0.318237
0.059100, 0.320801
0.059200, 0.319275
0.059300, 0.319031
0.059400, 0.319458
0.059500, 0.321167
0.059600, 0.322632
0.059700, 0.320923
0.059800, 0.322876
0.059900, 0.320801
0.060000, 0.326050
0.060100, 0.324768
0.060200, 0.323608
0.060300, 0.326477
0.060400, 0.327637
0.060500, 0.326050
0.060600, 0.326111
0.060700, 0.325195
0.060800, 0.329590
0.060900, 0.330811
0.061000, 0.327209
0.061100, 0.329834
0.061200, 0.330322
0.061300, 0.327271
0.061400, 0.331177
0.061500, 0.335876
0.061600, 0.332458
0.061700, 0.332092
0.061800, 0.335327
0.061900, 0.335999
0.062000, 0.337097
0.062100, 0.336121
0.062200, 0.336365
0.062300, 0.334351
0.062400, 0.336121
0.062500, 0.335327
0.062600, 0.336609
0.062700, 0.338501
0.062800, 0.337585
0.062900, 0.340393
0.063000, 0.341431
0.063100, 0.339111
0.063200, 0.343018
0.063300, 0.340393
0.063400, 0.343872
0.063500, 0.347229
0.063600, 0.341553
0.063700, 0.342957
0.063800, 0.342468
0.063900, 0.345764
0.064000, 0.344482
0.064100, 0.347778
0.064200, 0.349182
0.064300, 0.344238
0.064400, 0.347595
0.064500, 0.352112
0.064600, 0.349182
0.064700, 0.346558
0.064800, 0.349182
0.064900, 0.349976
0.065000, 0.352783
0.065100, 0.351562
0.065200, 0.354187
0.065300, 0.354187
0.065400, 0.351807
0.065500, 0.354553
0.065600, 0.355164
0.065700, 0.356689
0.065800, 0.354431
0.065900, 0.357117
0.066000, 0.356079
0.066100, 0.354858
0.066200, 0.356506
0.066300, 0.357727
0.066400, 0.356995
0.066500, 0.357483
0.066600, 0.362671
0.066700, 0.362366
0.066800, 0.361572
0.066900, 0.361511
0.067000, 0.361572
0.067100, 0.361694
0.067200, 0.363647
0.067300, 0.361328
0.067400, 0.363770
0.067500, 0.364929
0.067600, 0.364990
0.067700, 0.363953
0.067800, 0.369690
0.067900, 0.365601
0.068000, 0.367065
0.068100, 0.368347
0.068200, 0.369202
0.068300, 0.367249
0.068400, 0.367493
0.068500, 0.368042
0.068600, 0.369995
0.068700, 0.372498
0.068800, 0.373230
0.068900, 0.371338
0.069000, 0.373047
0.069100, 0.371338
0.069200, 0.375244
0.069300, 0.374207
0.069400, 0.373413
0.069500, 0.375916
0.069600, 0.374512
0.069700, 0.375610
0.069800, 0.376587
0.069900, 0.376892
0.070000, 0.380493
0.070100, 0.378174
0.070200, 0.377808
0.070300, 0.375366
0.070400, 0.382080
0.070500, 0.380554
0.070600, 0.382202
0.070700, 0.380066
0.070800, 0.379761
0.070900, 0.384277
0.071000, 0.385010
0.071100, 0.382629
0.071200, 0.383301
0.071300, 0.380981
0.071400, 0.382446
0.071500, 0.384766
0.071600, 0.389282
0.071700, 0.385742
0.071800, 0.384521
0.071900, 0.388489
0.072000, 0.388672
0.072100, 0.391602
0.072200, 0.390320
0.072300, 0.390259
0.072400, 0.388184
0.072500, 0.387024
0.072600, 0.392700
0.072700, 0.389648
0.072800, 0.388672
0.072900, 0.393066
0.073000, 0.391418
0.073100, 0.395264
0.073200, 0.393433
0.073300, 0.397827
0.073400, 0.393677
0.073500, 0.397400
0.073600, 0.395569
0.073700, 0.396057
0.073800, 0.400757
0.073900, 0.398926
0.074000, 0.400513
0.074100, 0.401123
0.074200, 0.401672
0.074300, 0.400452
0.074400, 0.398438
0.074500, 0.400940
0.074600, 0.401062
0.074700, 0.403198
0.074800, 0.401978
0.074900, 0.404907
0.075000, 0.406006
0.075100, 0.405457
0.075200, 0.403076
0.075300, 0.406738
0.075400, 0.408203
0.075500, 0.409241
0.075600, 0.406128
0.075700, 0.407532
0.075800, 0.408325
0.075900, 0.410156
0.076000, 0.411194
0.076100, 0.411499
0.076200, 0.410400
0.076300, 0.411865
0.076400, 0.412720
0.076500, 0.411377
0.076600, 0.410645
0.076700, 0.415283
0.076800, 0.411499
0.076900, 0.413757
0.077000, 0.413086
0.077100, 0.411621
0.077200, 0.413635
0.077300, 0.413818
0.077400, 0.419067
0.077500, 0.419189
0.077600, 0.420471
0.077700, 0.422302
0.077800, 0.417358
0.077900, 0.418030
0.078000, 0.422546
0.078100, 0.420776
0.078200, 0.418030
0.078300, 0.421326
0.078400, 0.419861
0.078500, 0.423401
0.078600, 0.424255
0.078700, 0.423767
0.078800, 0.424805
0.078900, 0.422546
0.079000, 0.423584
0.079100, 0.424255
0.079200, 0.424133
0.079300, 0.432129
0.079400, 0.428406
0.079500, 0.425720
0.079600, 0.427002
0.079700, 0.427063
0.079800, 0.430298
0.079900, 0.431580
0.080000, 0.432434
0.080100, 0.430542
0.080200, 0.432861
0.080300, 0.430542
0.080400, 0.431213
0.080500, 0.433350
0.080600, 0.435364
0.080700, 0.431213
0.080800, 0.434753
0.080900, 0.434875
0.081000, 0.436646
0.081100, 0.435974
0.081200, 0.438599
0.081300, 0.434631
0.081400, 0.435913
0.081500, 0.437927
0.081600, 0.438293
0.081700, 0.437927
0.081800, 0.440674
0.081900, 0.436523
0.082000, 0.439819
0.082100, 0.440430
0.082200, 0.442017
0.082300, 0.442322
0.082400, 0.443787
0.082500, 0.444824
0.082600, 0.441162
0.082700, 0.442932
0.082800, 0.442322
0.082900, 0.441223
0.083000, 0.452148
0.083100, 0.445190
0.083200, 0.446350
0.083300, 0.448792
0.083400, 0.447205
0.083500, 0.449890
0.083600, 0.450928
0.083700, 0.450623
0.083800, 0.447266
0.083900, 0.450684
0.084000, 0.449036
0.084100, 0.452881
0.084200, 0.450073
0.084300, 0.452454
0.084400, 0.455200
0.084500, 0.454163
0.084600, 0.453979
0.084700, 0.455078
0.084800, 0.455750
0.084900, 0.452881
0.085000, 0.454773
0.085100, 0.456970
0.085200, 0.459351
0.085300, 0.456116
0.085400, 0.456665
0.085500, 0.459229
0.085600, 0.459839
0.085700, 0.459534
0.085800, 0.461365
0.085900, 0.459839
0.086000, 0.458923
0.086100, 0.462036
0.086200, 0.461365
0.086300, 0.461975
0.086400, 0.462219
0.086500, 0.459839
0.086600, 0.462708
0.086700, 0.463745
0.086800, 0.465515
0.086900, 0.466003
0.087000, 0.464417
0.087100, 0.468689
0.087200, 0.464111
0.087300, 0.465820
0.087400, 0.464478
0.087500, 0.465393
0.087600, 0.470154
0.087700, 0.467957
0.087800, 0.469360
0.087900, 0.473511
0.088000, 0.470520
0.088100, 0.472839
0.088200, 0.472839
0.088300, 0.470764
0.088400, 0.473755
0.088500, 0.475159
0.088600, 0.473083
0.088700, 0.472595
0.088800, 0.474976
0.088900, 0.477234
0.089000, 0.472534
0.089100, 0.472839
0.089200, 0.476257
0.089300, 0.479126
0.089400, 0.477295
0.089500, 0.480347
0.089600, 0.478210
0.089700, 0.474609
0.089800, 0.480164
0.089900, 0.480225
0.090000, 0.476624
0.090100, 0.479980
0.090200, 0.480469
0.090300, 0.483398
0.090400, 0.481934
0.090500, 0.482056
0.090600, 0.483521
0.090700, 0.482422
0.090800, 0.481812
0.090900, 0.483032
0.091000, 0.486938
0.091100, 0.486084
0.091200, 0.488831
0.091300, 0.489014
0.091400, 0.483826
0.091500, 0.488770
0.091600, 0.490234
0.091700, 0.491943
0.091800, 0.489197
0.091900, 0.489502
0.092000, 0.490295
0.092100, 0.492188
0.092200, 0.491333
0.092300, 0.492310
0.092400, 0.493652
0.092500, 0.491821
0.092600, 0.490784
0.092700, 0.494019
0.092800, 0.495728
0.092900, 0.494385
0.093000, 0.493774
0.093100, 0.492493
0.093200, 0.497314
0.093300, 0.496460
0.093400, 0.495667
0.093500, 0.496521
0.093600, 0.495850
0.093700, 0.498596
0.093800, 0.498657
0.093900, 0.499512
0.094000, 0.500610
0.094100, 0.501709
0.094200, 0.500122
0.094300, 0.498962
0.094400, 0.502869
0.094500, 0.501160
0.094600, 0.503357
0.094700, 0.503052
0.094800, 0.502808
0.094900, 0.504028
0.095000, 0.502686
0.095100, 0.505859
0.095200, 0.504333
0.095300, 0.504089
0.095400, 0.504822
0.095500, 0.508118
0.095600, 0.506897
0.095700, 0.510315
0.095800, 0.507874
0.095900, 0.509766
0.096000, 0.508118
0.096100, 0.509521
0.096200, 0.512878
0.096300, 0.513245
0.096400, 0.509766
0.096500, 0.511780
0.096600, 0.511841
0.096700, 0.510803
0.096800, 0.513611
0.096900, 0.513306
0.097000, 0.513733
0.097100, 0.515198
0.097200, 0.514832
0.097300, 0.515808
0.097400, 0.514160
0.097500, 0.517029
0.097600, 0.516296
0.097700, 0.518188
0.097800, 0.517029
0.097900, 0.517151
0.098000, 0.517639
0.098100, 0.518921
0.098200, 0.520630
0.098300, 0.518677
0.098400, 0.518860
0.098500, 0.520142
0.098600, 0.521851
0.098700, 0.521545
0.098800, 0.520081
0.098900, 0.521790
0.099000, 0.523926
0.099100, 0.524109
0.099200, 0.527100
0.099300, 0.526062
0.099400, 0.524475
0.099500, 0.523315
0.099600, 0.526245
0.099700, 0.526123
0.099800, 0.528870
0.099900, 0.526306
0.100000, 0.527527
0.100100, 0.528137
0.100200, 0.530029
0.100300, 0.529846
0.100400, 0.528992
0.100500, 0.530151
0.100600, 0.532715
0.100700, 0.528687
0.100800, 0.532837
0.100900, 0.531006
0.101000, 0.533813
0.101100, 0.532776
0.101200, 0.532898
0.101300, 0.533936
0.101400, 0.535706
0.101500, 0.536438
0.101600, 0.535950
0.101700, 0.535645
0.101800, 0.537048
0.101900, 0.538330
0.102000, 0.538391
0.102100, 0.539673
0.102200, 0.538940
0.102300, 0.535583
0.102400, 0.538086
0.102500, 0.539307
0.102600, 0.539856
0.102700, 0.544983
0.102800, 0.541687
0.102900, 0.539795
0.103000, 0.539185
0.103100, 0.541687
0.103200, 0.542847
0.103300, 0.545044
0.103400, 0.542175
0.103500, 0.544922
0.103600, 0.545288
0.103700, 0.544678
0.103800, 0.546082
0.103900, 0.547058
0.104000, 0.547180
0.104100, 0.547363
0.104200, 0.548401
0.104300, 0.550171
0.104400, 0.546936
0.104500, 0.548096
0.104600, 0.546204
0.104700, 0.550354
0.104800, 0.552307
0.104900, 0.552917
0.105000, 0.552368
0.105100, 0.550537
0.105200, 0.552002
0.105300, 0.555908
0.105400, 0.554565
0.105500, 0.554871
0.105600, 0.554321
0.105700, 0.549194
0.105800, 0.555908
0.105900, 0.555054
0.106000, 0.554321
0.106100, 0.553711
0.106200, 0.554688
0.106300, 0.558716
0.106400, 0.555847
0.106500, 0.559692
0.106600, 0.560791
0.106700, 0.559937
0.106800, 0.563232
0.106900, 0.562256
0.107000, 0.563293
0.107100, 0.558594
0.107200, 0.560425
0.107300, 0.561829
0.107400, 0.559387
0.107500, 0.562256
0.107600, 0.561401
0.107700, 0.563660
0.107800, 0.562317
0.107900, 0.565369
0.108000, 0.564880
0.108100, 0.564575
0.108200, 0.564819
0.108300, 0.565552
0.108400, 0.567017
0.108500, 0.568420
0.108600, 0.566650
0.108700, 0.567566
0.108800, 0.569336
0.108900, 0.566956
0.109000, 0.570068
0.109100, 0.572815
0.109200, 0.570557
0.109300, 0.572998
0.109400, 0.572998
0.109500, 0.572021
0.109600, 0.571960
0.109700, 0.575073
0.109800, 0.572693
0.109900, 0.573242
0.110000, 0.574951
0.110100, 0.572754
0.110200, 0.573120
0.110300, 0.575623
0.110400, 0.573303
0.110500, 0.577087
0.110600, 0.575439
0.110700, 0.576843
0.110800, 0.578247
0.110900, 0.578430
0.111000, 0.578369
0.111100, 0.576965
0.111200, 0.576904
0.111300, 0.579102
0.111400, 0.581665
0.111500, 0.580994
0.111600, 0.582458
0.111700, 0.580688
0.111800, 0.580322
0.111900, 0.582153
0.112000, 0.585266
0.112100, 0.583557
0.112200, 0.583740
0.112300, 0.585083
0.112400, 0.584534
0.112500, 0.585266
0.112600, 0.581787
0.112700, 0.583435
0.112800, 0.582214
0.112900, 0.587524
0.113000, 0.584045
0.113100, 0.584534
0.113200, 0.588318
0.113300, 0.589417
0.113400, 0.589661
0.113500, 0.591064
0.113600, 0.592712
0.113700, 0.592285
0.113800, 0.594788
0.113900, 0.590637
0.114000, 0.592712
0.114100, 0.590088
0.114200, 0.591553
0.114300, 0.591187
0.114400, 0.591309
0.114500, 0.591980
0.114600, 0.596497
0.114700, 0.596985
0.114800, 0.595825
0.114900, 0.594666
0.115000, 0.598938
0.115100, 0.592773
0.115200, 0.595703
0.115300, 0.595337
0.115400, 0.598389
0.115500, 0.597839
0.115600, 0.596375
0.115700, 0.600159
0.115800, 0.600281
0.115900, 0.602783
0.116000, 0.596619
0.116100, 0.599487
0.116200, 0.602356
0.116300, 0.601562
0.116400, 0.602966
0.116500, 0.600830
0.116600, 0.599548
0.116700, 0.604248
0.116800, 0.604370
0.116900, 0.604370
0.117000, 0.602417
0.117100, 0.605103
0.117200, 0.606323
0.117300, 0.604431
0.117400, 0.605591
0.117500, 0.605591
0.117600, 0.608276
0.117700, 0.604492
0.117800, 0.608765
0.117900, 0.606384
0.118000, 0.607544
0.118100, 0.609497
0.118200, 0.610840
0.118300, 0.613037
0.118400, 0.606201
0.118500, 0.614929
0.118600, 0.609314
0.118700, 0.612366
0.118800, 0.612244
0.118900, 0.612183
0.119000, 0.611084
0.119100, 0.614136
0.119200, 0.612122
0.119300, 0.612061
0.119400, 0.612915
0.119500, 0.615356
0.119600, 0.615845
0.119700, 0.615295
0.119800, 0.617065
0.119900, 0.616577
0.120000, 0.614441
0.120100, 0.618652
0.120200, 0.618530
0.120300, 0.616333
0.120400, 0.618164
0.120500, 0.619812
0.120600, 0.617920
0.120700, 0.618713
0.120800, 0.618652
0.120900, 0.621338
0.121000, 0.622620
0.121100, 0.623291
0.121200, 0.621338
0.121300, 0.622009
0.121400, 0.622803
0.121500, 0.623779
0.121600, 0.624756
0.121700, 0.626221
0.121800, 0.623535
0.121900, 0.628296
0.122000, 0.629211
0.122100, 0.626587
0.122200, 0.627808
0.122300, 0.625122
0.122400, 0.625732
0.122500, 0.627930
0.122600, 0.630432
0.122700, 0.630127
0.122800, 0.629211
0.122900, 0.629883
0.123000, 0.631226
0.123100, 0.632751
0.123200, 0.631653
0.123300, 0.627930
0.123400, 0.631042
0.123500, 0.630676
0.123600, 0.633728
0.123700, 0.635376
0.123800, 0.633667
0.123900, 0.633545
0.124000, 0.633850
0.124100, 0.633850
0.124200, 0.633667
0.124300, 0.635315
0.124400, 0.635742
0.124500, 0.634644
0.124600, 0.633301
0.124700, 0.638977
0.124800, 0.638245
0.124900, 0.633118
0.125000, 0.637268
0.125100, 0.636353
0.125200, 0.637817
0.125300, 0.637390
0.125400, 0.638855
0.125500, 0.641235
0.125600, 0.637939
0.125700, 0.639832
0.125800, 0.641174
0.125900, 0.639832
0.126000, 0.641174
0.126100, 0.641846
0.126200, 0.638977
0.126300, 0.642334
0.126400, 0.644714
0.126500, 0.645813
0.126600, 0.644653
0.126700, 0.643921
0.126800, 0.645081
0.126900, 0.645142
0.127000, 0.644775
0.127100, 0.645081
0.127200, 0.644592
0.127300, 0.649658
0.127400, 0.650269
0.127500, 0.649048
0.127600, 0.646118
0.127700, 0.649170
0.127800, 0.648315
0.127900, 0.651611
0.128000, 0.651611
0.128100, 0.650635
0.128200, 0.648560
0.128300, 0.649109
0.128400, 0.651733
0.128500, 0.649719
0.128600, 0.651550
0.128700, 0.651978
0.128800, 0.650574
0.128900, 0.651489
0.129000, 0.653870
0.129100, 0.654541
0.129200, 0.655518
0.129300, 0.656860
0.129400, 0.657288
0.129500, 0.658569
0.129600, 0.654663
0.129700, 0.654053
0.129800, 0.656860
0.129900, 0.657288
0.130000, 0.656921
0.130100, 0.658203
0.130200, 0.657532
0.130300, 0.660889
0.130400, 0.659241
0.130500, 0.660889
0.130600, 0.659302
0.130700, 0.662476
0.130800, 0.660339
0.130900, 0.660461
0.131000, 0.662476
0.131100, 0.662231
0.131200, 0.662231
0.131300, 0.662109
0.131400, 0.662170
0.131500, 0.664856
0.131600, 0.661743
0.131700, 0.662109
0.131800, 0.664612
0.131900, 0.662231
0.132000, 0.666504
0.132100, 0.665039
0.132200, 0.663818
0.132300, 0.665771
0.132400, 0.668884
0.132500, 0.671021
0.132600, 0.669861
0.132700, 0.669495
0.132800, 0.667847
0.132900, 0.669678
0.133000, 0.673096
0.133100, 0.671021
0.133200, 0.669800
0.133300, 0.672607
0.133400, 0.671265
0.133500, 0.669861
0.133600, 0.670227
0.133700, 0.670044
0.133800, 0.673645
0.133900, 0.671570
0.134000, 0.674072
0.134100, 0.673096
0.134200, 0.671753
0.134300, 0.677063
0.134400, 0.673645
0.134500, 0.674438
0.134600, 0.679504
0.134700, 0.678101
0.134800, 0.676086
0.134900, 0.677612
0.135000, 0.677429
0.135100, 0.678467
0.135200, 0.681030
0.135300, 0.678528
0.135400, 0.682068
0.135500, 0.680664
0.135600, 0.680237
0.135700, 0.680359
0.135800, 0.680908
0.135900, 0.683899
0.136000, 0.679688
0.136100, 0.684509
0.136200, 0.677979
0.136300, 0.684570
0.136400, 0.686340
0.136500, 0.682007
0.136600, 0.683594
0.136700, 0.683167
0.136800, 0.683533
0.136900, 0.685059
0.137000, 0.685303
0.137100, 0.684509
0.137200, 0.685974
0.137300, 0.684692
0.137400, 0.688232
0.137500, 0.688538
0.137600, 0.687134
0.137700, 0.687256
0.137800, 0.688354
0.137900, 0.690796
0.138000, 0.688477
0.138100, 0.688354
0.138200, 0.687622
0.138300, 0.691040
0.138400, 0.688721
0.138500, 0.689453
0.138600, 0.689209
0.138700, 0.690552
0.138800, 0.691223
0.138900, 0.693726
0.139000, 0.691772
0.139100, 0.694275
0.139200, 0.694519
0.139300, 0.696289
0.139400, 0.693726
0.139500, 0.696167
0.139600, 0.695312
0.139700, 0.695557
0.139800, 0.696411
0.139900, 0.695129
0.140000, 0.695801
0.140100, 0.696167
0.140200, 0.698608
0.140300, 0.697388
0.140400, 0.696472
0.140500, 0.701416
0.140600, 0.699097
0.140700, 0.697083
0.140800, 0.699829
0.140900, 0.700745
0.141000, 0.701294
0.141100, 0.700256
0.141200, 0.700073
0.141300, 0.701477
0.141400, 0.701233
0.141500, 0.699341
0.141600, 0.701538
0.141700, 0.703735
0.141800, 0.705139
0.141900, 0.704712
0.142000, 0.701538
0.142100, 0.702698
0.142200, 0.705994
0.142300, 0.703735
0.142400, 0.704163
0.142500, 0.704590
0.142600, 0.702576
0.142700, 0.705078
0.142800, 0.706116
0.142900, 0.709290
0.143000, 0.704468
0.143100, 0.706726
0.143200, 0.708313
0.143300, 0.708252
0.143400, 0.708679
0.143500, 0.711487
0.143600, 0.709961
0.143700, 0.710815
0.143800, 0.712219
0.143900, 0.712036
0.144000, 0.710022
0.144100, 0.712158
0.144200, 0.710083
0.144300, 0.710938
0.144400, 0.712708
0.144500, 0.714294
0.144600, 0.713074
0.144700, 0.713745
0.144800, 0.713806
0.144900, 0.711853
0.145000, 0.715393
0.145100, 0.715515
0.145200, 0.718872
0.145300, 0.712769
0.145400, 0.713501
0.145500, 0.714539
0.145600, 0.713989
0.145700, 0.718262
0.145800, 0.717712
0.145900, 0.718567
0.146000, 0.719788
0.146100, 0.722534
0.146200, 0.716614
0.146300, 0.717773
0.146400, 0.717102
0.146500, 0.716736
0.146600, 0.722534
0.146700, 0.718994
0.146800, 0.720886
0.146900, 0.718262
0.147000, 0.724976
0.147100, 0.722412
0.147200, 0.723633
0.147300, 0.722717
0.147400, 0.721680
0.147500, 0.722839
0.147600, 0.724060
0.147700, 0.724792
0.147800, 0.722168
0.147900, 0.726868
0.148000, 0.726379
0.148100, 0.723755
0.148200, 0.724060
0.148300, 0.724060
0.148400, 0.724243
0.148500, 0.727295
0.148600, 0.725403
0.148700, 0.727112
0.148800, 0.728455
0.148900, 0.726868
0.149000, 0.727356
0.149100, 0.729004
0.149200, 0.727356
0.149300, 0.730042
0.149400, 0.731323
0.149500, 0.732361
0.149600, 0.732422
0.149700, 0.732910
0.149800, 0.733826
0.149900, 0.733337
0.150000, 0.736572
0.150100, 0.734863
0.150200, 0.733276
0.150300, 0.732361
0.150400, 0.736023
0.150500, 0.732300
0.150600, 0.733948
0.150700, 0.736511
0.150800, 0.733093
0.150900, 0.734558
0.151000, 0.736877
0.151100, 0.737122
0.151200, 0.736877
0.151300, 0.739441
0.151400, 0.736572
0.151500, 0.740845
0.151600, 0.739319
0.151700, 0.740845
0.151800, 0.738037
0.151900, 0.740479
0.152000, 0.739197
0.152100, 0.741821
0.152200, 0.738831
0.152300, 0.738892
0.152400, 0.742676
0.152500, 0.739075
0.152600, 0.742126
0.152700, 0.743225
0.152800, 0.741272
0.152900, 0.741821
0.153000, 0.741333
0.153100, 0.742432
0.153200, 0.741211
0.153300, 0.743530
0.153400, 0.741516
0.153500, 0.743042
0.153600, 0.744263
0.153700, 0.743408
0.153800, 0.744934
0.153900, 0.743774
0.154000, 0.740112
0.154100, 0.746643
0.154200, 0.745972
0.154300, 0.747314
0.154400, 0.746887
0.154500, 0.744141
0.154600, 0.746582
0.154700, 0.746582
0.154800, 0.748108
0.154900, 0.748474
0.155000, 0.747375
0.155100, 0.747375
0.155200, 0.752136
0.155300, 0.750061
0.155400, 0.753479
0.155500, 0.751526
0.155600, 0.749268
0.155700, 0.755432
0.155800, 0.751953
0.155900, 0.752625
0.156000, 0.750549
0.156100, 0.752991
0.156200, 0.752563
0.156300, 0.751465
0.156400, 0.755798
0.156500, 0.755615
0.156600, 0.753113
0.156700, 0.754333
0.156800, 0.755554
0.156900, 0.755615
0.157000, 0.756714
0.157100, 0.760742
0.157200, 0.757629
0.157300, 0.758118
0.157400, 0.759766
0.157500, 0.757202
0.157600, 0.757812
0.157700, 0.759094
0.157800, 0.759521
0.157900, 0.757019
0.158000, 0.760010
0.158100, 0.757446
0.158200, 0.759827
0.158300, 0.757385
0.158400, 0.756897
0.158500, 0.758179
0.158600, 0.760437
0.158700, 0.759644
0.158800, 0.754700
0.158900, 0.762390
0.159000, 0.760376
0.159100, 0.764404
0.159200, 0.762573
0.159300, 0.765747
0.159400, 0.765747
0.159500, 0.763855
0.159600, 0.763672
0.159700, 0.766296
0.159800, 0.764465
0.159900, 0.768555
0.160000, 0.768311
0.160100, 0.765076
0.160200, 0.766724
0.160300, 0.766724
0.160400, 0.767090
0.160500, 0.767212
0.160600, 0.769836
0.160700, 0.768555
0.160800, 0.766907
0.160900, 0.766541
0.161000, 0.769653
0.161100, 0.772888
0.161200, 0.772522
0.161300, 0.772034
0.161400, 0.767944
0.161500, 0.771851
0.161600, 0.767029
0.161700, 0.772400
0.161800, 0.769470
0.161900, 0.769043
0.162000, 0.771423
0.162100, 0.773193
0.162200, 0.772400
0.162300, 0.772461
0.162400, 0.770081
0.162500, 0.775940
0.162600, 0.773865
0.162700, 0.774353
0.162800, 0.771484
0.162900, 0.774170
0.163000, 0.772339
0.163100, 0.772461
0.163200, 0.775757
0.163300, 0.776917
0.163400, 0.780396
0.163500, 0.775696
0.163600, 0.778259
0.163700, 0.777649
0.163800, 0.780090
0.163900, 0.776611
0.164000, 0.776794
0.164100, 0.780090
0.164200, 0.779541
0.164300, 0.781555
0.164400, 0.780762
0.164500, 0.777527
0.164600, 0.777161
0.164700, 0.783020
0.164800, 0.779968
0.164900, 0.780823
0.165000, 0.778137
0.165100, 0.780457
0.165200, 0.784119
0.165300, 0.781555
0.165400, 0.781555
0.165500, 0.783875
0.165600, 0.782349
0.165700, 0.783203
0.165800, 0.781555
0.165900, 0.782837
0.166000, 0.785889
0.166100, 0.787476
0.166200, 0.786438
0.166300, 0.786072
0.166400, 0.785950
0.166500, 0.787354
0.166600, 0.789185
0.166700, 0.791687
0.166800, 0.788757
0.166900, 0.788452
0.167000, 0.786560
0.167100, 0.789185
0.167200, 0.793396
0.167300, 0.790833
0.167400, 0.788391
0.167500, 0.790100
0.167600, 0.787537
0.167700, 0.785583
0.167800, 0.786682
0.167900, 0.794312
0.168000, 0.791443
0.168100, 0.789062
0.168200, 0.789307
0.168300, 0.789429
0.168400, 0.794006
0.168500, 0.792419
0.168600, 0.792603
0.168700, 0.792236
0.168800, 0.795166
0.168900, 0.793457
0.169000, 0.796814
0.169100, 0.795837
0.169200, 0.792969
0.169300, 0.795654
0.169400, 0.794678
0.169500, 0.794983
0.169600, 0.801147
0.169700, 0.795532
0.169800, 0.796204
0.169900, 0.796509
0.170000, 0.798401
0.170100, 0.797241
0.170200, 0.796448
0.170300, 0.798828
0.170400, 0.797058
0.170500, 0.797363
0.170600, 0.798584
0.170700, 0.801697
0.170800, 0.798157
0.170900, 0.797180
0.171000, 0.798523
0.171100, 0.801270
0.171200, 0.802795
0.171300, 0.797668
0.171400, 0.799011
0.171500, 0.799622
0.171600, 0.801758
0.171700, 0.803284
0.171800, 0.801575
0.171900, 0.801270
0.172000, 0.802307
0.172100, 0.803894
0.172200, 0.805298
0.172300, 0.801208
0.172400, 0.803040
0.172500, 0.805237
0.172600, 0.804016
0.172700, 0.806152
0.172800, 0.804749
0.172900, 0.807983
0.173000, 0.806274
0.173100, 0.801453
0.173200, 0.805664
0.173300, 0.805054
0.173400, 0.808533
0.173500, 0.806580
0.173600, 0.808838
0.173700, 0.807861
0.173800, 0.809448
0.173900, 0.809448
0.174000, 0.808777
0.174100, 0.809204
0.174200, 0.807922
0.174300, 0.809631
0.174400, 0.807556
0.174500, 0.808350
0.174600, 0.811646
0.174700, 0.813538
0.174800, 0.811035
0.174900, 0.810242
0.175000, 0.810303
0.175100, 0.807739
0.175200, 0.813049
0.175300, 0.811035
0.175400, 0.812195
0.175500, 0.809692
0.175600, 0.813416
0.175700, 0.817261
0.175800, 0.813904
0.175900, 0.812744
0.176000, 0.811646
0.176100, 0.814575
0.176200, 0.813171
0.176300, 0.811707
0.176400, 0.816223
0.176500, 0.816650
0.176600, 0.814087
0.176700, 0.818176
0.176800, 0.816528
0.176900, 0.818298
0.177000, 0.815735
0.177100, 0.818420
0.177200, 0.817139
0.177300, 0.817993
0.177400, 0.821106
0.177500, 0.818787
0.177600, 0.820923
0.177700, 0.819214
0.177800, 0.821106
0.177900, 0.822388
0.178000, 0.822632
0.178100, 0.821472
0.178200, 0.818481
0.178300, 0.819885
0.178400, 0.820251
0.178500, 0.823914
0.178600, 0.822510
0.178700, 0.819458
0.178800, 0.824951
0.178900, 0.820007
0.179000, 0.824524
0.179100, 0.824158
0.179200, 0.820801
0.179300, 0.827942
0.179400, 0.824280
0.179500, 0.823608
0.179600, 0.823059
0.179700, 0.823914
0.179800, 0.826172
0.179900, 0.826416
0.180000, 0.826843
0.180100, 0.827759
0.180200, 0.824829
0.180300, 0.827820
0.180400, 0.824890
0.180500, 0.829529
0.180600, 0.827454
0.180700, 0.827148
0.180800, 0.829529
0.180900, 0.829407
0.181000, 0.826538
0.181100, 0.828857
0.181200, 0.829712
0.181300, 0.830078
0.181400, 0.830627
0.181500, 0.832581
0.181600, 0.828613
0.181700, 0.829712
0.181800, 0.829224
0.181900, 0.830017
0.182000, 0.829895
0.182100, 0.832642
0.182200, 0.830872
0.182300, 0.831909
0.182400, 0.831848
0.182500, 0.835449
0.182600, 0.835510
0.182700, 0.832214
0.182800, 0.831177
0.182900, 0.832947
0.183000, 0.831604
0.183100, 0.833008
0.183200, 0.831604
0.183300, 0.835388
0.183400, 0.837341
0.183500, 0.834290
0.183600, 0.834656
0.183700, 0.834717
0.183800, 0.837280
0.183900, 0.835693
0.184000, 0.834595
0.184100, 0.835938
0.184200, 0.840698
0.184300, 0.836853
0.184400, 0.836670
0.184500, 0.839233
0.184600, 0.840210
0.184700, 0.837158
0.184800, 0.839355
0.184900, 0.835693
0.185000, 0.836487
0.185100, 0.841003
0.185200, 0.840698
0.185300, 0.840454
0.185400, 0.841492
0.185500, 0.842773
0.185600, 0.842041
0.185700, 0.839966
0.185800, 0.842407
0.185900, 0.843567
0.186000, 0.842224
0.186100, 0.843506
0.186200, 0.843506
0.186300, 0.842041
0.186400, 0.844299
0.186500, 0.841431
0.186600, 0.842773
0.186700, 0.841187
0.186800, 0.843811
0.186900, 0.844421
0.187000, 0.846375
0.187100, 0.847229
0.187200, 0.844299
0.187300, 0.845459
0.187400, 0.847290
0.187500, 0.848022
0.187600, 0.844727
0.187700, 0.844666
0.187800, 0.846924
0.187900, 0.846375
0.188000, 0.847168
0.188100, 0.847778
0.188200, 0.845398
0.188300, 0.848877
0.188400, 0.849426
0.188500, 0.846069
0.188600, 0.847412
0.188700, 0.849243
0.188800, 0.846069
0.188900, 0.847290
0.189000, 0.850281
0.189100, 0.852600
0.189200, 0.849670
0.189300, 0.850159
0.189400, 0.852783
0.189500, 0.851440
0.189600, 0.851379
0.189700, 0.851685
0.189800, 0.850403
0.189900, 0.851624
0.190000, 0.853271
0.190100, 0.854614
0.190200, 0.852417
0.190300, 0.850708
0.190400, 0.852966
0.190500, 0.853516
0.190600, 0.854980
0.190700, 0.854919
0.190800, 0.855896
0.190900, 0.852539
0.191000, 0.853821
0.191100, 0.854126
0.191200, 0.854065
0.191300, 0.855469
0.191400, 0.853821
0.191500, 0.855225
0.191600, 0.858459
0.191700, 0.856201
0.191800, 0.852417
0.191900, 0.857178
0.192000, 0.857544
0.192100, 0.857422
0.192200, 0.857483
0.192300, 0.859009
0.192400, 0.854919
0.192500, 0.857910
0.192600, 0.859863
0.192700, 0.856995
0.192800, 0.858337
0.192900, 0.860474
0.193000, 0.859192
0.193100, 0.861206
0.193200, 0.859741
0.193300, 0.858215
0.193400, 0.858337
0.193500, 0.858521
0.193600, 0.862000
0.193700, 0.861938
0.193800, 0.861816
0.193900, 0.859985
0.194000, 0.859680
0.194100, 0.864929
0.194200, 0.861267
0.194300, 0.861450
0.194400, 0.863098
0.194500, 0.865173
0.194600, 0.864380
0.194700, 0.863342
0.194800, 0.864746
0.194900, 0.864746
0.195000, 0.864136
0.195100, 0.865295
0.195200, 0.864319
0.195300, 0.866089
0.195400, 0.866455
0.195500, 0.864197
0.195600, 0.869202
0.195700, 0.865784
0.195800, 0.866821
0.195900, 0.866882
0.196000, 0.868958
0.196100, 0.865601
0.196200, 0.864990
0.196300, 0.863953
0.196400, 0.866455
0.196500, 0.868164
0.196600, 0.868042
0.196700, 0.869751
0.196800, 0.867493
0.196900, 0.871460
0.197000, 0.867737
0.197100, 0.869873
0.197200, 0.868469
0.197300, 0.871582
0.197400, 0.869507
0.197500, 0.871216
0.197600, 0.870605
0.197700, 0.872803
0.197800, 0.872498
0.197900, 0.876953
0.198000, 0.868347
0.198100, 0.873962
0.198200, 0.872009
0.198300, 0.873352
0.198400, 0.874878
0.198500, 0.871704
0.198600, 0.873596
0.198700, 0.872375
0.198800, 0.875366
0.198900, 0.875305
0.199000, 0.874023
0.199100, 0.872559
0.199200, 0.872009
0.199300, 0.874268
0.199400, 0.873474
0.199500, 0.873962
0.199600, 0.875854
0.199700, 0.874329
0.199800, 0.875610
0.199900, 0.875427
0.200000, 0.876343
0.200100, 0.874878
0.200200, 0.874573
0.200300, 0.877747
0.200400, 0.878235
0.200500, 0.878906
0.200600, 0.877075
0.200700, 0.877625
0.200800, 0.875977
0.200900, 0.880432
0.201000, 0.875000
0.201100, 0.879822
0.201200, 0.878662
0.201300, 0.880127
0.201400, 0.882263
0.201500, 0.878540
0.201600, 0.881165
0.201700, 0.880432
0.201800, 0.877014
0.201900, 0.881165
0.202000, 0.881836
0.202100, 0.881226
0.202200, 0.884888
0.202300, 0.885010
0.202400, 0.883911
0.202500, 0.882629
0.202600, 0.881226
0.202700, 0.883301
0.202800, 0.881470
0.202900, 0.883545
0.203000, 0.879639
0.203100, 0.884155
0.203200, 0.884033
0.203300, 0.881836
0.203400, 0.884644
0.203500, 0.885071
0.203600, 0.883301
0.203700, 0.884033
0.203800, 0.884705
0.203900, 0.886169
0.204000, 0.886353
0.204100, 0.886597
0.204200, 0.885193
0.204300, 0.884888
0.204400, 0.883911
0.204500, 0.884277
0.204600, 0.888794
0.204700, 0.886475
0.204800, 0.889038
0.204900, 0.888000
0.205000, 0.889954
0.205100, 0.887817
0.205200, 0.886780
0.205300, 0.885498
0.205400, 0.886597
0.205500, 0.888733
0.205600, 0.891296
0.205700, 0.888794
0.205800, 0.888184
0.205900, 0.890015
0.206000, 0.889282
0.206100, 0.890381
0.206200, 0.888306
0.206300, 0.893738
0.206400, 0.891541
0.206500, 0.893127
0.206600, 0.891846
0.206700, 0.890625
0.206800, 0.892456
0.206900, 0.893616
0.207000, 0.889954
0.207100, 0.891724
0.207200, 0.892395
0.207300, 0.891296
0.207400, 0.893066
0.207500, 0.892517
0.207600, 0.895447
0.207700, 0.895264
0.207800, 0.894775
0.207900, 0.893127
0.208000, 0.895142
0.208100, 0.894775
0.208200, 0.895325
0.208300, 0.895569
0.208400, 0.894531
0.208500, 0.895996
0.208600, 0.893494
0.208700, 0.897095
0.208800, 0.896484
0.208900, 0.896057
0.209000, 0.893738
0.209100, 0.895325
0.209200, 0.896973
0.209300, 0.894958
0.209400, 0.894592
0.209500, 0.896179
0.209600, 0.895630
0.209700, 0.895813
0.209800, 0.897583
0.209900, 0.897156
0.210000, 0.898010
0.210100, 0.896362
0.210200, 0.899719
0.210300, 0.898315
0.210400, 0.900879
0.210500, 0.899231
0.210600, 0.898621
0.210700, 0.895813
0.210800, 0.901611
0.210900, 0.900635
0.211000, 0.899597
0.211100, 0.901550
0.211200, 0.900085
0.211300, 0.902588
0.211400, 0.900330
0.211500, 0.903870
0.211600, 0.905090
0.211700, 0.903198
0.211800, 0.901917
0.211900, 0.901428
0.212000, 0.902161
0.212100, 0.899292
0.212200, 0.903809
0.212300, 0.903442
0.212400, 0.904663
0.212500, 0.903503
0.212600, 0.905762
0.212700, 0.903748
0.212800, 0.902954
0.212900, 0.903992
0.213000, 0.903381
0.213100, 0.904541
0.213200, 0.902649
0.213300, 0.902100
0.213400, 0.902344
0.213500, 0.904175
0.213600, 0.908508
0.213700, 0.905762
0.213800, 0.904724
0.213900, 0.902832
0.214000, 0.909790
0.214100, 0.907227
0.214200, 0.904175
0.214300, 0.905518
0.214400, 0.906555
0.214500, 0.907471
0.214600, 0.908203
0.214700, 0.908997
0.214800, 0.906738
0.214900, 0.908325
0.215000, 0.910706
0.215100, 0.911438
0.215200, 0.909119
0.215300, 0.908508
0.215400, 0.907776
0.215500, 0.908997
0.215600, 0.907104
0.215700, 0.911438
0.215800, 0.911743
0.215900, 0.908813
0.216000, 0.909790
0.216100, 0.909729
0.216200, 0.913879
0.216300, 0.911438
0.216400, 0.910034
0.216500, 0.911377
0.216600, 0.909729
0.216700, 0.913025
0.216800, 0.908569
0.216900, 0.911804
0.217000, 0.909729
0.217100, 0.909546
0.217200, 0.911438
0.217300, 0.913513
0.217400, 0.913696
0.217500, 0.914917
0.217600, 0.914429
0.217700, 0.912048
0.217800, 0.915283
0.217900, 0.914246
0.218000, 0.914612
0.218100, 0.916504
0.218200, 0.917053
0.218300, 0.913330
0.218400, 0.914185
0.218500, 0.914917
0.218600, 0.914551
0.218700, 0.915955
0.218800, 0.914246
0.218900, 0.915833
0.219000, 0.915344
0.219100, 0.914490
0.219200, 0.917358
0.219300, 0.913086
0.219400, 0.915588
0.219500, 0.915894
0.219600, 0.916992
0.219700, 0.916626
0.219800, 0.920776
0.219900, 0.914429
0.220000, 0.917786
0.220100, 0.916687
0.220200, 0.915894
0.220300, 0.918945
0.220400, 0.920837
0.220500, 0.918518
0.220600, 0.918823
0.220700, 0.918457
0.220800, 0.920471
0.220900, 0.917969
0.221000, 0.919861
0.221100, 0.916382
0.221200, 0.917725
0.221300, 0.921143
0.221400, 0.921448
0.221500, 0.919678
0.221600, 0.921997
0.221700, 0.923279
0.221800, 0.920715
0.221900, 0.919617
0.222000, 0.920776
0.222100, 0.919800
0.222200, 0.922668
0.222300, 0.920105
0.222400, 0.922913
0.222500, 0.920227
0.222600, 0.922852
0.222700, 0.923767
0.222800, 0.922302
0.222900, 0.924561
0.223000, 0.923889
0.223100, 0.924744
0.223200, 0.921387
0.223300, 0.924683
0.223400, 0.919373
0.223500, 0.923279
0.223600, 0.923096
0.223700, 0.925232
0.223800, 0.922668
0.223900, 0.925964
0.224000, 0.924988
0.224100, 0.927673
0.224200, 0.926697
0.224300, 0.925354
0.224400, 0.928711
0.224500, 0.929321
0.224600, 0.923645
0.224700, 0.923828
0.224800, 0.926147
0.224900, 0.928894
0.225000, 0.929749
0.225100, 0.927795
0.225200, 0.926819
0.225300, 0.925537
0.225400, 0.927917
0.225500, 0.927551
0.225600, 0.926758
0.225700, 0.927673
0.225800, 0.927185
0.225900, 0.927856
0.226000, 0.931763
0.226100, 0.929749
0.226200, 0.929016
0.226300, 0.928040
0.226400, 0.930298
0.226500, 0.931824
0.226600, 0.929260
0.226700, 0.929321
0.226800, 0.930420
0.226900, 0.931396
0.227000, 0.927612
0.227100, 0.930054
0.227200, 0.931274
0.227300, 0.931885
0.227400, 0.930725
0.227500, 0.932922
0.227600, 0.932007
0.227700, 0.931152
0.227800, 0.933594
0.227900, 0.929199
0.228000, 0.933838
0.228100, 0.931152
0.228200, 0.932983
0.228300, 0.930969
0.228400, 0.934204
0.228500, 0.933044
0.228600, 0.935913
0.228700, 0.933716
0.228800, 0.934265
0.228900, 0.935120
0.229000, 0.934631
0.229100, 0.934143
0.229200, 0.933472
0.229300, 0.930786
0.229400, 0.934509
0.229500, 0.933716
0.229600, 0.935486
0.229700, 0.932922
0.229800, 0.933899
0.229900, 0.932190
0.230000, 0.936951
0.230100, 0.935059
0.230200, 0.934692
0.230300, 0.934570
0.230400, 0.933655
0.230500, 0.935547
0.230600, 0.934631
0.230700, 0.935364
0.230800, 0.935852
0.230900, 0.938721
0.231000, 0.937073
0.231100, 0.938782
0.231200, 0.934509
0.231300, 0.937805
0.231400, 0.939209
0.231500, 0.935608
0.231600, 0.938171
0.231700, 0.938477
0.231800, 0.936279
0.231900, 0.935730
0.232000, 0.933899
0.232100, 0.937622
0.232200, 0.938538
0.232300, 0.940735
0.232400, 0.941284
0.232500, 0.936096
0.232600, 0.938416
0.232700, 0.938660
0.232800, 0.938782
0.232900, 0.939514
0.233000, 0.938293
0.233100, 0.940063
0.233200, 0.939026
0.233300, 0.942078
0.233400, 0.942749
0.233500, 0.938660
0.233600, 0.941528
0.233700, 0.943848
0.233800, 0.940491
0.233900, 0.938354
0.234000, 0.941589
0.234100, 0.942261
0.234200, 0.939758
0.234300, 0.940613
0.234400, 0.941833
0.234500, 0.943665
0.234600, 0.940063
0.234700, 0.943604
0.234800, 0.944458
0.234900, 0.943665
0.235000, 0.944458
0.235100, 0.942505
0.235200, 0.942932
0.235300, 0.940613
0.235400, 0.943481
0.235500, 0.944885
0.235600, 0.941162
0.235700, 0.940796
0.235800, 0.945496
0.235900, 0.947754
0.236000, 0.943909
0.236100, 0.942932
0.236200, 0.945557
0.236300, 0.943848
0.236400, 0.944946
0.236500, 0.943787
0.236600, 0.944031
0.236700, 0.946716
0.236800, 0.944580
0.236900, 0.944458
0.237000, 0.945129
0.237100, 0.945557
0.237200, 0.946655
0.237300, 0.947327
0.237400, 0.946289
0.237500, 0.944397
0.237600, 0.945251
0.237700, 0.945374
0.237800, 0.948059
0.237900, 0.946472
0.238000, 0.946533
0.238100, 0.954224
0.238200, 0.947144
0.238300, 0.949158
0.238400, 0.947510
0.238500, 0.948792
0.238600, 0.945557
0.238700, 0.945679
0.238800, 0.948730
0.238900, 0.950684
0.239000, 0.947144
0.239100, 0.948608
0.239200, 0.952942
0.239300, 0.948181
0.239400, 0.947693
0.239500, 0.949524
0.239600, 0.950745
0.239700, 0.947021
0.239800, 0.949646
0.239900, 0.951294
0.240000, 0.947449
0.240100, 0.949402
0.240200, 0.946350
0.240300, 0.948608
0.240400, 0.948242
0.240500, 0.950562
0.240600, 0.951111
0.240700, 0.949890
0.240800, 0.950073
0.240900, 0.951416
0.241000, 0.949890
0.241100, 0.950500
0.241200, 0.949463
0.241300, 0.951904
0.241400, 0.953552
0.241500, 0.952393
0.241600, 0.950928
0.241700, 0.951660
0.241800, 0.956482
0.241900, 0.952026
0.242000, 0.949829
0.242100, 0.952576
0.242200, 0.951782
0.242300, 0.954346
0.242400, 0.953003
0.242500, 0.951416
0.242600, 0.953369
0.242700, 0.953918
0.242800, 0.950989
0.242900, 0.956665
0.243000, 0.953369
0.243100, 0.952759
0.243200, 0.956299
0.243300, 0.953430
0.243400, 0.956116
0.243500, 0.954834
0.243600, 0.955139
0.243700, 0.954407
0.243800, 0.954102
0.243900, 0.954956
0.244000, 0.953857
0.244100, 0.955017
0.244200, 0.955505
0.244300, 0.956299
0.244400, 0.956909
0.244500, 0.954651
0.244600, 0.954773
0.244700, 0.959229
0.244800, 0.952942
0.244900, 0.954834
0.245000, 0.956421
0.245100, 0.952637
0.245200, 0.960022
0.245300, 0.958008
0.245400, 0.955139
0.245500, 0.956360
0.245600, 0.957886
0.245700, 0.955627
0.245800, 0.959351
0.245900, 0.958740
0.246000, 0.957886
0.246100, 0.959717
0.246200, 0.960449
0.246300, 0.960571
0.246400, 0.957764
0.246500, 0.959473
0.246600, 0.958618
0.246700, 0.958191
0.246800, 0.957703
0.246900, 0.958191
0.247000, 0.957581
0.247100, 0.960815
0.247200, 0.959595
0.247300, 0.959839
0.247400, 0.961792
0.247500, 0.958557
0.247600, 0.962158
0.247700, 0.960510
0.247800, 0.961426
0.247900, 0.962891
0.248000, 0.956970
0.248100, 0.959778
0.248200, 0.960938
0.248300, 0.960388
0.248400, 0.960815
0.248500, 0.959106
0.248600, 0.961670
0.248700, 0.962585
0.248800, 0.960999
0.248900, 0.961975
0.249000, 0.963257
0.249100, 0.960205
0.249200, 0.961670
0.249300, 0.961426
0.249400, 0.963257
0.249500, 0.959900
0.249600, 0.962280
0.249700, 0.962219
0.249800, 0.963013
0.249900, 0.961548
0.250000, 0.962158
0.250100, 0.962769
0.250200, 0.963318
0.250300, 0.965759
0.250400, 0.962402
0.250500, 0.965332
0.250600, 0.963379
0.250700, 0.959778
0.250800, 0.961121
0.250900, 0.960022
0.251000, 0.963928
0.251100, 0.964111
0.251200, 0.965027
0.251300, 0.961914
0.251400, 0.964417
0.251500, 0.963257
0.251600, 0.963745
0.251700, 0.963989
0.251800, 0.963745
0.251900, 0.965027
0.252000, 0.965210
0.252100, 0.965820
0.252200, 0.968079
0.252300, 0.964844
0.252400, 0.962646
0.252500, 0.962891
0.252600, 0.967896
0.252700, 0.967957
0.252800, 0.964844
0.252900, 0.967407
0.253000, 0.966309
0.253100, 0.967102
0.253200, 0.965515
0.253300, 0.966003
0.253400, 0.966675
0.253500, 0.966736
0.253600, 0.971802
0.253700, 0.967407
0.253800, 0.966553
0.253900, 0.966858
0.254000, 0.966797
0.254100, 0.968872
0.254200, 0.970032
0.254300, 0.967529
0.254400, 0.966675
0.254500, 0.968201
0.254600, 0.971375
0.254700, 0.967468
0.254800, 0.967041
0.254900, 0.967163
0.255000, 0.967651
0.255100, 0.967102
0.255200, 0.970642
0.255300, 0.970459
0.255400, 0.968079
0.255500, 0.968140
0.255600, 0.964233
0.255700, 0.969360
0.255800, 0.968079
0.255900, 0.969360
0.256000, 0.966919
0.256100, 0.968445
0.256200, 0.966492
0.256300, 0.969299
0.256400, 0.969849
0.256500, 0.969055
0.256600, 0.967163
0.256700, 0.967285
0.256800, 0.967163
0.256900, 0.970581
0.257000, 0.967834
0.257100, 0.974121
0.257200, 0.970947
0.257300, 0.969727
0.257400, 0.970459
0.257500, 0.971863
0.257600, 0.968628
0.257700, 0.970337
0.257800, 0.969238
0.257900, 0.968811
0.258000, 0.969482
0.258100, 0.972900
0.258200, 0.970825
0.258300, 0.972778
0.258400, 0.972107
0.258500, 0.972107
0.258600, 0.970642
0.258700, 0.970642
0.258800, 0.970703
0.258900, 0.971558
0.259000, 0.972656
0.259100, 0.972534
0.259200, 0.972900
0.259300, 0.973511
0.259400, 0.969727
0.259500, 0.971191
0.259600, 0.976257
0.259700, 0.972229
0.259800, 0.973999
0.259900, 0.973694
0.260000, 0.973999
0.260100, 0.974670
0.260200, 0.972961
0.260300, 0.975098
0.260400, 0.967712
0.260500, 0.970825
0.260600, 0.976501
0.260700, 0.971252
0.260800, 0.973267
0.260900, 0.974976
0.261000, 0.976807
0.261100, 0.972412
0.261200, 0.975403
0.261300, 0.973511
0.261400, 0.973450
0.261500, 0.973755
0.261600, 0.975830
0.261700, 0.973572
0.261800, 0.973450
0.261900, 0.975586
0.262000, 0.976868
0.262100, 0.976868
0.262200, 0.972229
0.262300, 0.975952
0.262400, 0.976562
0.262500, 0.973511
0.262600, 0.976318
0.262700, 0.977234
0.262800, 0.977234
0.262900, 0.974365
0.263000, 0.976196
0.263100, 0.974792
0.263200, 0.972595
0.263300, 0.980774
0.263400, 0.978333
0.263500, 0.975525
0.263600, 0.975220
0.263700, 0.977295
0.263800, 0.975952
0.263900, 0.976990
0.264000, 0.976196
0.264100, 0.973145
0.264200, 0.977295
0.264300, 0.980164
0.264400, 0.976379
0.264500, 0.974426
0.264600, 0.976685
0.264700, 0.976013
0.264800, 0.977783
0.264900, 0.977661
0.265000, 0.978943
0.265100, 0.978027
0.265200, 0.976196
0.265300, 0.977295
0.265400, 0.976013
0.265500, 0.977661
0.265600, 0.978088
0.265700, 0.977417
0.265800, 0.978394
0.265900, 0.977478
0.266000, 0.978394
0.266100, 0.979614
0.266200, 0.979919
0.266300, 0.979919
0.266400, 0.978149
0.266500, 0.982239
0.266600, 0.976379
0.266700, 0.980286
0.266800, 0.981812
0.266900, 0.977783
0.267000, 0.981018
0.267100, 0.976562
0.267200, 0.981934
0.267300, 0.977295
0.267400, 0.983093
0.267500, 0.978027
0.267600, 0.979248
0.267700, 0.981323
0.267800, 0.980896
0.267900, 0.982788
0.268000, 0.978577
0.268100, 0.981506
0.268200, 0.981750
0.268300, 0.980347
0.268400, 0.978638
0.268500, 0.979187
0.268600, 0.979980
0.268700, 0.983215
0.268800, 0.980225
0.268900, 0.981628
0.269000, 0.979187
0.269100, 0.980286
0.269200, 0.979736
0.269300, 0.982178
0.269400, 0.982178
0.269500, 0.980225
0.269600, 0.981689
0.269700, 0.981812
0.269800, 0.981567
0.269900, 0.980713
0.270000, 0.984192
0.270100, 0.984802
0.270200, 0.983276
0.270300, 0.981689
0.270400, 0.981995
0.270500, 0.981934
0.270600, 0.980469
0.270700, 0.979919
0.270800, 0.981934
0.270900, 0.980225
0.271000, 0.981201
0.271100, 0.981750
0.271200, 0.981689
0.271300, 0.982971
0.271400, 0.983276
0.271500, 0.984985
0.271600, 0.979736
0.271700, 0.983093
0.271800, 0.986694
0.271900, 0.986694
0.272000, 0.983398
0.272100, 0.981079
0.272200, 0.984192
0.272300, 0.986084
0.272400, 0.983154
0.272500, 0.983643
0.272600, 0.986511
0.272700, 0.983154
0.272800, 0.982361
0.272900, 0.983948
0.273000, 0.984253
0.273100, 0.984436
0.273200, 0.983643
0.273300, 0.985229
0.273400, 0.983032
0.273500, 0.982666
0.273600, 0.983521
0.273700, 0.984131
0.273800, 0.988037
0.273900, 0.981812
0.274000, 0.979309
0.274100, 0.985596
0.274200, 0.983398
0.274300, 0.982666
0.274400, 0.984314
0.274500, 0.989929
0.274600, 0.985596
0.274700, 0.981323
0.274800, 0.986633
0.274900, 0.984375
0.275000, 0.987671
0.275100, 0.981812
0.275200, 0.986450
0.275300, 0.986694
0.275400, 0.985779
0.275500, 0.983765
0.275600, 0.986877
0.275700, 0.985107
0.275800, 0.985352
0.275900, 0.983276
0.276000, 0.985840
0.276100, 0.985291
0.276200, 0.985474
0.276300, 0.984314
0.276400, 0.986084
0.276500, 0.985779
0.276600, 0.987122
0.276700, 0.984070
0.276800, 0.986023
0.276900, 0.986023
0.277000, 0.986938
0.277100, 0.984619
0.277200, 0.989990
0.277300, 0.985535
0.277400, 0.984192
0.277500, 0.985474
0.277600, 0.987793
0.277700, 0.988708
0.277800, 0.987854
0.277900, 0.988220
0.278000, 0.985596
0.278100, 0.988037
0.278200, 0.987671
0.278300, 0.987732
0.278400, 0.988159
0.278500, 0.986877
0.278600, 0.984619
0.278700, 0.989990
0.278800, 0.986755
0.278900, 0.986694
0.279000, 0.987122
0.279100, 0.988281
0.279200, 0.985413
0.279300, 0.985657
0.279400, 0.989563
0.279500, 0.984314
0.279600, 0.986633
0.279700, 0.990662
0.279800, 0.988647
0.279900, 0.990112
0.280000, 0.988098
0.280100, 0.988281
0.280200, 0.986389
0.280300, 0.990051
0.280400, 0.987244
0.280500, 0.986816
0.280600, 0.986389
0.280700, 0.988342
0.280800, 0.988770
0.280900, 0.989258
0.281000, 0.989807
0.281100, 0.990051
0.281200, 0.988159
0.281300, 0.987854
0.281400, 0.988098
0.281500, 0.987488
0.281600, 0.987244
0.281700, 0.988037
0.281800, 0.989746
0.281900, 0.987549
0.282000, 0.987061
0.282100, 0.989258
0.282200, 0.986877
0.282300, 0.988098
0.282400, 0.986633
0.282500, 0.987732
0.282600, 0.990112
0.282700, 0.989136
0.282800, 0.991028
0.282900, 0.991089
0.283000, 0.990356
0.283100, 0.989319
0.283200, 0.989990
0.283300, 0.988525
0.283400, 0.988647
0.283500, 0.991028
0.283600, 0.989441
0.283700, 0.986023
0.283800, 0.988831
0.283900, 0.988831
0.284000, 0.990845
0.284100, 0.991028
0.284200, 0.990723
0.284300, 0.988281
0.284400, 0.991394
0.284500, 0.988525
0.284600, 0.992432
0.284700, 0.987061
0.284800, 0.991455
0.284900, 0.988647
0.285000, 0.990723
0.285100, 0.989441
0.285200, 0.991272
0.285300, 0.992310
0.285400, 0.992126
0.285500, 0.987610
0.285600, 0.991455
0.285700, 0.990479
0.285800, 0.991333
0.285900, 0.991394
0.286000, 0.987671
0.286100, 0.989929
0.286200, 0.991760
0.286300, 0.989685
0.286400, 0.989502
0.286500, 0.987732
0.286600, 0.992065
0.286700, 0.991211
0.286800, 0.991211
0.286900, 0.989258
0.287000, 0.992004
0.287100, 0.987122
0.287200, 0.991211
0.287300, 0.988525
0.287400, 0.991821
0.287500, 0.992798
0.287600, 0.989868
0.287700, 0.989746
0.287800, 0.990479
0.287900, 0.991272
0.288000, 0.992920
0.288100, 0.989624
0.288200, 0.992004
0.288300, 0.994263
0.288400, 0.991821
0.288500, 0.992615
0.288600, 0.991943
0.288700, 0.990662
0.288800, 0.992188
0.288900, 0.991699
0.289000, 0.989441
0.289100, 0.991638
0.289200, 0.987671
0.289300, 0.994019
0.289400, 0.992981
0.289500, 0.991516
0.289600, 0.989319
0.289700, 0.989197
0.289800, 0.989868
0.289900, 0.992676
0.290000, 0.990479
0.290100, 0.993347
0.290200, 0.991333
0.290300, 0.992188
0.290400, 0.990540
0.290500, 0.997192
0.290600, 0.989502
0.290700, 0.995544
0.290800, 0.993347
0.290900, 0.991028
0.291000, 0.993835
0.291100, 0.994202
0.291200, 0.994385
0.291300, 0.990051
0.291400, 0.994202
0.291500, 0.995972
0.291600, 0.994873
0.291700, 0.994629
0.291800, 0.993347
0.291900, 0.989441
0.292000, 0.992310
0.292100, 0.995605
0.292200, 0.993469
0.292300, 0.992249
0.292400, 0.993103
0.292500, 0.994141
0.292600, 0.994080
0.292700, 0.993164
0.292800, 0.991394
0.292900, 0.993408
0.293000, 0.991455
0.293100, 0.995667
0.293200, 0.991516
0.293300, 0.997009
0.293400, 0.994629
0.293500, 0.994751
0.293600, 0.998779
0.293700, 0.995850
0.293800, 0.993896
0.293900, 0.994873
0.294000, 0.992310
0.294100, 0.990967
0.294200, 0.993835
0.294300, 0.994141
0.294400, 0.992798
0.294500, 0.991150
0.294600, 0.994812
0.294700, 0.994873
0.294800, 0.993591
0.294900, 0.992615
0.295000, 0.994202
0.295100, 0.992065
0.295200, 0.993713
0.295300, 0.994080
0.295400, 0.995667
0.295500, 0.994202
0.295600, 0.990234
0.295700, 0.996460
0.295800, 0.993713
0.295900, 0.993958
0.296000, 0.993530
0.296100, 0.993164
0.296200, 0.996399
0.296300, 0.993103
0.296400, 0.993408
0.296500, 0.994690
0.296600, 0.993469
0.296700, 0.996582
0.296800, 0.993774
0.296900, 0.994507
0.297000, 0.995239
0.297100, 0.994446
0.297200, 0.996338
0.297300, 0.994995
0.297400, 0.993835
0.297500, 0.992065
0.297600, 0.992737
0.297700, 0.995850
0.297800, 0.994019
0.297900, 0.993835
0.298000, 0.995483
0.298100, 0.995911
0.298200, 0.998596
0.298300, 0.996704
0.298400, 0.993591
0.298500, 0.996460
0.298600, 0.995605
0.298700, 0.994568
0.298800, 0.999023
0.298900, 0.994324
0.299000, 0.995850
0.299100, 0.997070
0.299200, 0.991150
0.299300, 0.993164
0.299400, 0.995850
0.299500, 0.995544
0.299600, 0.992920
0.299700, 0.992371
0.299800, 0.997681
0.299900, 0.994507
0.300000, 0.995789
0.300100, 0.995972
0.300200, 0.995728
0.300300, 0.994568
0.300400, 0.999023
0.300500, 0.996216
0.300600, 0.994019
0.300700, 0.994446
0.300800, 0.995544
0.300900, 0.996094
0.301000, 0.993164
0.301100, 0.994385
0.301200, 0.995667
0.301300, 0.996094
0.301400, 0.994995
0.301500, 0.995300
0.301600, 0.993774
0.301700, 0.995850
0.301800, 0.994385
0.301900, 0.995178
0.302000, 0.995605
0.302100, 0.994751
0.302200, 0.996826
0.302300, 0.996399
0.302400, 0.993042
0.302500, 0.994019
0.302600, 0.994873
0.302700, 0.995972
0.302800, 0.998413
0.302900, 0.996582
0.303000, 0.994995
0.303100, 0.995667
0.303200, 0.997742
0.303300, 0.997009
0.303400, 0.996887
0.303500, 0.999207
0.303600, 0.996521
0.303700, 0.996704
0.303800, 0.995239
0.303900, 0.997314
0.304000, 0.998413
0.304100, 0.996887
0.304200, 0.997925
0.304300, 0.997009
0.304400, 0.995972
0.304500, 0.993958
0.304600, 0.996765
0.304700, 0.995911
0.304800, 0.998596
0.304900, 0.995728
0.305000, 0.993652
0.305100, 0.998352
0.305200, 0.996765
0.305300, 0.997192
0.305400, 0.995911
0.305500, 0.994568
0.305600, 0.997559
0.305700, 1.000183
0.305800, 1.001038
0.305900, 0.995422
0.306000, 0.995972
0.306100, 0.999329
0.306200, 0.995728
0.306300, 0.993408
0.306400, 0.994385
0.306500, 0.996948
0.306600, 0.996277
0.306700, 0.994934
0.306800, 0.996765
0.306900, 0.999390
0.307000, 0.997864
0.307100, 0.996338
0.307200, 0.998718
0.307300, 0.995789
0.307400, 0.994995
0.307500, 0.993835
0.307600, 0.996460
0.307700, 0.997437
0.307800, 0.995422
0.307900, 0.997681
0.308000, 0.997192
0.308100, 0.997437
0.308200, 0.994202
0.308300, 0.996643
0.308400, 0.998596
0.308500, 0.995972
0.308600, 0.995850
0.308700, 0.997009
0.308800, 0.997437
0.308900, 0.996826
0.309000, 0.999573
0.309100, 0.994934
0.309200, 0.998169
0.309300, 0.998169
0.309400, 0.997986
0.309500, 0.998352
0.309600, 0.996338
0.309700, 0.994507
0.309800, 0.999512
0.309900, 0.996704
0.310000, 0.995483
0.310100, 0.997986
0.310200, 0.997131
0.310300, 0.995544
0.310400, 0.996887
0.310500, 0.997925
0.310600, 0.996582
0.310700, 0.999451
0.310800, 0.998657
0.310900, 0.994934
0.311000, 0.995483
0.311100, 0.998047
0.311200, 0.998901
0.311300, 0.997803
0.311400, 0.998901
0.311500, 0.997498
0.311600, 0.996338
0.311700, 0.996338
0.311800, 0.996094
0.311900, 0.996948
0.312000, 0.994873
0.312100, 1.001038
0.312200, 0.998291
0.312300, 0.997192
0.312400, 0.997925
0.312500, 0.998962
0.312600, 0.998535
0.312700, 0.998779
0.312800, 0.997498
0.312900, 0.995667
0.313000, 0.995850
0.313100, 0.998474
0.313200, 0.995911
0.313300, 0.996155
0.313400, 0.992065
0.313500, 0.998779
0.313600, 0.996826
0.313700, 0.998535
0.313800, 0.995972
0.313900, 0.997803
0.314000, 0.997375
0.314100, 0.995544
0.314200, 0.994507
0.314300, 0.996765
0.314400, 0.998657
0.314500, 0.997681
0.314600, 1.000549
0.314700, 0.995850
0.314800, 0.996338
0.314900, 0.998535
0.315000, 0.995911
0.315100, 0.997803
0.315200, 0.999329
0.315300, 1.000916
0.315400, 0.995667
0.315500, 0.999512
0.315600, 0.999207
0.315700, 0.999512
0.315800, 0.997070
0.315900, 0.996582
0.316000, 0.996155
0.316100, 0.998840
0.316200, 1.000244
0.316300, 0.999023
0.316400, 0.999817
0.316500, 0.998352
0.316600, 0.996338
0.316700, 1.000671
0.316800, 0.998230
0.316900, 0.998901
0.317000, 0.994568
0.317100, 0.998352
0.317200, 1.000305
0.317300, 0.997253
0.317400, 0.998352
0.317500, 1.006287
0.317600, 0.997925
