0.000000, -0.001588
0.000100, -0.001191
0.000200, -0.001225
0.000300, -0.002087
0.000400, -0.001244
0.000500, -0.000688
0.000600, -0.000302
0.000700, -0.000505
0.000800, 0.001154
0.000900, 0.002099
0.001000, 0.000405
0.001100, 0.000981
0.001200, 0.002631
0.001300, 0.001507
0.001400, 0.001662
0.001500, 0.003913
0.001600, 0.004608
0.001700, 0.002993
0.001800, 0.002355
0.001900, 0.004390
0.002000, 0.001735
0.002100, 0.004263
0.002200, 0.005058
0.002300, 0.005375
0.002400, 0.003500
0.002500, 0.004689
0.002600, 0.008877
0.002700, 0.006879
0.002800, 0.007103
0.002900, 0.007636
0.003000, 0.008868
0.003100, 0.009680
0.003200, 0.006877
0.003300, 0.010070
0.003400, 0.009663
0.003500, 0.010721
0.003600, 0.009679
0.003700, 0.010152
0.003800, 0.011973
0.003900, 0.008741
0.004000, 0.010868
0.004100, 0.010716
0.004200, 0.010581
0.004300, 0.012005
0.004400, 0.013117
0.004500, 0.014054
0.004600, 0.012004
0.004700, 0.014836
0.004800, 0.015409
0.004900, 0.014784
0.005000, 0.014041
0.005100, 0.014561
0.005200, 0.014936
0.005300, 0.016712
0.005400, 0.016356
0.005500, 0.016223
0.005600, 0.016970
0.005700, 0.020154
0.005800, 0.020043
0.005900, 0.021466
0.006000, 0.019897
0.006100, 0.017609
0.006200, 0.020484
0.006300, 0.019853
0.006400, 0.020741
0.006500, 0.023347
0.006600, 0.022965
0.006700, 0.023568
0.006800, 0.024424
0.006900, 0.022263
0.007000, 0.024695
0.007100, 0.023134
0.007200, 0.025623
0.007300, 0.024823
0.007400, 0.027169
0.007500, 0.024647
0.007600, 0.027844
0.007700, 0.027060
0.007800, 0.027434
0.007900, 0.027067
0.008000, 0.029085
0.008100, 0.027027
0.008200, 0.026865
0.008300, 0.029022
0.008400, 0.029938
0.008500, 0.028827
0.008600, 0.028931
0.008700, 0.031575
0.008800, 0.031317
0.008900, 0.032597
0.009000, 0.032486
0.009100, 0.032028
0.009200, 0.033215
0.009300, 0.033960
0.009400, 0.034662
0.009500, 0.034217
0.009600, 0.033293
0.009700, 0.038928
0.009800, 0.037784
0.009900, 0.036893
0.010000, 0.037256
0.010100, 0.036141
0.010200, 0.039395
0.010300, 0.038693
0.010400, 0.040219
0.010500, 0.042408
0.010600, 0.039892
0.010700, 0.039414
0.010800, 0.042326
0.010900, 0.042018
0.011000, 0.042734
0.011100, 0.041183
0.011200, 0.043976
0.011300, 0.044510
0.011400, 0.046632
0.011500, 0.044841
0.011600, 0.044691
0.011700, 0.046863
0.011800, 0.047950
0.011900, 0.047673
0.012000, 0.047303
0.012100, 0.048908
0.012200, 0.048665
0.012300, 0.048688
0.012400, 0.049600
0.012500, 0.050695
0.012600, 0.049783
0.012700, 0.048901
0.012800, 0.052152
0.012900, 0.051882
0.013000, 0.052198
0.013100, 0.053385
0.013200, 0.054759
0.013300, 0.053202
0.013400, 0.058363
0.013500, 0.055188
0.013600, 0.055488
0.013700, 0.058519
0.013800, 0.058913
0.013900, 0.058944
0.014000, 0.056631
0.014100, 0.058807
0.014200, 0.061442
0.014300, 0.061642
0.014400, 0.062368
0.014500, 0.061251
0.014600, 0.063057
0.014700, 0.065573
0.014800, 0.064021
0.014900, 0.064272
0.015000, 0.066041
0.015100, 0.063940
0.015200, 0.066863
0.015300, 0.065609
0.015400, 0.065071
0.015500, 0.064495
0.015600, 0.065074
0.015700, 0.069731
0.015800, 0.070216
0.015900, 0.069353
0.016000, 0.072934
0.016100, 0.070417
0.016200, 0.069682
0.016300, 0.072700
0.016400, 0.076476
0.016500, 0.074856
0.016600, 0.076491
0.016700, 0.079362
0.016800, 0.077995
0.016900, 0.077968
0.017000, 0.078049
0.017100, 0.079874
0.017200, 0.079843
0.017300, 0.080030
0.017400, 0.078970
0.017500, 0.080932
0.017600, 0.081645
0.017700, 0.081135
0.017800, 0.083593
0.017900, 0.083649
0.018000, 0.083858
0.018100, 0.085033
0.018200, 0.086257
0.018300, 0.085952
0.018400, 0.086554
0.018500, 0.086892
0.018600, 0.086924
0.018700, 0.089103
0.018800, 0.090108
0.018900, 0.092025
0.019000, 0.088112
0.019100, 0.089526
0.019200, 0.093218
0.019300, 0.091882
0.019400, 0.090900
0.019500, 0.093396
0.019600, 0.095228
0.019700, 0.094188
0.019800, 0.096957
0.019900, 0.095239
0.020000, 0.095533
0.020100, 0.098815
0.020200, 0.100388
0.020300, 0.099359
0.020400, 0.102880
0.020500, 0.100850
0.020600, 0.102110
0.020700, 0.100860
0.020800, 0.103332
0.020900, 0.099947
0.021000, 0.101016
0.021100, 0.105964
0.021200, 0.106695
0.021300, 0.106961
0.021400, 0.107446
0.021500, 0.109505
0.021600, 0.107298
0.021700, 0.111460
0.021800, 0.109121
0.021900, 0.107946
0.022000, 0.113273
0.022100, 0.110243
0.022200, 0.109782
0.022300, 0.113161
0.022400, 0.111844
0.022500, 0.114412
0.022600, 0.112843
0.022700, 0.117743
0.022800, 0.115953
0.022900, 0.116033
0.023000, 0.114786
0.023100, 0.117226
0.023200, 0.116903
0.023300, 0.120119
0.023400, 0.119072
0.023500, 0.120348
0.023600, 0.121229
0.023700, 0.119995
0.023800, 0.121147
0.023900, 0.121714
0.024000, 0.121908
0.024100, 0.123297
0.024200, 0.125073
0.024300, 0.126955
0.024400, 0.127303
0.024500, 0.127238
0.024600, 0.125955
0.024700, 0.129104
0.024800, 0.129467
0.024900, 0.129000
0.025000, 0.133057
0.025100, 0.133509
0.025200, 0.134447
0.025300, 0.130416
0.025400, 0.131643
0.025500, 0.133101
0.025600, 0.133760
0.025700, 0.138872
0.025800, 0.134267
0.025900, 0.139801
0.026000, 0.138015
0.026100, 0.138776
0.026200, 0.136654
0.026300, 0.139548
0.026400, 0.140569
0.026500, 0.141062
0.026600, 0.142769
0.026700, 0.141523
0.026800, 0.140677
0.026900, 0.143566
0.027000, 0.144228
0.027100, 0.146113
0.027200, 0.146216
0.027300, 0.146953
0.027400, 0.147843
0.027500, 0.144966
0.027600, 0.146894
0.027700, 0.146350
0.027800, 0.149928
0.027900, 0.151815
0.028000, 0.150697
0.028100, 0.151805
0.028200, 0.149893
0.028300, 0.150793
0.028400, 0.152456
0.028500, 0.157594
0.028600, 0.156797
0.028700, 0.156189
0.028800, 0.156492
0.028900, 0.157292
0.029000, 0.159387
0.029100, 0.157451
0.029200, 0.157050
0.029300, 0.160328
0.029400, 0.160588
0.029500, 0.159935
0.029600, 0.159462
0.029700, 0.161794
0.029800, 0.161585
0.029900, 0.161999
0.030000, 0.165250
0.030100, 0.165575
0.030200, 0.165933
0.030300, 0.164881
0.030400, 0.167884
0.030500, 0.167607
0.030600, 0.168164
0.030700, 0.167368
0.030800, 0.170468
0.030900, 0.167401
0.031000, 0.169974
0.031100, 0.172383
0.031200, 0.172154
0.031300, 0.173165
0.031400, 0.172987
0.031500, 0.173743
0.031600, 0.175054
0.031700, 0.176101
0.031800, 0.174083
0.031900, 0.176273
0.032000, 0.175776
0.032100, 0.178108
0.032200, 0.179281
0.032300, 0.180528
0.032400, 0.178482
0.032500, 0.181130
0.032600, 0.181128
0.032700, 0.182256
0.032800, 0.182754
0.032900, 0.182968
0.033000, 0.183955
0.033100, 0.185221
0.033200, 0.184077
0.033300, 0.183508
0.033400, 0.188219
0.033500, 0.185786
0.033600, 0.186394
0.033700, 0.187130
0.033800, 0.187829
0.033900, 0.187084
0.034000, 0.190251
0.034100, 0.191611
0.034200, 0.190381
0.034300, 0.194460
0.034400, 0.193551
0.034500, 0.192750
0.034600, 0.193974
0.034700, 0.193686
0.034800, 0.193969
0.034900, 0.194279
0.035000, 0.196515
0.035100, 0.195837
0.035200, 0.198147
0.035300, 0.195163
0.035400, 0.199265
0.035500, 0.196696
0.035600, 0.200836
0.035700, 0.202476
0.035800, 0.201737
0.035900, 0.201805
0.036000, 0.201903
0.036100, 0.205281
0.036200, 0.204672
0.036300, 0.206972
0.036400, 0.204042
0.036500, 0.208409
0.036600, 0.207289
0.036700, 0.205416
0.036800, 0.208850
0.036900, 0.207701
0.037000, 0.209179
0.037100, 0.209678
0.037200, 0.208897
0.037300, 0.211605
0.037400, 0.210993
0.037500, 0.209594
0.037600, 0.213756
0.037700, 0.210490
0.037800, 0.216620
0.037900, 0.216109
0.038000, 0.213091
0.038100, 0.216182
0.038200, 0.217069
0.038300, 0.216707
0.038400, 0.218291
0.038500, 0.219861
0.038600, 0.220129
0.038700, 0.217666
0.038800, 0.215130
0.038900, 0.219815
0.039000, 0.219290
0.039100, 0.221873
0.039200, 0.223013
0.039300, 0.221696
0.039400, 0.225644
0.039500, 0.224381
0.039600, 0.224727
0.039700, 0.222640
0.039800, 0.226715
0.039900, 0.228721
0.040000, 0.228426
0.040100, 0.232807
0.040200, 0.227818
0.040300, 0.229308
0.040400, 0.227939
0.040500, 0.230388
0.040600, 0.232043
0.040700, 0.230385
0.040800, 0.227850
0.040900, 0.234953
0.041000, 0.233950
0.041100, 0.234714
0.041200, 0.234118
0.041300, 0.234544
0.041400, 0.234905
0.041500, 0.234991
0.041600, 0.236478
0.041700, 0.236420
0.041800, 0.237069
0.041900, 0.237142
0.042000, 0.238837
0.042100, 0.242652
0.042200, 0.242804
0.042300, 0.241802
0.042400, 0.240759
0.042500, 0.240656
0.042600, 0.240585
0.042700, 0.240604
0.042800, 0.244117
0.042900, 0.247443
0.043000, 0.244993
0.043100, 0.244466
0.043200, 0.246889
0.043300, 0.247163
0.043400, 0.247676
0.043500, 0.247501
0.043600, 0.247188
0.043700, 0.249465
0.043800, 0.253292
0.043900, 0.249542
0.044000, 0.249611
0.044100, 0.250797
0.044200, 0.254339
0.044300, 0.253466
0.044400, 0.251431
0.044500, 0.253491
0.044600, 0.254654
0.044700, 0.256570
0.044800, 0.256351
0.044900, 0.255553
0.045000, 0.257287
0.045100, 0.258496
0.045200, 0.260451
0.045300, 0.259593
0.045400, 0.261471
0.045500, 0.262232
0.045600, 0.258844
0.045700, 0.260851
0.045800, 0.261853
0.045900, 0.264359
0.046000, 0.261544
0.046100, 0.264356
0.046200, 0.263302
0.046300, 0.264953
0.046400, 0.265296
0.046500, 0.267590
0.046600, 0.266580
0.046700, 0.268782
0.046800, 0.269115
0.046900, 0.267815
0.047000, 0.269738
0.047100, 0.270133
0.047200, 0.268127
0.047300, 0.268997
0.047400, 0.271739
0.047500, 0.269752
0.047600, 0.272616
0.047700, 0.274528
0.047800, 0.271819
0.047900, 0.273378
0.048000, 0.275061
0.048100, 0.274895
0.048200, 0.276927
0.048300, 0.274396
0.048400, 0.275329
0.048500, 0.278891
0.048600, 0.278520
0.048700, 0.276592
0.048800, 0.281199
0.048900, 0.280690
0.049000, 0.279723
0.049100, 0.282108
0.049200, 0.280627
0.049300, 0.281343
0.049400, 0.281443
0.049500, 0.283486
0.049600, 0.283326
0.049700, 0.287274
0.049800, 0.282366
0.049900, 0.286950
0.050000, 0.284067
0.050100, 0.289161
0.050200, 0.288602
0.050300, 0.287924
0.050400, 0.291283
0.050500, 0.291364
0.050600, 0.290160
0.050700, 0.289062
0.050800, 0.289480
0.050900, 0.293030
0.051000, 0.291561
0.051100, 0.289582
0.051200, 0.294014
0.051300, 0.292903
0.051400, 0.295507
0.051500, 0.296573
0.051600, 0.297873
0.051700, 0.299224
0.051800, 0.295003
0.051900, 0.294811
0.052000, 0.298020
0.052100, 0.297486
0.052200, 0.296933
0.052300, 0.298674
0.052400, 0.297179
0.052500, 0.301958
0.052600, 0.303557
0.052700, 0.300600
0.052800, 0.301010
0.052900, 0.302089
0.053000, 0.305561
0.053100, 0.304804
0.053200, 0.304290
0.053300, 0.305163
0.053400, 0.307528
0.053500, 0.305071
0.053600, 0.308884
0.053700, 0.306986
0.053800, 0.308568
0.053900, 0.309481
0.054000, 0.312457
0.054100, 0.308681
0.054200, 0.311565
0.054300, 0.309402
0.054400, 0.311249
0.054500, 0.313068
0.054600, 0.314229
0.054700, 0.312715
0.054800, 0.311451
0.054900, 0.316497
0.055000, 0.313777
0.055100, 0.316497
0.055200, 0.320395
0.055300, 0.316232
0.055400, 0.314497
0.055500, 0.318606
0.055600, 0.318226
0.055700, 0.319959
0.055800, 0.319936
0.055900, 0.321205
0.056000, 0.322867
0.056100, 0.322131
0.056200, 0.320548
0.056300, 0.323837
0.056400, 0.326174
0.056500, 0.325610
0.056600, 0.326083
0.056700, 0.322824
0.056800, 0.325919
0.056900, 0.327702
0.057000, 0.322774
0.057100, 0.329424
0.057200, 0.327311
0.057300, 0.325968
0.057400, 0.328969
0.057500, 0.328844
0.057600, 0.330224
0.057700, 0.329680
0.057800, 0.331590
0.057900, 0.329072
0.058000, 0.332187
0.058100, 0.334307
0.058200, 0.334846
0.058300, 0.333508
0.058400, 0.333293
0.058500, 0.339643
0.058600, 0.333669
0.058700, 0.334089
0.058800, 0.336833
0.058900, 0.333997
0.059000, 0.335750
0.059100, 0.336813
0.059200, 0.340685
0.059300, 0.341581
0.059400, 0.339390
0.059500, 0.338789
0.059600, 0.342226
0.059700, 0.342245
0.059800, 0.344686
0.059900, 0.341498
0.060000, 0.344743
0.060100, 0.344497
0.060200, 0.344681
0.060300, 0.349073
0.060400, 0.345926
0.060500, 0.346544
0.060600, 0.347753
0.060700, 0.346543
0.060800, 0.347784
0.060900, 0.347883
0.061000, 0.349634
0.061100, 0.354185
0.061200, 0.347672
0.061300, 0.355295
0.061400, 0.353409
0.061500, 0.354247
0.061600, 0.353337
0.061700, 0.355086
0.061800, 0.352938
0.061900, 0.355851
0.062000, 0.356773
0.062100, 0.354518
0.062200, 0.354408
0.062300, 0.356387
0.062400, 0.359511
0.062500, 0.357331
0.062600, 0.362133
0.062700, 0.356316
0.062800, 0.358473
0.062900, 0.358870
0.063000, 0.363522
0.063100, 0.356771
0.063200, 0.360811
0.063300, 0.359870
0.063400, 0.363879
0.063500, 0.362985
0.063600, 0.365559
0.063700, 0.363669
0.063800, 0.363279
0.063900, 0.365645
0.064000, 0.367443
0.064100, 0.364123
0.064200, 0.364452
0.064300, 0.366803
0.064400, 0.367817
0.064500, 0.370381
0.064600, 0.365033
0.064700, 0.372074
0.064800, 0.369723
0.064900, 0.371687
0.065000, 0.371149
0.065100, 0.371712
0.065200, 0.371442
0.065300, 0.374483
0.065400, 0.374439
0.065500, 0.377405
0.065600, 0.373367
0.065700, 0.377638
0.065800, 0.376272
0.065900, 0.376373
0.066000, 0.376108
0.066100, 0.377682
0.066200, 0.378376
0.066300, 0.380049
0.066400, 0.381451
0.066500, 0.378648
0.066600, 0.381290
0.066700, 0.378841
0.066800, 0.380550
0.066900, 0.381879
0.067000, 0.379121
0.067100, 0.384182
0.067200, 0.383003
0.067300, 0.384064
0.067400, 0.387039
0.067500, 0.387619
0.067600, 0.384002
0.067700, 0.386340
0.067800, 0.385664
0.067900, 0.386979
0.068000, 0.391864
0.068100, 0.387408
0.068200, 0.386652
0.068300, 0.389424
0.068400, 0.390591
0.068500, 0.395585
0.068600, 0.393697
0.068700, 0.391225
0.068800, 0.390630
0.068900, 0.392131
0.069000, 0.392459
0.069100, 0.395242
0.069200, 0.394063
0.069300, 0.395351
0.069400, 0.394118
0.069500, 0.395372
0.069600, 0.398621
0.069700, 0.395419
0.069800, 0.396773
0.069900, 0.400682
0.070000, 0.401266
0.070100, 0.398510
0.070200, 0.396389
0.070300, 0.400446
0.070400, 0.400026
0.070500, 0.402241
0.070600, 0.397108
0.070700, 0.402218
0.070800, 0.402595
0.070900, 0.401814
0.071000, 0.409311
0.071100, 0.403388
0.071200, 0.401166
0.071300, 0.406851
0.071400, 0.403736
0.071500, 0.405891
0.071600, 0.407598
0.071700, 0.408374
0.071800, 0.408982
0.071900, 0.410882
0.072000, 0.411461
0.072100, 0.409415
0.072200, 0.412590
0.072300, 0.410208
0.072400, 0.410035
0.072500, 0.410498
0.072600, 0.410159
0.072700, 0.413675
0.072800, 0.414903
0.072900, 0.413669
0.073000, 0.413490
0.073100, 0.411191
0.073200, 0.414712
0.073300, 0.418083
0.073400, 0.413296
0.073500, 0.417357
0.073600, 0.417238
0.073700, 0.414515
0.073800, 0.421771
0.073900, 0.417751
0.074000, 0.422560
0.074100, 0.421501
0.074200, 0.422339
0.074300, 0.419562
0.074400, 0.420453
0.074500, 0.419344
0.074600, 0.425873
0.074700, 0.422625
0.074800, 0.424208
0.074900, 0.424614
0.075000, 0.424714
0.075100, 0.425909
0.075200, 0.425588
0.075300, 0.424838
0.075400, 0.427460
0.075500, 0.424716
0.075600, 0.427165
0.075700, 0.427347
0.075800, 0.430115
0.075900, 0.427224
0.076000, 0.429210
0.076100, 0.432814
0.076200, 0.431437
0.076300, 0.433836
0.076400, 0.435242
0.076500, 0.432404
0.076600, 0.429867
0.076700, 0.434981
0.076800, 0.431472
0.076900, 0.433340
0.077000, 0.433937
0.077100, 0.431819
0.077200, 0.432571
0.077300, 0.434356
0.077400, 0.434396
0.077500, 0.440167
0.077600, 0.432872
0.077700, 0.440190
0.077800, 0.439673
0.077900, 0.438575
0.078000, 0.438800
0.078100, 0.438839
0.078200, 0.438480
0.078300, 0.440055
0.078400, 0.440675
0.078500, 0.437617
0.078600, 0.442119
0.078700, 0.442890
0.078800, 0.444173
0.078900, 0.445117
0.079000, 0.446050
0.079100, 0.448408
0.079200, 0.444876
0.079300, 0.450318
0.079400, 0.446548
0.079500, 0.445395
0.079600, 0.446249
0.079700, 0.450796
0.079800, 0.446853
0.079900, 0.449289
0.080000, 0.448721
0.080100, 0.450653
0.080200, 0.450326
0.080300, 0.450451
0.080400, 0.448359
0.080500, 0.452621
0.080600, 0.451650
0.080700, 0.451713
0.080800, 0.455917
0.080900, 0.456224
0.081000, 0.453433
0.081100, 0.453698
0.081200, 0.456732
0.081300, 0.456158
0.081400, 0.458985
0.081500, 0.462149
0.081600, 0.456275
0.081700, 0.455603
0.081800, 0.455518
0.081900, 0.458531
0.082000, 0.457085
0.082100, 0.460144
0.082200, 0.459181
0.082300, 0.462189
0.082400, 0.461003
0.082500, 0.460423
0.082600, 0.460377
0.082700, 0.461908
0.082800, 0.467582
0.082900, 0.461416
0.083000, 0.463232
0.083100, 0.468934
0.083200, 0.463553
0.083300, 0.464396
0.083400, 0.464976
0.083500, 0.464428
0.083600, 0.462996
0.083700, 0.465180
0.083800, 0.465978
0.083900, 0.468101
0.084000, 0.468262
0.084100, 0.467116
0.084200, 0.468882
0.084300, 0.468594
0.084400, 0.469448
0.084500, 0.470324
0.084600, 0.473942
0.084700, 0.471306
0.084800, 0.472926
0.084900, 0.468930
0.085000, 0.472351
0.085100, 0.472135
0.085200, 0.471706
0.085300, 0.472308
0.085400, 0.472279
0.085500, 0.470818
0.085600, 0.474480
0.085700, 0.473478
0.085800, 0.477432
0.085900, 0.476060
0.086000, 0.473199
0.086100, 0.478222
0.086200, 0.477894
0.086300, 0.478750
0.086400, 0.480913
0.086500, 0.478259
0.086600, 0.479830
0.086700, 0.480906
0.086800, 0.477901
0.086900, 0.479670
0.087000, 0.480891
0.087100, 0.485177
0.087200, 0.484423
0.087300, 0.484930
0.087400, 0.481425
0.087500, 0.484804
0.087600, 0.482993
0.087700, 0.481422
0.087800, 0.484158
0.087900, 0.486910
0.088000, 0.486129
0.088100, 0.484650
0.088200, 0.490261
0.088300, 0.487711
0.088400, 0.487020
0.088500, 0.491436
0.088600, 0.491702
0.088700, 0.490918
0.088800, 0.482449
0.088900, 0.488756
0.089000, 0.489433
0.089100, 0.491031
0.089200, 0.491820
0.089300, 0.493893
0.089400, 0.492614
0.089500, 0.496809
0.089600, 0.494496
0.089700, 0.493869
0.089800, 0.493845
0.089900, 0.495545
0.090000, 0.493419
0.090100, 0.497610
0.090200, 0.496751
0.090300, 0.499693
0.090400, 0.496810
0.090500, 0.498075
0.090600, 0.497510
0.090700, 0.502686
0.090800, 0.497353
0.090900, 0.502054
0.091000, 0.498182
0.091100, 0.499478
0.091200, 0.501580
0.091300, 0.499346
0.091400, 0.499714
0.091500, 0.500869
0.091600, 0.502653
0.091700, 0.504824
0.091800, 0.505708
0.091900, 0.503431
0.092000, 0.506021
0.092100, 0.504526
0.092200, 0.501707
0.092300, 0.501568
0.092400, 0.506211
0.092500, 0.502734
0.092600, 0.506504
0.092700, 0.506915
0.092800, 0.509093
0.092900, 0.508221
0.093000, 0.509858
0.093100, 0.507526
0.093200, 0.508240
0.093300, 0.509929
0.093400, 0.508051
0.093500, 0.512535
0.093600, 0.514771
0.093700, 0.511507
0.093800, 0.511061
0.093900, 0.512112
0.094000, 0.510068
0.094100, 0.511324
0.094200, 0.511857
0.094300, 0.516475
0.094400, 0.511846
0.094500, 0.514385
0.094600, 0.518089
0.094700, 0.515747
0.094800, 0.513738
0.094900, 0.518626
0.095000, 0.517432
0.095100, 0.516947
0.095200, 0.517806
0.095300, 0.517537
0.095400, 0.521280
0.095500, 0.519730
0.095600, 0.523999
0.095700, 0.521569
0.095800, 0.520231
0.095900, 0.520830
0.096000, 0.520467
0.096100, 0.521217
0.096200, 0.522882
0.096300, 0.523277
0.096400, 0.525182
0.096500, 0.526081
0.096600, 0.520982
0.096700, 0.529457
0.096800, 0.524783
0.096900, 0.519110
0.097000, 0.526489
0.097100, 0.524516
0.097200, 0.526451
0.097300, 0.528583
0.097400, 0.526830
0.097500, 0.527555
0.097600, 0.528384
0.097700, 0.530380
0.097800, 0.522834
0.097900, 0.529604
0.098000, 0.527468
0.098100, 0.528908
0.098200, 0.533116
0.098300, 0.531157
0.098400, 0.527324
0.098500, 0.527864
0.098600, 0.536312
0.098700, 0.532406
0.098800, 0.530791
0.098900, 0.533528
0.099000, 0.537935
0.099100, 0.538527
0.099200, 0.533798
0.099300, 0.533278
0.099400, 0.536377
0.099500, 0.530736
0.099600, 0.531406
0.099700, 0.537065
0.099800, 0.536112
0.099900, 0.536902
0.100000, 0.537091
0.100100, 0.539041
0.100200, 0.541628
0.100300, 0.536826
0.100400, 0.541595
0.100500, 0.537571
0.100600, 0.540276
0.100700, 0.546854
0.100800, 0.539950
0.100900, 0.542716
0.101000, 0.542511
0.101100, 0.545122
0.101200, 0.544805
0.101300, 0.544613
0.101400, 0.542331
0.101500, 0.541250
0.101600, 0.543895
0.101700, 0.543583
0.101800, 0.545154
0.101900, 0.544662
0.102000, 0.545158
0.102100, 0.547396
0.102200, 0.544878
0.102300, 0.547171
0.102400, 0.545597
0.102500, 0.548431
0.102600, 0.548397
0.102700, 0.548288
0.102800, 0.548241
0.102900, 0.548329
0.103000, 0.551147
0.103100, 0.549675
0.103200, 0.553692
0.103300, 0.550813
0.103400, 0.551991
0.103500, 0.552160
0.103600, 0.555863
0.103700, 0.556673
0.103800, 0.553747
0.103900, 0.555643
0.104000, 0.553782
0.104100, 0.556383
0.104200, 0.557116
0.104300, 0.555883
0.104400, 0.557654
0.104500, 0.554861
0.104600, 0.558926
0.104700, 0.557944
0.104800, 0.557261
0.104900, 0.558199
0.105000, 0.557823
0.105100, 0.562573
0.105200, 0.559534
0.105300, 0.557540
0.105400, 0.559423
0.105500, 0.561653
0.105600, 0.560621
0.105700, 0.559913
0.105800, 0.560166
0.105900, 0.563343
0.106000, 0.564259
0.106100, 0.563924
0.106200, 0.568470
0.106300, 0.561573
0.106400, 0.563986
0.106500, 0.565841
0.106600, 0.565867
0.106700, 0.563934
0.106800, 0.565897
0.106900, 0.567937
0.107000, 0.571199
0.107100, 0.568680
0.107200, 0.568133
0.107300, 0.564400
0.107400, 0.568932
0.107500, 0.572648
0.107600, 0.566059
0.107700, 0.574063
0.107800, 0.571517
0.107900, 0.570755
0.108000, 0.574969
0.108100, 0.571756
0.108200, 0.574495
0.108300, 0.576599
0.108400, 0.574348
0.108500, 0.569846
0.108600, 0.574230
0.108700, 0.570577
0.108800, 0.574762
0.108900, 0.576751
0.109000, 0.576550
0.109100, 0.579082
0.109200, 0.575444
0.109300, 0.577400
0.109400, 0.575891
0.109500, 0.576658
0.109600, 0.578786
0.109700, 0.578156
0.109800, 0.581476
0.109900, 0.579567
0.110000, 0.577649
0.110100, 0.580832
0.110200, 0.581886
0.110300, 0.578916
0.110400, 0.583439
0.110500, 0.581123
0.110600, 0.584003
0.110700, 0.582639
0.110800, 0.584572
0.110900, 0.580397
0.111000, 0.586974
0.111100, 0.581883
0.111200, 0.587222
0.111300, 0.582806
0.111400, 0.585639
0.111500, 0.586443
0.111600, 0.585709
0.111700, 0.587374
0.111800, 0.583109
0.111900, 0.588588
0.112000, 0.589385
0.112100, 0.586119
0.112200, 0.588031
0.112300, 0.591730
0.112400, 0.589515
0.112500, 0.587315
0.112600, 0.592311
0.112700, 0.593504
0.112800, 0.590461
0.112900, 0.590251
0.113000, 0.593439
0.113100, 0.591929
0.113200, 0.594983
0.113300, 0.596084
0.113400, 0.594253
0.113500, 0.595913
0.113600, 0.595171
0.113700, 0.596595
0.113800, 0.598530
0.113900, 0.596832
0.114000, 0.594646
0.114100, 0.597787
0.114200, 0.599305
0.114300, 0.599464
0.114400, 0.601132
0.114500, 0.603321
0.114600, 0.597602
0.114700, 0.599296
0.114800, 0.601982
0.114900, 0.600262
0.115000, 0.601691
0.115100, 0.601281
0.115200, 0.602156
0.115300, 0.602123
0.115400, 0.603178
0.115500, 0.604395
0.115600, 0.600927
0.115700, 0.606483
0.115800, 0.603872
0.115900, 0.604108
0.116000, 0.605438
0.116100, 0.605988
0.116200, 0.609179
0.116300, 0.613050
0.116400, 0.605412
0.116500, 0.604997
0.116600, 0.604120
0.116700, 0.612316
0.116800, 0.611208
0.116900, 0.608728
0.117000, 0.608642
0.117100, 0.613730
0.117200, 0.611390
0.117300, 0.608665
0.117400, 0.610705
0.117500, 0.612649
0.117600, 0.608226
0.117700, 0.610046
0.117800, 0.611549
0.117900, 0.611354
0.118000, 0.612732
0.118100, 0.611584
0.118200, 0.615910
0.118300, 0.617384
0.118400, 0.616340
0.118500, 0.612084
0.118600, 0.614817
0.118700, 0.616564
0.118800, 0.618281
0.118900, 0.613754
0.119000, 0.617338
0.119100, 0.619624
0.119200, 0.622015
0.119300, 0.625071
0.119400, 0.620090
0.119500, 0.619781
0.119600, 0.621458
0.119700, 0.622047
0.119800, 0.620736
0.119900, 0.626780
0.120000, 0.624770
0.120100, 0.621871
0.120200, 0.625749
0.120300, 0.625502
0.120400, 0.626678
0.120500, 0.621607
0.120600, 0.627865
0.120700, 0.625839
0.120800, 0.627722
0.120900, 0.626416
0.121000, 0.627067
0.121100, 0.624013
0.121200, 0.629757
0.121300, 0.629878
0.121400, 0.630027
0.121500, 0.631393
0.121600, 0.630148
0.121700, 0.630653
0.121800, 0.631732
0.121900, 0.630986
0.122000, 0.635218
0.122100, 0.632799
0.122200, 0.630341
0.122300, 0.629112
0.122400, 0.635530
0.122500, 0.636477
0.122600, 0.634277
0.122700, 0.632437
0.122800, 0.635283
0.122900, 0.629776
0.123000, 0.629353
0.123100, 0.637865
0.123200, 0.637100
0.123300, 0.639603
0.123400, 0.636738
0.123500, 0.639965
0.123600, 0.640799
0.123700, 0.640556
0.123800, 0.641945
0.123900, 0.637169
0.124000, 0.638628
0.124100, 0.635319
0.124200, 0.638187
0.124300, 0.639425
0.124400, 0.642376
0.124500, 0.639257
0.124600, 0.640390
0.124700, 0.642239
0.124800, 0.646063
0.124900, 0.642656
0.125000, 0.642294
0.125100, 0.646135
0.125200, 0.647532
0.125300, 0.641563
0.125400, 0.647966
0.125500, 0.646431
0.125600, 0.645309
0.125700, 0.652220
0.125800, 0.646521
0.125900, 0.645826
0.126000, 0.649176
0.126100, 0.654095
0.126200, 0.650892
0.126300, 0.649017
0.126400, 0.650127
0.126500, 0.647648
0.126600, 0.651417
0.126700, 0.653597
0.126800, 0.652939
0.126900, 0.653101
0.127000, 0.652676
0.127100, 0.649965
0.127200, 0.650303
0.127300, 0.651463
0.127400, 0.658138
0.127500, 0.655716
0.127600, 0.657940
0.127700, 0.654896
0.127800, 0.658310
0.127900, 0.657196
0.128000, 0.656372
0.128100, 0.657616
0.128200, 0.655071
0.128300, 0.657413
0.128400, 0.658051
0.128500, 0.658474
0.128600, 0.660646
0.128700, 0.663492
0.128800, 0.657112
0.128900, 0.660404
0.129000, 0.661469
0.129100, 0.660631
0.129200, 0.666191
0.129300, 0.664925
0.129400, 0.662840
0.129500, 0.665123
0.129600, 0.662437
0.129700, 0.666151
0.129800, 0.666424
0.129900, 0.662460
0.130000, 0.661539
0.130100, 0.665955
0.130200, 0.667023
0.130300, 0.664381
0.130400, 0.663824
0.130500, 0.665852
0.130600, 0.673811
0.130700, 0.670618
0.130800, 0.671001
0.130900, 0.673117
0.131000, 0.667503
0.131100, 0.669773
0.131200, 0.671257
0.131300, 0.672918
0.131400, 0.677834
0.131500, 0.674805
0.131600, 0.673492
0.131700, 0.672710
0.131800, 0.675564
0.131900, 0.674929
0.132000, 0.676373
0.132100, 0.676231
0.132200, 0.678259
0.132300, 0.676054
0.132400, 0.672756
0.132500, 0.675026
0.132600, 0.670795
0.132700, 0.677071
0.132800, 0.679003
0.132900, 0.675774
0.133000, 0.678205
0.133100, 0.675589
0.133200, 0.684187
0.133300, 0.682093
0.133400, 0.675940
0.133500, 0.684673
0.133600, 0.680082
0.133700, 0.681557
0.133800, 0.682451
0.133900, 0.679247
0.134000, 0.682650
0.134100, 0.680710
0.134200, 0.683517
0.134300, 0.686512
0.134400, 0.683752
0.134500, 0.685532
0.134600, 0.684277
0.134700, 0.688272
0.134800, 0.682621
0.134900, 0.688391
0.135000, 0.687557
0.135100, 0.689718
0.135200, 0.689007
0.135300, 0.686787
0.135400, 0.690523
0.135500, 0.689116
0.135600, 0.690338
0.135700, 0.690004
0.135800, 0.696407
0.135900, 0.690823
0.136000, 0.690201
0.136100, 0.694817
0.136200, 0.689407
0.136300, 0.691452
0.136400, 0.690825
0.136500, 0.694157
0.136600, 0.693729
0.136700, 0.695818
0.136800, 0.692444
0.136900, 0.695091
0.137000, 0.695763
0.137100, 0.694284
0.137200, 0.693125
0.137300, 0.702721
0.137400, 0.700060
0.137500, 0.699110
0.137600, 0.694138
0.137700, 0.696974
0.137800, 0.699434
0.137900, 0.700249
0.138000, 0.699295
0.138100, 0.702370
0.138200, 0.697651
0.138300, 0.701855
0.138400, 0.698929
0.138500, 0.699585
0.138600, 0.703447
0.138700, 0.699385
0.138800, 0.700922
0.138900, 0.699821
0.139000, 0.705761
0.139100, 0.705767
0.139200, 0.704872
0.139300, 0.705372
0.139400, 0.709433
0.139500, 0.702410
0.139600, 0.708353
0.139700, 0.707804
0.139800, 0.709854
0.139900, 0.707073
0.140000, 0.709055
0.140100, 0.707415
0.140200, 0.705196
0.140300, 0.706154
0.140400, 0.711437
0.140500, 0.709381
0.140600, 0.710197
0.140700, 0.708683
0.140800, 0.708862
0.140900, 0.709192
0.141000, 0.709867
0.141100, 0.712223
0.141200, 0.712944
0.141300, 0.709496
0.141400, 0.709707
0.141500, 0.711876
0.141600, 0.714479
0.141700, 0.713888
0.141800, 0.718102
0.141900, 0.714659
0.142000, 0.716982
0.142100, 0.711323
0.142200, 0.715899
0.142300, 0.718004
0.142400, 0.716534
0.142500, 0.715790
0.142600, 0.715193
0.142700, 0.717337
0.142800, 0.720560
0.142900, 0.716248
0.143000, 0.719652
0.143100, 0.716183
0.143200, 0.722162
0.143300, 0.718878
0.143400, 0.721550
0.143500, 0.720926
0.143600, 0.718321
0.143700, 0.722015
0.143800, 0.721849
0.143900, 0.723314
0.144000, 0.724159
0.144100, 0.723795
0.144200, 0.723652
0.144300, 0.723770
0.144400, 0.726665
0.144500, 0.727434
0.144600, 0.725370
0.144700, 0.724159
0.144800, 0.726439
0.144900, 0.729208
0.145000, 0.724760
0.145100, 0.724340
0.145200, 0.726227
0.145300, 0.729448
0.145400, 0.731478
0.145500, 0.728149
0.145600, 0.731163
0.145700, 0.726303
0.145800, 0.728121
0.145900, 0.728807
0.146000, 0.730959
0.146100, 0.733204
0.146200, 0.730497
0.146300, 0.733969
0.146400, 0.730551
0.146500, 0.732990
0.146600, 0.734575
0.146700, 0.727856
0.146800, 0.736668
0.146900, 0.737137
0.147000, 0.736362
0.147100, 0.733864
0.147200, 0.735048
0.147300, 0.737957
0.147400, 0.739857
0.147500, 0.733679
0.147600, 0.738380
0.147700, 0.737402
0.147800, 0.735435
0.147900, 0.739689
0.148000, 0.740597
0.148100, 0.740170
0.148200, 0.741877
0.148300, 0.738016
0.148400, 0.738253
0.148500, 0.745268
0.148600, 0.739527
0.148700, 0.744623
0.148800, 0.743853
0.148900, 0.739689
0.149000, 0.740274
0.149100, 0.737883
0.149200, 0.743130
0.149300, 0.740282
0.149400, 0.739599
0.149500, 0.742548
0.149600, 0.739492
0.149700, 0.748158
0.149800, 0.743805
0.149900, 0.746765
0.150000, 0.745827
0.150100, 0.742968
0.150200, 0.741646
0.150300, 0.745781
0.150400, 0.745924
0.150500, 0.746347
0.150600, 0.748928
0.150700, 0.747324
0.150800, 0.749201
0.150900, 0.750685
0.151000, 0.751303
0.151100, 0.746292
0.151200, 0.750759
0.151300, 0.747620
0.151400, 0.749283
0.151500, 0.752861
0.151600, 0.750072
0.151700, 0.752211
0.151800, 0.750238
0.151900, 0.754011
0.152000, 0.753689
0.152100, 0.750954
0.152200, 0.754726
0.152300, 0.755909
0.152400, 0.749052
0.152500, 0.755373
0.152600, 0.757055
0.152700, 0.753317
0.152800, 0.757771
0.152900, 0.751806
0.153000, 0.752651
0.153100, 0.758711
0.153200, 0.757971
0.153300, 0.756168
0.153400, 0.752748
0.153500, 0.757105
0.153600, 0.758783
0.153700, 0.762768
0.153800, 0.759598
0.153900, 0.759783
0.154000, 0.758709
0.154100, 0.761656
0.154200, 0.758595
0.154300, 0.761929
0.154400, 0.760132
0.154500, 0.761436
0.154600, 0.761795
0.154700, 0.762417
0.154800, 0.760798
0.154900, 0.763279
0.155000, 0.764675
0.155100, 0.759075
0.155200, 0.764416
0.155300, 0.764980
0.155400, 0.765713
0.155500, 0.766602
0.155600, 0.769028
0.155700, 0.766665
0.155800, 0.766621
0.155900, 0.768259
0.156000, 0.767801
0.156100, 0.763708
0.156200, 0.762072
0.156300, 0.764160
0.156400, 0.769817
0.156500, 0.767378
0.156600, 0.770004
0.156700, 0.769566
0.156800, 0.767168
0.156900, 0.771772
0.157000, 0.772156
0.157100, 0.767582
0.157200, 0.771111
0.157300, 0.769159
0.157400, 0.769773
0.157500, 0.772469
0.157600, 0.776070
0.157700, 0.774109
0.157800, 0.774855
0.157900, 0.770758
0.158000, 0.773903
0.158100, 0.765657
0.158200, 0.775009
0.158300, 0.776693
0.158400, 0.775753
0.158500, 0.776907
0.158600, 0.776659
0.158700, 0.777664
0.158800, 0.774584
0.158900, 0.779032
0.159000, 0.775700
0.159100, 0.780565
0.159200, 0.780418
0.159300, 0.779211
0.159400, 0.782400
0.159500, 0.777628
0.159600, 0.778374
0.159700, 0.779249
0.159800, 0.781216
0.159900, 0.778519
0.160000, 0.778563
0.160100, 0.777290
0.160200, 0.781080
0.160300, 0.779089
0.160400, 0.778820
0.160500, 0.781240
0.160600, 0.782526
0.160700, 0.780312
0.160800, 0.781116
0.160900, 0.782419
0.161000, 0.781115
0.161100, 0.786772
0.161200, 0.782051
0.161300, 0.779137
0.161400, 0.781548
0.161500, 0.787163
0.161600, 0.777170
0.161700, 0.782484
0.161800, 0.787169
0.161900, 0.786980
0.162000, 0.783953
0.162100, 0.784090
0.162200, 0.786398
0.162300, 0.785681
0.162400, 0.787540
0.162500, 0.784428
0.162600, 0.787268
0.162700, 0.785892
0.162800, 0.787407
0.162900, 0.786049
0.163000, 0.790154
0.163100, 0.789188
0.163200, 0.788635
0.163300, 0.791906
0.163400, 0.794741
0.163500, 0.791468
0.163600, 0.786983
0.163700, 0.788824
0.163800, 0.791780
0.163900, 0.791039
0.164000, 0.791376
0.164100, 0.791992
0.164200, 0.790792
0.164300, 0.787169
0.164400, 0.795811
0.164500, 0.790737
0.164600, 0.794703
0.164700, 0.797539
0.164800, 0.798119
0.164900, 0.793468
0.165000, 0.796024
0.165100, 0.794907
0.165200, 0.795296
0.165300, 0.795910
0.165400, 0.796093
0.165500, 0.795696
0.165600, 0.798796
0.165700, 0.799116
0.165800, 0.802853
0.165900, 0.797848
0.166000, 0.796337
0.166100, 0.798639
0.166200, 0.799513
0.166300, 0.799597
0.166400, 0.799814
0.166500, 0.799929
0.166600, 0.800455
0.166700, 0.795712
0.166800, 0.798029
0.166900, 0.799919
0.167000, 0.799608
0.167100, 0.798222
0.167200, 0.797485
0.167300, 0.801216
0.167400, 0.804810
0.167500, 0.801456
0.167600, 0.805408
0.167700, 0.801233
0.167800, 0.805399
0.167900, 0.801899
0.168000, 0.804066
0.168100, 0.807495
0.168200, 0.805210
0.168300, 0.805197
0.168400, 0.804043
0.168500, 0.807039
0.168600, 0.804844
0.168700, 0.807878
0.168800, 0.808529
0.168900, 0.806225
0.169000, 0.807869
0.169100, 0.809784
0.169200, 0.807560
0.169300, 0.807848
0.169400, 0.806187
0.169500, 0.807905
0.169600, 0.807617
0.169700, 0.808870
0.169800, 0.810505
0.169900, 0.809540
0.170000, 0.809000
0.170100, 0.811615
0.170200, 0.809738
0.170300, 0.811537
0.170400, 0.812672
0.170500, 0.812771
0.170600, 0.809160
0.170700, 0.812933
0.170800, 0.813990
0.170900, 0.813910
0.171000, 0.812260
0.171100, 0.809757
0.171200, 0.817303
0.171300, 0.810223
0.171400, 0.814863
0.171500, 0.815033
0.171600, 0.813896
0.171700, 0.817205
0.171800, 0.815441
0.171900, 0.813807
0.172000, 0.812147
0.172100, 0.814449
0.172200, 0.815731
0.172300, 0.817007
0.172400, 0.817545
0.172500, 0.820127
0.172600, 0.818291
0.172700, 0.817911
0.172800, 0.820749
0.172900, 0.818352
0.173000, 0.818810
0.173100, 0.817204
0.173200, 0.824656
0.173300, 0.821098
0.173400, 0.818642
0.173500, 0.818615
0.173600, 0.818607
0.173700, 0.820566
0.173800, 0.822372
0.173900, 0.820492
0.174000, 0.818909
0.174100, 0.818989
0.174200, 0.819548
0.174300, 0.821583
0.174400, 0.824913
0.174500, 0.821754
0.174600, 0.824575
0.174700, 0.825829
0.174800, 0.821604
0.174900, 0.824600
0.175000, 0.822577
0.175100, 0.825859
0.175200, 0.827003
0.175300, 0.823849
0.175400, 0.823875
0.175500, 0.824665
0.175600, 0.823105
0.175700, 0.827383
0.175800, 0.824135
0.175900, 0.826782
0.176000, 0.826118
0.176100, 0.828503
0.176200, 0.828215
0.176300, 0.825829
0.176400, 0.826834
0.176500, 0.823505
0.176600, 0.829865
0.176700, 0.831104
0.176800, 0.828323
0.176900, 0.826780
0.177000, 0.830612
0.177100, 0.826475
0.177200, 0.829176
0.177300, 0.829130
0.177400, 0.828238
0.177500, 0.833687
0.177600, 0.826929
0.177700, 0.833378
0.177800, 0.831573
0.177900, 0.833574
0.178000, 0.829668
0.178100, 0.830147
0.178200, 0.829880
0.178300, 0.836042
0.178400, 0.827898
0.178500, 0.831182
0.178600, 0.835430
0.178700, 0.834682
0.178800, 0.833773
0.178900, 0.833420
0.179000, 0.834408
0.179100, 0.834076
0.179200, 0.833372
0.179300, 0.834490
0.179400, 0.840443
0.179500, 0.836189
0.179600, 0.833889
0.179700, 0.835484
0.179800, 0.838638
0.179900, 0.835796
0.180000, 0.836435
0.180100, 0.835054
0.180200, 0.835764
0.180300, 0.836958
0.180400, 0.838253
0.180500, 0.840874
0.180600, 0.834988
0.180700, 0.838102
0.180800, 0.842525
0.180900, 0.842102
0.181000, 0.840908
0.181100, 0.840981
0.181200, 0.837833
0.181300, 0.842012
0.181400, 0.840256
0.181500, 0.839575
0.181600, 0.841381
0.181700, 0.838968
0.181800, 0.844234
0.181900, 0.844156
0.182000, 0.846203
0.182100, 0.840988
0.182200, 0.845697
0.182300, 0.841488
0.182400, 0.844122
0.182500, 0.843815
0.182600, 0.846838
0.182700, 0.843193
0.182800, 0.839308
0.182900, 0.843472
0.183000, 0.848509
0.183100, 0.852999
0.183200, 0.843479
0.183300, 0.845816
0.183400, 0.844501
0.183500, 0.843414
0.183600, 0.848280
0.183700, 0.840879
0.183800, 0.849119
0.183900, 0.848152
0.184000, 0.845655
0.184100, 0.844635
0.184200, 0.846571
0.184300, 0.845123
0.184400, 0.849688
0.184500, 0.850054
0.184600, 0.850489
0.184700, 0.848192
0.184800, 0.845699
0.184900, 0.848238
0.185000, 0.849586
0.185100, 0.854536
0.185200, 0.849634
0.185300, 0.847401
0.185400, 0.852404
0.185500, 0.852285
0.185600, 0.851873
0.185700, 0.848824
0.185800, 0.848965
0.185900, 0.849977
0.186000, 0.856066
0.186100, 0.854067
0.186200, 0.853312
0.186300, 0.851677
0.186400, 0.851946
0.186500, 0.852209
0.186600, 0.857334
0.186700, 0.853762
0.186800, 0.853449
0.186900, 0.853638
0.187000, 0.852560
0.187100, 0.854805
0.187200, 0.855694
0.187300, 0.855410
0.187400, 0.856497
0.187500, 0.855537
0.187600, 0.856289
0.187700, 0.855352
0.187800, 0.856222
0.187900, 0.855684
0.188000, 0.859890
0.188100, 0.857000
0.188200, 0.855829
0.188300, 0.858284
0.188400, 0.857672
0.188500, 0.857834
0.188600, 0.857946
0.188700, 0.857143
0.188800, 0.859318
0.188900, 0.860569
0.189000, 0.857443
0.189100, 0.859699
0.189200, 0.861671
0.189300, 0.863510
0.189400, 0.860550
0.189500, 0.857584
0.189600, 0.864178
0.189700, 0.862490
0.189800, 0.863701
0.189900, 0.862747
0.190000, 0.860811
0.190100, 0.862530
0.190200, 0.864319
0.190300, 0.862095
0.190400, 0.860964
0.190500, 0.862766
0.190600, 0.863836
0.190700, 0.865305
0.190800, 0.862911
0.190900, 0.864159
0.191000, 0.861086
0.191100, 0.862560
0.191200, 0.863297
0.191300, 0.862581
0.191400, 0.867161
0.191500, 0.863882
0.191600, 0.861086
0.191700, 0.865072
0.191800, 0.866081
0.191900, 0.864580
0.192000, 0.867416
0.192100, 0.865376
0.192200, 0.867647
0.192300, 0.865122
0.192400, 0.868954
0.192500, 0.866489
0.192600, 0.867798
0.192700, 0.867119
0.192800, 0.865519
0.192900, 0.867188
0.193000, 0.870634
0.193100, 0.868807
0.193200, 0.868717
0.193300, 0.868225
0.193400, 0.870743
0.193500, 0.871498
0.193600, 0.871567
0.193700, 0.874557
0.193800, 0.872320
0.193900, 0.872168
0.194000, 0.874226
0.194100, 0.873032
0.194200, 0.875683
0.194300, 0.869839
0.194400, 0.872372
0.194500, 0.871250
0.194600, 0.867189
0.194700, 0.868160
0.194800, 0.869856
0.194900, 0.871677
0.195000, 0.871471
0.195100, 0.873068
0.195200, 0.872082
0.195300, 0.877430
0.195400, 0.875504
0.195500, 0.871628
0.195600, 0.871927
0.195700, 0.877842
0.195800, 0.874651
0.195900, 0.873686
0.196000, 0.876450
0.196100, 0.876806
0.196200, 0.874752
0.196300, 0.879246
0.196400, 0.876266
0.196500, 0.880943
0.196600, 0.877878
0.196700, 0.877636
0.196800, 0.873325
0.196900, 0.875620
0.197000, 0.880201
0.197100, 0.879175
0.197200, 0.881117
0.197300, 0.880327
0.197400, 0.878111
0.197500, 0.875885
0.197600, 0.881018
0.197700, 0.880608
0.197800, 0.881252
0.197900, 0.879925
0.198000, 0.880344
0.198100, 0.879408
0.198200, 0.880325
0.198300, 0.880917
0.198400, 0.880522
0.198500, 0.880577
0.198600, 0.882687
0.198700, 0.882883
0.198800, 0.882664
0.198900, 0.882687
0.199000, 0.882008
0.199100, 0.884687
0.199200, 0.879120
0.199300, 0.882189
0.199400, 0.883497
0.199500, 0.880394
0.199600, 0.882149
0.199700, 0.884163
0.199800, 0.885406
0.199900, 0.885643
0.200000, 0.884405
0.200100, 0.885387
0.200200, 0.887266
0.200300, 0.880478
0.200400, 0.883570
0.200500, 0.884823
0.200600, 0.886532
0.200700, 0.885849
0.200800, 0.883793
0.200900, 0.887676
0.201000, 0.886156
0.201100, 0.885250
0.201200, 0.888573
0.201300, 0.883724
0.201400, 0.887730
0.201500, 0.886263
0.201600, 0.887810
0.201700, 0.887857
0.201800, 0.884855
0.201900, 0.888288
0.202000, 0.888292
0.202100, 0.885687
0.202200, 0.888929
0.202300, 0.887245
0.202400, 0.891134
0.202500, 0.891239
0.202600, 0.890995
0.202700, 0.886795
0.202800, 0.891308
0.202900, 0.886616
0.203000, 0.893406
0.203100, 0.891369
0.203200, 0.889896
0.203300, 0.890690
0.203400, 0.887466
0.203500, 0.889149
0.203600, 0.892857
0.203700, 0.891205
0.203800, 0.892998
0.203900, 0.893402
0.204000, 0.892643
0.204100, 0.894978
0.204200, 0.891827
0.204300, 0.891796
0.204400, 0.894001
0.204500, 0.891819
0.204600, 0.892876
0.204700, 0.895504
0.204800, 0.894524
0.204900, 0.891441
0.205000, 0.891678
0.205100, 0.892014
0.205200, 0.894775
0.205300, 0.895828
0.205400, 0.895981
0.205500, 0.892288
0.205600, 0.894432
0.205700, 0.894028
0.205800, 0.892494
0.205900, 0.902267
0.206000, 0.900639
0.206100, 0.898476
0.206200, 0.896637
0.206300, 0.899223
0.206400, 0.895222
0.206500, 0.899395
0.206600, 0.894806
0.206700, 0.897919
0.206800, 0.894054
0.206900, 0.896763
0.207000, 0.896622
0.207100, 0.899513
0.207200, 0.898682
0.207300, 0.899097
0.207400, 0.898624
0.207500, 0.896065
0.207600, 0.899185
0.207700, 0.900482
0.207800, 0.899162
0.207900, 0.899933
0.208000, 0.899700
0.208100, 0.900311
0.208200, 0.904449
0.208300, 0.900322
0.208400, 0.902294
0.208500, 0.900043
0.208600, 0.902096
0.208700, 0.902191
0.208800, 0.902504
0.208900, 0.900375
0.209000, 0.897888
0.209100, 0.904755
0.209200, 0.906776
0.209300, 0.907467
0.209400, 0.902130
0.209500, 0.904022
0.209600, 0.901112
0.209700, 0.901764
0.209800, 0.900436
0.209900, 0.905422
0.210000, 0.906986
0.210100, 0.906940
0.210200, 0.903160
0.210300, 0.906551
0.210400, 0.907143
0.210500, 0.904884
0.210600, 0.906685
0.210700, 0.903015
0.210800, 0.904011
0.210900, 0.903419
0.211000, 0.905048
0.211100, 0.907646
0.211200, 0.903862
0.211300, 0.902706
0.211400, 0.903969
0.211500, 0.903275
0.211600, 0.906498
0.211700, 0.904533
0.211800, 0.907333
0.211900, 0.908089
0.212000, 0.906567
0.212100, 0.904583
0.212200, 0.907745
0.212300, 0.908566
0.212400, 0.906445
0.212500, 0.910877
0.212600, 0.907459
0.212700, 0.904694
0.212800, 0.910480
0.212900, 0.908920
0.213000, 0.905216
0.213100, 0.910835
0.213200, 0.906586
0.213300, 0.910770
0.213400, 0.910999
0.213500, 0.911327
0.213600, 0.911922
0.213700, 0.909069
0.213800, 0.906658
0.213900, 0.909790
0.214000, 0.910755
0.214100, 0.913223
0.214200, 0.910675
0.214300, 0.910110
0.214400, 0.912670
0.214500, 0.913338
0.214600, 0.911568
0.214700, 0.913216
0.214800, 0.916656
0.214900, 0.916355
0.215000, 0.916267
0.215100, 0.913666
0.215200, 0.913704
0.215300, 0.913822
0.215400, 0.915569
0.215500, 0.913143
0.215600, 0.914570
0.215700, 0.915234
0.215800, 0.913078
0.215900, 0.917244
0.216000, 0.914574
0.216100, 0.917953
0.216200, 0.913712
0.216300, 0.915367
0.216400, 0.919678
0.216500, 0.916759
0.216600, 0.913555
0.216700, 0.915516
0.216800, 0.913429
0.216900, 0.916950
0.217000, 0.919415
0.217100, 0.914490
0.217200, 0.918449
0.217300, 0.922878
0.217400, 0.917892
0.217500, 0.917553
0.217600, 0.919273
0.217700, 0.916172
0.217800, 0.919060
0.217900, 0.919506
0.218000, 0.919716
0.218100, 0.920448
0.218200, 0.918232
0.218300, 0.918385
0.218400, 0.920998
0.218500, 0.920425
0.218600, 0.915543
0.218700, 0.921013
0.218800, 0.920387
0.218900, 0.919594
0.219000, 0.917210
0.219100, 0.918087
0.219200, 0.920795
0.219300, 0.919514
0.219400, 0.919754
0.219500, 0.921623
0.219600, 0.922474
0.219700, 0.916904
0.219800, 0.919838
0.219900, 0.922127
0.220000, 0.922668
0.220100, 0.919777
0.220200, 0.921738
0.220300, 0.920113
0.220400, 0.920185
0.220500, 0.922554
0.220600, 0.920334
0.220700, 0.922325
0.220800, 0.925842
0.220900, 0.919521
0.221000, 0.923988
0.221100, 0.924191
0.221200, 0.921368
0.221300, 0.922180
0.221400, 0.924797
0.221500, 0.928154
0.221600, 0.924438
0.221700, 0.920502
0.221800, 0.924835
0.221900, 0.923534
0.222000, 0.927608
0.222100, 0.923790
0.222200, 0.924885
0.222300, 0.926922
0.222400, 0.925468
0.222500, 0.926586
0.222600, 0.924927
0.222700, 0.924789
0.222800, 0.925602
0.222900, 0.925575
0.223000, 0.924763
0.223100, 0.925999
0.223200, 0.926105
0.223300, 0.924374
0.223400, 0.925148
0.223500, 0.927338
0.223600, 0.926800
0.223700, 0.929096
0.223800, 0.928364
0.223900, 0.926155
0.224000, 0.928978
0.224100, 0.928139
0.224200, 0.928570
0.224300, 0.927994
0.224400, 0.925552
0.224500, 0.930801
0.224600, 0.928207
0.224700, 0.930759
0.224800, 0.932976
0.224900, 0.928902
0.225000, 0.930882
0.225100, 0.929966
0.225200, 0.929394
0.225300, 0.928757
0.225400, 0.931458
0.225500, 0.926292
0.225600, 0.933636
0.225700, 0.931644
0.225800, 0.935616
0.225900, 0.929390
0.226000, 0.928596
0.226100, 0.931122
0.226200, 0.932274
0.226300, 0.935574
0.226400, 0.933167
0.226500, 0.929283
0.226600, 0.931343
0.226700, 0.929825
0.226800, 0.932819
0.226900, 0.930431
0.227000, 0.934784
0.227100, 0.933662
0.227200, 0.934807
0.227300, 0.931961
0.227400, 0.932404
0.227500, 0.934738
0.227600, 0.936821
0.227700, 0.935673
0.227800, 0.934029
0.227900, 0.933704
0.228000, 0.931931
0.228100, 0.936714
0.228200, 0.932976
0.228300, 0.934296
0.228400, 0.936935
0.228500, 0.932545
0.228600, 0.938652
0.228700, 0.936031
0.228800, 0.936707
0.228900, 0.937759
0.229000, 0.932564
0.229100, 0.938786
0.229200, 0.933830
0.229300, 0.938778
0.229400, 0.934669
0.229500, 0.937744
0.229600, 0.934700
0.229700, 0.932938
0.229800, 0.937477
0.229900, 0.937241
0.230000, 0.935295
0.230100, 0.938694
0.230200, 0.937290
0.230300, 0.937096
0.230400, 0.939167
0.230500, 0.936470
0.230600, 0.940975
0.230700, 0.937557
0.230800, 0.937347
0.230900, 0.938179
0.231000, 0.939693
0.231100, 0.937351
0.231200, 0.942646
0.231300, 0.938717
0.231400, 0.937847
0.231500, 0.937668
0.231600, 0.941414
0.231700, 0.939766
0.231800, 0.937378
0.231900, 0.940189
0.232000, 0.939358
0.232100, 0.943382
0.232200, 0.937290
0.232300, 0.939911
0.232400, 0.943516
0.232500, 0.942230
0.232600, 0.940479
0.232700, 0.945915
0.232800, 0.938187
0.232900, 0.942780
0.233000, 0.941586
0.233100, 0.942108
0.233200, 0.943325
0.233300, 0.943245
0.233400, 0.942245
0.233500, 0.942581
0.233600, 0.940590
0.233700, 0.941284
0.233800, 0.943726
0.233900, 0.944969
0.234000, 0.946285
0.234100, 0.940914
0.234200, 0.941471
0.234300, 0.943188
0.234400, 0.942455
0.234500, 0.942692
0.234600, 0.941540
0.234700, 0.940876
0.234800, 0.941818
0.234900, 0.944466
0.235000, 0.947636
0.235100, 0.945892
0.235200, 0.944210
0.235300, 0.943199
0.235400, 0.943771
0.235500, 0.944588
0.235600, 0.947067
0.235700, 0.943642
0.235800, 0.946190
0.235900, 0.944561
0.236000, 0.946320
0.236100, 0.945454
0.236200, 0.944717
0.236300, 0.944752
0.236400, 0.947704
0.236500, 0.947098
0.236600, 0.947865
0.236700, 0.950500
0.236800, 0.945930
0.236900, 0.945152
0.237000, 0.948147
0.237100, 0.946938
0.237200, 0.949203
0.237300, 0.948082
0.237400, 0.948517
0.237500, 0.952347
0.237600, 0.951591
0.237700, 0.945557
0.237800, 0.947678
0.237900, 0.949886
0.238000, 0.951736
0.238100, 0.952084
0.238200, 0.950462
0.238300, 0.948277
0.238400, 0.947479
0.238500, 0.951004
0.238600, 0.948631
0.238700, 0.951725
0.238800, 0.949921
0.238900, 0.950455
0.239000, 0.948643
0.239100, 0.949486
0.239200, 0.948380
0.239300, 0.950089
0.239400, 0.950142
0.239500, 0.949123
0.239600, 0.949959
0.239700, 0.952164
0.239800, 0.948570
0.239900, 0.949287
0.240000, 0.953316
0.240100, 0.947552
0.240200, 0.952248
0.240300, 0.949661
0.240400, 0.949078
0.240500, 0.955437
0.240600, 0.955082
0.240700, 0.953350
0.240800, 0.957687
0.240900, 0.955521
0.241000, 0.947094
0.241100, 0.952957
0.241200, 0.954510
0.241300, 0.953056
0.241400, 0.952400
0.241500, 0.952728
0.241600, 0.952087
0.241700, 0.955750
0.241800, 0.953831
0.241900, 0.951374
0.242000, 0.954639
0.242100, 0.954342
0.242200, 0.951954
0.242300, 0.952927
0.242400, 0.955967
0.242500, 0.955879
0.242600, 0.953735
0.242700, 0.955830
0.242800, 0.955715
0.242900, 0.954758
0.243000, 0.952831
0.243100, 0.954350
0.243200, 0.954800
0.243300, 0.952671
0.243400, 0.957388
0.243500, 0.956942
0.243600, 0.954866
0.243700, 0.954800
0.243800, 0.955837
0.243900, 0.954353
0.244000, 0.956972
0.244100, 0.959179
0.244200, 0.957546
0.244300, 0.958208
0.244400, 0.956810
0.244500, 0.957832
0.244600, 0.957020
0.244700, 0.955929
0.244800, 0.955887
0.244900, 0.960773
0.245000, 0.958534
0.245100, 0.959805
0.245200, 0.960953
0.245300, 0.959623
0.245400, 0.957300
0.245500, 0.957233
0.245600, 0.958916
0.245700, 0.961025
0.245800, 0.961195
0.245900, 0.959475
0.246000, 0.955374
0.246100, 0.958717
0.246200, 0.959885
0.246300, 0.958801
0.246400, 0.959993
0.246500, 0.960825
0.246600, 0.959499
0.246700, 0.960640
0.246800, 0.960236
0.246900, 0.959904
0.247000, 0.958473
0.247100, 0.961071
0.247200, 0.961769
0.247300, 0.962856
0.247400, 0.965282
0.247500, 0.961571
0.247600, 0.963713
0.247700, 0.961756
0.247800, 0.961351
0.247900, 0.959223
0.248000, 0.963564
0.248100, 0.959961
0.248200, 0.961924
0.248300, 0.960033
0.248400, 0.958727
0.248500, 0.961746
0.248600, 0.963272
0.248700, 0.965622
0.248800, 0.961790
0.248900, 0.959682
0.249000, 0.965134
0.249100, 0.963493
0.249200, 0.961540
0.249300, 0.964695
0.249400, 0.967091
0.249500, 0.963173
0.249600, 0.961277
0.249700, 0.962461
0.249800, 0.959694
0.249900, 0.962202
0.250000, 0.963100
0.250100, 0.965454
0.250200, 0.963737
0.250300, 0.964647
0.250400, 0.964893
0.250500, 0.966406
0.250600, 0.965965
0.250700, 0.962334
0.250800, 0.967745
0.250900, 0.966537
0.251000, 0.965527
0.251100, 0.966614
0.251200, 0.967079
0.251300, 0.964762
0.251400, 0.964401
0.251500, 0.963308
0.251600, 0.965519
0.251700, 0.965580
0.251800, 0.966457
0.251900, 0.968967
0.252000, 0.965210
0.252100, 0.966629
0.252200, 0.969053
0.252300, 0.968893
0.252400, 0.966732
0.252500, 0.965199
0.252600, 0.967674
0.252700, 0.967548
0.252800, 0.968817
0.252900, 0.968243
0.253000, 0.968050
0.253100, 0.965408
0.253200, 0.966759
0.253300, 0.965891
0.253400, 0.965668
0.253500, 0.969242
0.253600, 0.966969
0.253700, 0.967556
0.253800, 0.968988
0.253900, 0.968035
0.254000, 0.972891
0.254100, 0.967918
0.254200, 0.972130
0.254300, 0.970793
0.254400, 0.968952
0.254500, 0.969013
0.254600, 0.968853
0.254700, 0.968628
0.254800, 0.970757
0.254900, 0.969009
0.255000, 0.971136
0.255100, 0.969284
0.255200, 0.969074
0.255300, 0.970808
0.255400, 0.968294
0.255500, 0.972471
0.255600, 0.970026
0.255700, 0.971516
0.255800, 0.970797
0.255900, 0.972740
0.256000, 0.969315
0.256100, 0.970926
0.256200, 0.974754
0.256300, 0.973122
0.256400, 0.969881
0.256500, 0.968714
0.256600, 0.971676
0.256700, 0.970997
0.256800, 0.971107
0.256900, 0.968735
0.257000, 0.972338
0.257100, 0.970295
0.257200, 0.974335
0.257300, 0.969976
0.257400, 0.971416
0.257500, 0.971119
0.257600, 0.973286
0.257700, 0.971697
0.257800, 0.974243
0.257900, 0.972876
0.258000, 0.971130
0.258100, 0.974850
0.258200, 0.970407
0.258300, 0.974247
0.258400, 0.973120
0.258500, 0.974276
0.258600, 0.973061
0.258700, 0.975180
0.258800, 0.970888
0.258900, 0.973858
0.259000, 0.974741
0.259100, 0.972488
0.259200, 0.971663
0.259300, 0.973225
0.259400, 0.972628
0.259500, 0.973429
0.259600, 0.971708
0.259700, 0.973667
0.259800, 0.975023
0.259900, 0.974791
0.260000, 0.975212
0.260100, 0.973022
0.260200, 0.976351
0.260300, 0.975382
0.260400, 0.974478
0.260500, 0.975470
0.260600, 0.973526
0.260700, 0.973803
0.260800, 0.974848
0.260900, 0.974403
0.261000, 0.976976
0.261100, 0.976248
0.261200, 0.977379
0.261300, 0.973379
0.261400, 0.976231
0.261500, 0.974512
0.261600, 0.975605
0.261700, 0.977680
0.261800, 0.974358
0.261900, 0.978355
0.262000, 0.975990
0.262100, 0.976322
0.262200, 0.977829
0.262300, 0.978704
0.262400, 0.975750
0.262500, 0.976599
0.262600, 0.977369
0.262700, 0.978230
0.262800, 0.980789
0.262900, 0.977283
0.263000, 0.977915
0.263100, 0.978901
0.263200, 0.977657
0.263300, 0.979727
0.263400, 0.976999
0.263500, 0.978340
0.263600, 0.979761
0.263700, 0.978260
0.263800, 0.979433
0.263900, 0.978270
0.264000, 0.981026
0.264100, 0.978054
0.264200, 0.979164
0.264300, 0.977795
0.264400, 0.979259
0.264500, 0.980406
0.264600, 0.981834
0.264700, 0.979385
0.264800, 0.978079
0.264900, 0.978479
0.265000, 0.980843
0.265100, 0.978798
0.265200, 0.979153
0.265300, 0.979397
0.265400, 0.978216
0.265500, 0.977713
0.265600, 0.978046
0.265700, 0.979193
0.265800, 0.979773
0.265900, 0.980125
0.266000, 0.978424
0.266100, 0.978647
0.266200, 0.979445
0.266300, 0.983688
0.266400, 0.980499
0.266500, 0.980631
0.266600, 0.982595
0.266700, 0.979864
0.266800, 0.982670
0.266900, 0.982128
0.267000, 0.981247
0.267100, 0.981197
0.267200, 0.980099
0.267300, 0.981491
0.267400, 0.983959
0.267500, 0.979372
0.267600, 0.983295
0.267700, 0.980745
0.267800, 0.983694
0.267900, 0.982508
0.268000, 0.980000
0.268100, 0.982048
0.268200, 0.980690
0.268300, 0.981819
0.268400, 0.982960
0.268500, 0.982664
0.268600, 0.982306
0.268700, 0.980957
0.268800, 0.984468
0.268900, 0.983229
0.269000, 0.982849
0.269100, 0.981115
0.269200, 0.980982
0.269300, 0.982830
0.269400, 0.982006
0.269500, 0.984234
0.269600, 0.982208
0.269700, 0.986090
0.269800, 0.983164
0.269900, 0.982790
0.270000, 0.981823
0.270100, 0.980715
0.270200, 0.984871
0.270300, 0.984610
0.270400, 0.984224
0.270500, 0.985533
0.270600, 0.985130
0.270700, 0.984200
0.270800, 0.983635
0.270900, 0.985725
0.271000, 0.985594
0.271100, 0.984894
0.271200, 0.983677
0.271300, 0.982628
0.271400, 0.986200
0.271500, 0.982620
0.271600, 0.985149
0.271700, 0.986195
0.271800, 0.985987
0.271900, 0.984154
0.272000, 0.983925
0.272100, 0.985996
0.272200, 0.983253
0.272300, 0.983614
0.272400, 0.983124
0.272500, 0.987465
0.272600, 0.988037
0.272700, 0.986895
0.272800, 0.985065
0.272900, 0.985760
0.273000, 0.985586
0.273100, 0.986506
0.273200, 0.986155
0.273300, 0.985935
0.273400, 0.986454
0.273500, 0.987822
0.273600, 0.985428
0.273700, 0.985891
0.273800, 0.987036
0.273900, 0.985823
0.274000, 0.986969
0.274100, 0.986853
0.274200, 0.989464
0.274300, 0.986031
0.274400, 0.986637
0.274500, 0.986155
0.274600, 0.984013
0.274700, 0.989065
0.274800, 0.986916
0.274900, 0.986565
0.275000, 0.987274
0.275100, 0.987514
0.275200, 0.985931
0.275300, 0.987221
0.275400, 0.988876
0.275500, 0.987829
0.275600, 0.985912
0.275700, 0.990114
0.275800, 0.987125
0.275900, 0.987747
0.276000, 0.986282
0.276100, 0.988567
0.276200, 0.987011
0.276300, 0.987156
0.276400, 0.986885
0.276500, 0.987450
0.276600, 0.984344
0.276700, 0.986855
0.276800, 0.987379
0.276900, 0.984955
0.277000, 0.988823
0.277100, 0.986322
0.277200, 0.986998
0.277300, 0.987064
0.277400, 0.987705
0.277500, 0.987474
0.277600, 0.989082
0.277700, 0.987595
0.277800, 0.990007
0.277900, 0.986935
0.278000, 0.987621
0.278100, 0.988897
0.278200, 0.988672
0.278300, 0.990950
0.278400, 0.989553
0.278500, 0.986210
0.278600, 0.991438
0.278700, 0.988125
0.278800, 0.989450
0.278900, 0.992405
0.279000, 0.988850
0.279100, 0.989330
0.279200, 0.988918
0.279300, 0.989227
0.279400, 0.989328
0.279500, 0.988163
0.279600, 0.990997
0.279700, 0.990679
0.279800, 0.989571
0.279900, 0.991467
0.280000, 0.989487
0.280100, 0.989683
0.280200, 0.990347
0.280300, 0.991337
0.280400, 0.986364
0.280500, 0.991276
0.280600, 0.990583
0.280700, 0.991373
0.280800, 0.987270
0.280900, 0.989634
0.281000, 0.990753
0.281100, 0.986370
0.281200, 0.990204
0.281300, 0.991430
0.281400, 0.990005
0.281500, 0.990986
0.281600, 0.988819
0.281700, 0.988964
0.281800, 0.990353
0.281900, 0.992016
0.282000, 0.992552
0.282100, 0.991671
0.282200, 0.990795
0.282300, 0.991678
0.282400, 0.991722
0.282500, 0.990437
0.282600, 0.988791
0.282700, 0.991592
0.282800, 0.993498
0.282900, 0.991564
0.283000, 0.990459
0.283100, 0.989815
0.283200, 0.991776
0.283300, 0.991249
0.283400, 0.992466
0.283500, 0.991631
0.283600, 0.992401
0.283700, 0.990494
0.283800, 0.993744
0.283900, 0.990957
0.284000, 0.992037
0.284100, 0.992283
0.284200, 0.990837
0.284300, 0.991713
0.284400, 0.993387
0.284500, 0.993256
0.284600, 0.991806
0.284700, 0.993456
0.284800, 0.989084
0.284900, 0.993881
0.285000, 0.992245
0.285100, 0.990211
0.285200, 0.991344
0.285300, 0.995426
0.285400, 0.994797
0.285500, 0.993235
0.285600, 0.991798
0.285700, 0.993572
0.285800, 0.992764
0.285900, 0.991520
0.286000, 0.993248
0.286100, 0.992424
0.286200, 0.992100
0.286300, 0.990824
0.286400, 0.993416
0.286500, 0.993599
0.286600, 0.992161
0.286700, 0.993044
0.286800, 0.992468
0.286900, 0.993330
0.287000, 0.989555
0.287100, 0.993309
0.287200, 0.992632
0.287300, 0.993059
0.287400, 0.993237
0.287500, 0.995180
0.287600, 0.994381
0.287700, 0.993952
0.287800, 0.993893
0.287900, 0.993504
0.288000, 0.992357
0.288100, 0.994982
0.288200, 0.993460
0.288300, 0.994249
0.288400, 0.991835
0.288500, 0.994343
0.288600, 0.993946
0.288700, 0.993378
0.288800, 0.991352
0.288900, 0.992716
0.289000, 0.993683
0.289100, 0.993130
0.289200, 0.996187
0.289300, 0.995447
0.289400, 0.994175
0.289500, 0.993456
0.289600, 0.992912
0.289700, 0.992262
0.289800, 0.994194
0.289900, 0.993580
0.290000, 0.995493
0.290100, 0.993265
0.290200, 0.993025
0.290300, 0.994116
0.290400, 0.994665
0.290500, 0.992550
0.290600, 0.994879
0.290700, 0.995625
0.290800, 0.995861
0.290900, 0.994183
0.291000, 0.993523
0.291100, 0.995613
0.291200, 0.994286
0.291300, 0.993927
0.291400, 0.995695
0.291500, 0.994287
0.291600, 0.995188
0.291700, 0.995562
0.291800, 0.996128
0.291900, 0.995502
0.292000, 0.995140
0.292100, 0.996840
0.292200, 0.996710
0.292300, 0.994375
0.292400, 0.995983
0.292500, 0.995214
0.292600, 0.994024
0.292700, 0.995163
0.292800, 0.994865
0.292900, 0.994789
0.293000, 0.995365
0.293100, 0.993198
0.293200, 0.994301
0.293300, 0.996475
0.293400, 0.995813
0.293500, 0.995659
0.293600, 0.995129
0.293700, 0.997122
0.293800, 0.996080
0.293900, 0.995625
0.294000, 0.995829
0.294100, 0.996695
0.294200, 0.996387
0.294300, 0.994123
0.294400, 0.995899
0.294500, 0.994629
0.294600, 0.995239
0.294700, 0.995817
0.294800, 0.996059
0.294900, 0.995689
0.295000, 0.995762
0.295100, 0.994637
0.295200, 0.996881
0.295300, 0.996372
0.295400, 0.996380
0.295500, 0.997311
0.295600, 0.993589
0.295700, 0.996754
0.295800, 0.995811
0.295900, 0.997089
0.296000, 0.995096
0.296100, 0.996395
0.296200, 0.995607
0.296300, 0.996696
0.296400, 0.995480
0.296500, 0.994881
0.296600, 0.994419
0.296700, 0.998260
0.296800, 0.997021
0.296900, 0.996807
0.297000, 0.995100
0.297100, 0.998137
0.297200, 0.996902
0.297300, 0.995533
0.297400, 0.997440
0.297500, 0.996433
0.297600, 0.996635
0.297700, 0.997501
0.297800, 0.997520
0.297900, 0.995327
0.298000, 0.995966
0.298100, 0.996113
0.298200, 0.997200
0.298300, 0.995216
0.298400, 0.995441
0.298500, 0.997108
0.298600, 0.995466
0.298700, 0.996334
0.298800, 0.996710
0.298900, 0.995167
0.299000, 0.996639
0.299100, 0.996965
0.299200, 0.996490
0.299300, 0.996958
0.299400, 0.994617
0.299500, 0.994553
0.299600, 0.996170
0.299700, 0.996170
0.299800, 0.998070
0.299900, 0.995680
0.300000, 0.998512
0.300100, 0.995953
0.300200, 0.996260
0.300300, 0.996613
0.300400, 0.997570
0.300500, 0.995239
0.300600, 0.993439
0.300700, 0.993935
0.300800, 0.995527
0.300900, 0.997696
0.301000, 0.997601
0.301100, 0.996307
0.301200, 0.997387
0.301300, 0.994673
0.301400, 0.997856
0.301500, 0.996199
0.301600, 0.995815
0.301700, 0.995930
0.301800, 0.995075
0.301900, 0.996918
0.302000, 0.996824
0.302100, 0.996449
0.302200, 0.996525
0.302300, 0.997751
0.302400, 0.999290
0.302500, 0.996767
0.302600, 0.995823
0.302700, 0.996609
0.302800, 0.997238
0.302900, 0.997223
0.303000, 0.997866
0.303100, 0.994675
0.303200, 0.996603
0.303300, 0.996796
0.303400, 0.997414
0.303500, 0.996820
0.303600, 0.997040
0.303700, 0.994278
0.303800, 0.997700
0.303900, 0.997593
0.304000, 0.997375
0.304100, 0.997496
0.304200, 0.996082
0.304300, 0.996250
0.304400, 0.996563
0.304500, 0.995621
0.304600, 0.996315
0.304700, 0.997711
0.304800, 0.998016
0.304900, 0.995584
0.305000, 0.995403
0.305100, 0.998398
0.305200, 0.997536
0.305300, 0.996387
0.305400, 0.995434
0.305500, 0.996929
0.305600, 0.997105
0.305700, 0.997528
0.305800, 0.997187
0.305900, 0.994589
0.306000, 0.997044
0.306100, 0.996550
0.306200, 0.997917
0.306300, 0.996483
0.306400, 0.998398
0.306500, 0.995453
0.306600, 0.996166
0.306700, 0.996742
0.306800, 0.997721
0.306900, 0.997553
0.307000, 0.996613
0.307100, 0.998335
0.307200, 0.995586
0.307300, 0.995750
0.307400, 0.997150
0.307500, 0.995943
0.307600, 0.997303
0.307700, 0.997343
0.307800, 0.998154
0.307900, 0.997704
0.308000, 0.996437
0.308100, 0.997448
0.308200, 0.996876
0.308300, 0.995438
0.308400, 0.996166
0.308500, 0.995411
0.308600, 0.996365
0.308700, 0.997486
0.308800, 0.996712
0.308900, 0.995100
0.309000, 0.994640
0.309100, 0.995651
0.309200, 0.995422
0.309300, 0.996731
0.309400, 0.994774
0.309500, 0.996387
0.309600, 0.995398
0.309700, 0.996243
0.309800, 0.997417
0.309900, 0.995842
0.310000, 0.996790
0.310100, 0.994360
0.310200, 0.995548
0.310300, 0.994595
0.310400, 0.996410
0.310500, 0.996555
0.310600, 0.991552
0.310700, 0.994732
0.310800, 0.997395
0.310900, 0.994160
0.311000, 0.997318
0.311100, 0.993633
0.311200, 0.995369
0.311300, 0.994486
0.311400, 0.994045
0.311500, 0.994968
0.311600, 0.994350
0.311700, 0.993288
0.311800, 0.994183
0.311900, 0.993631
0.312000, 0.995613
0.312100, 0.994820
0.312200, 0.994804
0.312300, 0.995935
0.312400, 0.993797
0.312500, 0.995590
0.312600, 0.995445
0.312700, 0.992935
0.312800, 0.995607
0.312900, 0.997021
0.313000, 0.995403
0.313100, 0.994869
0.313200, 0.992996
0.313300, 0.995148
0.313400, 0.993309
0.313500, 0.993279
0.313600, 0.995880
0.313700, 0.994431
0.313800, 0.993469
0.313900, 0.993919
