0.000000, -0.022687
0.000100, -0.021963
0.000200, -0.021367
0.000300, -0.020659
0.000400, -0.020098
0.000500, -0.019423
0.000600, -0.018674
0.000700, -0.018098
0.000800, -0.017317
0.000900, -0.016691
0.001000, -0.016007
0.001100, -0.015370
0.001200, -0.014686
0.001300, -0.014107
0.001400, -0.013406
0.001500, -0.012851
0.001600, -0.012112
0.001700, -0.011512
0.001800, -0.010744
0.001900, -0.010183
0.002000, -0.009563
0.002100, -0.008838
0.002200, -0.008226
0.002300, -0.007626
0.002400, -0.006955
0.002500, -0.006301
0.002600, -0.005658
0.002700, -0.004911
0.002800, -0.004370
0.002900, -0.003693
0.003000, -0.003000
0.003100, -0.002369
0.003200, -0.001717
0.003300, -0.001020
0.003400, -0.000458
0.003500, 0.000159
0.003600, 0.000910
0.003700, 0.001453
0.003800, 0.002187
0.003900, 0.002906
0.004000, 0.003510
0.004100, 0.004217
0.004200, 0.004795
0.004300, 0.005312
0.004400, 0.006113
0.004500, 0.006670
0.004600, 0.007338
0.004700, 0.008036
0.004800, 0.008588
0.004900, 0.009424
0.005000, 0.010023
0.005100, 0.010706
0.005200, 0.011292
0.005300, 0.011856
0.005400, 0.012583
0.005500, 0.013180
0.005600, 0.013857
0.005700, 0.014437
0.005800, 0.015132
0.005900, 0.015718
0.006000, 0.016424
0.006100, 0.017151
0.006200, 0.017774
0.006300, 0.018343
0.006400, 0.019018
0.006500, 0.019589
0.006600, 0.020280
0.006700, 0.020954
0.006800, 0.021593
0.006900, 0.022273
0.007000, 0.022806
0.007100, 0.023544
0.007200, 0.024097
0.007300, 0.024808
0.007400, 0.025497
0.007500, 0.026117
0.007600, 0.026772
0.007700, 0.027440
0.007800, 0.028010
0.007900, 0.028748
0.008000, 0.029327
0.008100, 0.029953
0.008200, 0.030731
0.008300, 0.031195
0.008400, 0.031874
0.008500, 0.032417
0.008600, 0.033209
0.008700, 0.033817
0.008800, 0.034447
0.008900, 0.035002
0.009000, 0.035697
0.009100, 0.036459
0.009200, 0.036972
0.009300, 0.037703
0.009400, 0.038308
0.009500, 0.038992
0.009600, 0.039580
0.009700, 0.040213
0.009800, 0.040867
0.009900, 0.041548
0.010000, 0.042182
0.010100, 0.042791
0.010200, 0.043417
0.010300, 0.044041
0.010400, 0.044671
0.010500, 0.045307
0.010600, 0.045978
0.010700, 0.046562
0.010800, 0.047321
0.010900, 0.047883
0.011000, 0.048614
0.011100, 0.049114
0.011200, 0.049721
0.011300, 0.050434
0.011400, 0.051060
0.011500, 0.051667
0.011600, 0.052357
0.011700, 0.053003
0.011800, 0.053603
0.011900, 0.054270
0.012000, 0.054840
0.012100, 0.055510
0.012200, 0.056176
0.012300, 0.056896
0.012400, 0.057455
0.012500, 0.058065
0.012600, 0.058748
0.012700, 0.059305
0.012800, 0.060025
0.012900, 0.060528
0.013000, 0.061242
0.013100, 0.061898
0.013200, 0.062548
0.013300, 0.063137
0.013400, 0.063770
0.013500, 0.064459
0.013600, 0.065054
0.013700, 0.065751
0.013800, 0.066247
0.013900, 0.066957
0.014000, 0.067550
0.014100, 0.068144
0.014200, 0.068840
0.014300, 0.069430
0.014400, 0.070089
0.014500, 0.070765
0.014600, 0.071461
0.014700, 0.071938
0.014800, 0.072612
0.014900, 0.073207
0.015000, 0.073954
0.015100, 0.074522
0.015200, 0.075174
0.015300, 0.075775
0.015400, 0.076422
0.015500, 0.076999
0.015600, 0.077550
0.015700, 0.078375
0.015800, 0.078984
0.015900, 0.079489
0.016000, 0.080266
0.016100, 0.080868
0.016200, 0.081518
0.016300, 0.081987
0.016400, 0.082672
0.016500, 0.083356
0.016600, 0.084007
0.016700, 0.084585
0.016800, 0.085122
0.016900, 0.085865
0.017000, 0.086592
0.017100, 0.087132
0.017200, 0.087788
0.017300, 0.088309
0.017400, 0.088963
0.017500, 0.089528
0.017600, 0.090137
0.017700, 0.090856
0.017800, 0.091519
0.017900, 0.092113
0.018000, 0.092661
0.018100, 0.093315
0.018200, 0.093986
0.018300, 0.094635
0.018400, 0.095297
0.018500, 0.095890
0.018600, 0.096436
0.018700, 0.097105
0.018800, 0.097737
0.018900, 0.098381
0.019000, 0.098978
0.019100, 0.099566
0.019200, 0.100148
0.019300, 0.100853
0.019400, 0.101434
0.019500, 0.102070
0.019600, 0.102764
0.019700, 0.103235
0.019800, 0.104099
0.019900, 0.104536
0.020000, 0.105291
0.020100, 0.105804
0.020200, 0.106541
0.020300, 0.107040
0.020400, 0.107691
0.020500, 0.108284
0.020600, 0.108994
0.020700, 0.109581
0.020800, 0.110108
0.020900, 0.110849
0.021000, 0.111417
0.021100, 0.111988
0.021200, 0.112702
0.021300, 0.113276
0.021400, 0.113968
0.021500, 0.114559
0.021600, 0.115154
0.021700, 0.115801
0.021800, 0.116434
0.021900, 0.117037
0.022000, 0.117647
0.022100, 0.118181
0.022200, 0.118872
0.022300, 0.119515
0.022400, 0.120083
0.022500, 0.120718
0.022600, 0.121340
0.022700, 0.121925
0.022800, 0.122522
0.022900, 0.123304
0.023000, 0.123732
0.023100, 0.124392
0.023200, 0.125079
0.023300, 0.125639
0.023400, 0.126324
0.023500, 0.126931
0.023600, 0.127539
0.023700, 0.128136
0.023800, 0.128717
0.023900, 0.129429
0.024000, 0.129817
0.024100, 0.130612
0.024200, 0.131233
0.024300, 0.131828
0.024400, 0.132481
0.024500, 0.133044
0.024600, 0.133666
0.024700, 0.134319
0.024800, 0.134951
0.024900, 0.135601
0.025000, 0.136084
0.025100, 0.136742
0.025200, 0.137280
0.025300, 0.137886
0.025400, 0.138593
0.025500, 0.139198
0.025600, 0.139826
0.025700, 0.140482
0.025800, 0.141012
0.025900, 0.141693
0.026000, 0.142255
0.026100, 0.142885
0.026200, 0.143572
0.026300, 0.144100
0.026400, 0.144753
0.026500, 0.145408
0.026600, 0.145974
0.026700, 0.146658
0.026800, 0.147063
0.026900, 0.147752
0.027000, 0.148314
0.027100, 0.148943
0.027200, 0.149652
0.027300, 0.150080
0.027400, 0.150848
0.027500, 0.151348
0.027600, 0.151952
0.027700, 0.152651
0.027800, 0.153251
0.027900, 0.153772
0.028000, 0.154452
0.028100, 0.155122
0.028200, 0.155782
0.028300, 0.156296
0.028400, 0.156952
0.028500, 0.157469
0.028600, 0.158142
0.028700, 0.158700
0.028800, 0.159306
0.028900, 0.160027
0.029000, 0.160532
0.029100, 0.161163
0.029200, 0.161737
0.029300, 0.162399
0.029400, 0.162989
0.029500, 0.163591
0.029600, 0.164142
0.029700, 0.164736
0.029800, 0.165417
0.029900, 0.166027
0.030000, 0.166615
0.030100, 0.167236
0.030200, 0.167847
0.030300, 0.168356
0.030400, 0.169085
0.030500, 0.169683
0.030600, 0.170176
0.030700, 0.170812
0.030800, 0.171415
0.030900, 0.172070
0.031000, 0.172606
0.031100, 0.173201
0.031200, 0.173840
0.031300, 0.174482
0.031400, 0.175014
0.031500, 0.175652
0.031600, 0.176185
0.031700, 0.176912
0.031800, 0.177402
0.031900, 0.178140
0.032000, 0.178585
0.032100, 0.179272
0.032200, 0.179809
0.032300, 0.180537
0.032400, 0.181021
0.032500, 0.181764
0.032600, 0.182240
0.032700, 0.182924
0.032800, 0.183472
0.032900, 0.184039
0.033000, 0.184610
0.033100, 0.185297
0.033200, 0.185781
0.033300, 0.186487
0.033400, 0.187037
0.033500, 0.187616
0.033600, 0.188249
0.033700, 0.188881
0.033800, 0.189460
0.033900, 0.189984
0.034000, 0.190613
0.034100, 0.191265
0.034200, 0.191870
0.034300, 0.192591
0.034400, 0.192942
0.034500, 0.193696
0.034600, 0.194201
0.034700, 0.194963
0.034800, 0.195410
0.034900, 0.196028
0.035000, 0.196619
0.035100, 0.197202
0.035200, 0.197842
0.035300, 0.198444
0.035400, 0.198968
0.035500, 0.199675
0.035600, 0.200171
0.035700, 0.200871
0.035800, 0.201183
0.035900, 0.201943
0.036000, 0.202543
0.036100, 0.203192
0.036200, 0.203720
0.036300, 0.204352
0.036400, 0.204966
0.036500, 0.205593
0.036600, 0.206102
0.036700, 0.206659
0.036800, 0.207172
0.036900, 0.207872
0.037000, 0.208384
0.037100, 0.209165
0.037200, 0.209589
0.037300, 0.210225
0.037400, 0.210869
0.037500, 0.211482
0.037600, 0.212013
0.037700, 0.212633
0.037800, 0.213174
0.037900, 0.213738
0.038000, 0.214386
0.038100, 0.214919
0.038200, 0.215530
0.038300, 0.216085
0.038400, 0.216818
0.038500, 0.217413
0.038600, 0.217957
0.038700, 0.218409
0.038800, 0.219122
0.038900, 0.219693
0.039000, 0.220268
0.039100, 0.220821
0.039200, 0.221422
0.039300, 0.222167
0.039400, 0.222601
0.039500, 0.223267
0.039600, 0.223848
0.039700, 0.224394
0.039800, 0.224918
0.039900, 0.225476
0.040000, 0.226181
0.040100, 0.226749
0.040200, 0.227306
0.040300, 0.227912
0.040400, 0.228594
0.040500, 0.229076
0.040600, 0.229712
0.040700, 0.230274
0.040800, 0.230830
0.040900, 0.231483
0.041000, 0.231997
0.041100, 0.232569
0.041200, 0.233150
0.041300, 0.233739
0.041400, 0.234398
0.041500, 0.234919
0.041600, 0.235546
0.041700, 0.236122
0.041800, 0.236532
0.041900, 0.237319
0.042000, 0.237843
0.042100, 0.238460
0.042200, 0.239006
0.042300, 0.239684
0.042400, 0.240226
0.042500, 0.240891
0.042600, 0.241417
0.042700, 0.241953
0.042800, 0.242453
0.042900, 0.243099
0.043000, 0.243608
0.043100, 0.244207
0.043200, 0.244817
0.043300, 0.245457
0.043400, 0.246016
0.043500, 0.246583
0.043600, 0.247092
0.043700, 0.247681
0.043800, 0.248269
0.043900, 0.248768
0.044000, 0.249485
0.044100, 0.250092
0.044200, 0.250570
0.044300, 0.251071
0.044400, 0.251740
0.044500, 0.252320
0.044600, 0.252924
0.044700, 0.253548
0.044800, 0.254175
0.044900, 0.254658
0.045000, 0.255247
0.045100, 0.255791
0.045200, 0.256405
0.045300, 0.257043
0.045400, 0.257674
0.045500, 0.258080
0.045600, 0.258791
0.045700, 0.259228
0.045800, 0.259907
0.045900, 0.260378
0.046000, 0.261042
0.046100, 0.261529
0.046200, 0.262169
0.046300, 0.262741
0.046400, 0.263405
0.046500, 0.263823
0.046600, 0.264313
0.046700, 0.265066
0.046800, 0.265530
0.046900, 0.266031
0.047000, 0.266779
0.047100, 0.267380
0.047200, 0.267769
0.047300, 0.268390
0.047400, 0.269042
0.047500, 0.269608
0.047600, 0.270171
0.047700, 0.270731
0.047800, 0.271367
0.047900, 0.271872
0.048000, 0.272446
0.048100, 0.272988
0.048200, 0.273699
0.048300, 0.274205
0.048400, 0.274825
0.048500, 0.275343
0.048600, 0.275877
0.048700, 0.276402
0.048800, 0.277050
0.048900, 0.277594
0.049000, 0.278167
0.049100, 0.278738
0.049200, 0.279350
0.049300, 0.279905
0.049400, 0.280533
0.049500, 0.281023
0.049600, 0.281581
0.049700, 0.282181
0.049800, 0.282776
0.049900, 0.283264
0.050000, 0.283855
0.050100, 0.284452
0.050200, 0.284925
0.050300, 0.285591
0.050400, 0.286016
0.050500, 0.286654
0.050600, 0.287281
0.050700, 0.287733
0.050800, 0.288457
0.050900, 0.288958
0.051000, 0.289595
0.051100, 0.290095
0.051200, 0.290627
0.051300, 0.291206
0.051400, 0.291864
0.051500, 0.292472
0.051600, 0.292948
0.051700, 0.293501
0.051800, 0.294081
0.051900, 0.294566
0.052000, 0.295289
0.052100, 0.295696
0.052200, 0.296219
0.052300, 0.296822
0.052400, 0.297443
0.052500, 0.297958
0.052600, 0.298548
0.052700, 0.299104
0.052800, 0.299688
0.052900, 0.300154
0.053000, 0.300799
0.053100, 0.301321
0.053200, 0.301896
0.053300, 0.302467
0.053400, 0.303073
0.053500, 0.303579
0.053600, 0.304167
0.053700, 0.304686
0.053800, 0.305301
0.053900, 0.305735
0.054000, 0.306438
0.054100, 0.306940
0.054200, 0.307526
0.054300, 0.308010
0.054400, 0.308598
0.054500, 0.309170
0.054600, 0.309772
0.054700, 0.310180
0.054800, 0.310789
0.054900, 0.311383
0.055000, 0.312012
0.055100, 0.312504
0.055200, 0.313142
0.055300, 0.313581
0.055400, 0.314230
0.055500, 0.314816
0.055600, 0.315331
0.055700, 0.315895
0.055800, 0.316450
0.055900, 0.316952
0.056000, 0.317602
0.056100, 0.318106
0.056200, 0.318627
0.056300, 0.319201
0.056400, 0.319673
0.056500, 0.320326
0.056600, 0.320789
0.056700, 0.321464
0.056800, 0.321932
0.056900, 0.322527
0.057000, 0.323133
0.057100, 0.323670
0.057200, 0.324153
0.057300, 0.324707
0.057400, 0.325262
0.057500, 0.325820
0.057600, 0.326310
0.057700, 0.326973
0.057800, 0.327477
0.057900, 0.327986
0.058000, 0.328650
0.058100, 0.329165
0.058200, 0.329708
0.058300, 0.330182
0.058400, 0.330860
0.058500, 0.331463
0.058600, 0.331985
0.058700, 0.332403
0.058800, 0.332994
0.058900, 0.333609
0.059000, 0.334166
0.059100, 0.334681
0.059200, 0.335201
0.059300, 0.335833
0.059400, 0.336366
0.059500, 0.336840
0.059600, 0.337473
0.059700, 0.337893
0.059800, 0.338483
0.059900, 0.338937
0.060000, 0.339609
0.060100, 0.340092
0.060200, 0.340718
0.060300, 0.341301
0.060400, 0.341842
0.060500, 0.342237
0.060600, 0.342761
0.060700, 0.343544
0.060800, 0.344002
0.060900, 0.344585
0.061000, 0.345013
0.061100, 0.345632
0.061200, 0.346125
0.061300, 0.346664
0.061400, 0.347157
0.061500, 0.347828
0.061600, 0.348373
0.061700, 0.348857
0.061800, 0.349375
0.061900, 0.349928
0.062000, 0.350441
0.062100, 0.350962
0.062200, 0.351541
0.062300, 0.352114
0.062400, 0.352560
0.062500, 0.353203
0.062600, 0.353761
0.062700, 0.354285
0.062800, 0.354810
0.062900, 0.355437
0.063000, 0.355900
0.063100, 0.356368
0.063200, 0.356943
0.063300, 0.357504
0.063400, 0.358023
0.063500, 0.358658
0.063600, 0.359077
0.063700, 0.359707
0.063800, 0.360273
0.063900, 0.360676
0.064000, 0.361328
0.064100, 0.361923
0.064200, 0.362331
0.064300, 0.362917
0.064400, 0.363447
0.064500, 0.363924
0.064600, 0.364475
0.064700, 0.365124
0.064800, 0.365662
0.064900, 0.366203
0.065000, 0.366748
0.065100, 0.367208
0.065200, 0.367723
0.065300, 0.368284
0.065400, 0.368803
0.065500, 0.369389
0.065600, 0.369912
0.065700, 0.370413
0.065800, 0.370996
0.065900, 0.371588
0.066000, 0.372107
0.066100, 0.372661
0.066200, 0.373116
0.066300, 0.373632
0.066400, 0.374166
0.066500, 0.374708
0.066600, 0.375328
0.066700, 0.375747
0.066800, 0.376371
0.066900, 0.376917
0.067000, 0.377407
0.067100, 0.378000
0.067200, 0.378528
0.067300, 0.378979
0.067400, 0.379577
0.067500, 0.380024
0.067600, 0.380644
0.067700, 0.381086
0.067800, 0.381605
0.067900, 0.382168
0.068000, 0.382666
0.068100, 0.383204
0.068200, 0.383840
0.068300, 0.384299
0.068400, 0.384893
0.068500, 0.385390
0.068600, 0.385828
0.068700, 0.386482
0.068800, 0.386988
0.068900, 0.387350
0.069000, 0.387901
0.069100, 0.388502
0.069200, 0.388996
0.069300, 0.389679
0.069400, 0.390135
0.069500, 0.390577
0.069600, 0.391159
0.069700, 0.391623
0.069800, 0.392269
0.069900, 0.392784
0.070000, 0.393308
0.070100, 0.393800
0.070200, 0.394314
0.070300, 0.394913
0.070400, 0.395362
0.070500, 0.395932
0.070600, 0.396414
0.070700, 0.396898
0.070800, 0.397505
0.070900, 0.397991
0.071000, 0.398555
0.071100, 0.399089
0.071200, 0.399556
0.071300, 0.400100
0.071400, 0.400763
0.071500, 0.401157
0.071600, 0.401623
0.071700, 0.402185
0.071800, 0.402741
0.071900, 0.403223
0.072000, 0.403814
0.072100, 0.404308
0.072200, 0.404751
0.072300, 0.405319
0.072400, 0.405822
0.072500, 0.406360
0.072600, 0.406900
0.072700, 0.407459
0.072800, 0.407909
0.072900, 0.408498
0.073000, 0.409052
0.073100, 0.409522
0.073200, 0.410046
0.073300, 0.410492
0.073400, 0.411072
0.073500, 0.411616
0.073600, 0.412083
0.073700, 0.412706
0.073800, 0.413097
0.073900, 0.413689
0.074000, 0.414201
0.074100, 0.414646
0.074200, 0.415268
0.074300, 0.415722
0.074400, 0.416307
0.074500, 0.416796
0.074600, 0.417336
0.074700, 0.417800
0.074800, 0.418327
0.074900, 0.418772
0.075000, 0.419413
0.075100, 0.419813
0.075200, 0.420376
0.075300, 0.420962
0.075400, 0.421369
0.075500, 0.421972
0.075600, 0.422432
0.075700, 0.422987
0.075800, 0.423504
0.075900, 0.424013
0.076000, 0.424520
0.076100, 0.425051
0.076200, 0.425482
0.076300, 0.426016
0.076400, 0.426592
0.076500, 0.427113
0.076600, 0.427519
0.076700, 0.428230
0.076800, 0.428639
0.076900, 0.429163
0.077000, 0.429674
0.077100, 0.430192
0.077200, 0.430603
0.077300, 0.431139
0.077400, 0.431592
0.077500, 0.432204
0.077600, 0.432808
0.077700, 0.433250
0.077800, 0.433763
0.077900, 0.434191
0.078000, 0.434767
0.078100, 0.435229
0.078200, 0.435839
0.078300, 0.436277
0.078400, 0.436769
0.078500, 0.437331
0.078600, 0.437773
0.078700, 0.438307
0.078800, 0.438827
0.078900, 0.439310
0.079000, 0.439823
0.079100, 0.440378
0.079200, 0.440916
0.079300, 0.441394
0.079400, 0.441828
0.079500, 0.442418
0.079600, 0.442941
0.079700, 0.443409
0.079800, 0.443901
0.079900, 0.444448
0.080000, 0.444970
0.080100, 0.445440
0.080200, 0.445973
0.080300, 0.446444
0.080400, 0.446967
0.080500, 0.447388
0.080600, 0.448016
0.080700, 0.448513
0.080800, 0.448929
0.080900, 0.449478
0.081000, 0.449961
0.081100, 0.450502
0.081200, 0.450885
0.081300, 0.451420
0.081400, 0.451900
0.081500, 0.452492
0.081600, 0.452954
0.081700, 0.453449
0.081800, 0.454002
0.081900, 0.454460
0.082000, 0.454926
0.082100, 0.455405
0.082200, 0.455972
0.082300, 0.456505
0.082400, 0.456936
0.082500, 0.457567
0.082600, 0.457895
0.082700, 0.458466
0.082800, 0.459009
0.082900, 0.459437
0.083000, 0.459933
0.083100, 0.460472
0.083200, 0.460936
0.083300, 0.461485
0.083400, 0.461952
0.083500, 0.462465
0.083600, 0.463045
0.083700, 0.463430
0.083800, 0.463865
0.083900, 0.464495
0.084000, 0.464994
0.084100, 0.465479
0.084200, 0.465975
0.084300, 0.466405
0.084400, 0.466970
0.084500, 0.467398
0.084600, 0.467929
0.084700, 0.468387
0.084800, 0.468892
0.084900, 0.469390
0.085000, 0.469820
0.085100, 0.470381
0.085200, 0.470959
0.085300, 0.471306
0.085400, 0.471941
0.085500, 0.472373
0.085600, 0.472876
0.085700, 0.473397
0.085800, 0.473899
0.085900, 0.474404
0.086000, 0.474772
0.086100, 0.475363
0.086200, 0.475857
0.086300, 0.476174
0.086400, 0.476807
0.086500, 0.477272
0.086600, 0.477830
0.086700, 0.478337
0.086800, 0.478815
0.086900, 0.479342
0.087000, 0.479721
0.087100, 0.480341
0.087200, 0.480824
0.087300, 0.481263
0.087400, 0.481656
0.087500, 0.482149
0.087600, 0.482746
0.087700, 0.483166
0.087800, 0.483740
0.087900, 0.484226
0.088000, 0.484583
0.088100, 0.485126
0.088200, 0.485589
0.088300, 0.486099
0.088400, 0.486557
0.088500, 0.487167
0.088600, 0.487605
0.088700, 0.488111
0.088800, 0.488531
0.088900, 0.489049
0.089000, 0.489500
0.089100, 0.490005
0.089200, 0.490429
0.089300, 0.490984
0.089400, 0.491526
0.089500, 0.491855
0.089600, 0.492438
0.089700, 0.492981
0.089800, 0.493237
0.089900, 0.493965
0.090000, 0.494388
0.090100, 0.494843
0.090200, 0.495387
0.090300, 0.495857
0.090400, 0.496290
0.090500, 0.496683
0.090600, 0.497204
0.090700, 0.497782
0.090800, 0.498197
0.090900, 0.498645
0.091000, 0.499139
0.091100, 0.499727
0.091200, 0.500180
0.091300, 0.500616
0.091400, 0.501106
0.091500, 0.501530
0.091600, 0.502134
0.091700, 0.502540
0.091800, 0.503040
0.091900, 0.503517
0.092000, 0.504068
0.092100, 0.504519
0.092200, 0.504913
0.092300, 0.505465
0.092400, 0.505947
0.092500, 0.506305
0.092600, 0.506941
0.092700, 0.507317
0.092800, 0.507799
0.092900, 0.508183
0.093000, 0.508733
0.093100, 0.509359
0.093200, 0.509686
0.093300, 0.510154
0.093400, 0.510797
0.093500, 0.511103
0.093600, 0.511604
0.093700, 0.512136
0.093800, 0.512594
0.093900, 0.513016
0.094000, 0.513527
0.094100, 0.513959
0.094200, 0.514494
0.094300, 0.514962
0.094400, 0.515402
0.094500, 0.515876
0.094600, 0.516357
0.094700, 0.516792
0.094800, 0.517260
0.094900, 0.517803
0.095000, 0.518276
0.095100, 0.518782
0.095200, 0.519213
0.095300, 0.519631
0.095400, 0.520144
0.095500, 0.520589
0.095600, 0.521252
0.095700, 0.521550
0.095800, 0.522070
0.095900, 0.522497
0.096000, 0.522995
0.096100, 0.523471
0.096200, 0.523933
0.096300, 0.524282
0.096400, 0.524894
0.096500, 0.525251
0.096600, 0.525771
0.096700, 0.526312
0.096800, 0.526730
0.096900, 0.527240
0.097000, 0.527590
0.097100, 0.528133
0.097200, 0.528635
0.097300, 0.529077
0.097400, 0.529478
0.097500, 0.530029
0.097600, 0.530430
0.097700, 0.530932
0.097800, 0.531423
0.097900, 0.531944
0.098000, 0.532408
0.098100, 0.532837
0.098200, 0.533301
0.098300, 0.533740
0.098400, 0.534138
0.098500, 0.534678
0.098600, 0.535189
0.098700, 0.535627
0.098800, 0.535981
0.098900, 0.536467
0.099000, 0.536988
0.099100, 0.537441
0.099200, 0.537844
0.099300, 0.538375
0.099400, 0.538743
0.099500, 0.539328
0.099600, 0.539796
0.099700, 0.540310
0.099800, 0.540663
0.099900, 0.541142
0.100000, 0.541628
0.100100, 0.542101
0.100200, 0.542444
0.100300, 0.543043
0.100400, 0.543476
0.100500, 0.543850
0.100600, 0.544350
0.100700, 0.544854
0.100800, 0.545218
0.100900, 0.545728
0.101000, 0.546214
0.101100, 0.546769
0.101200, 0.547198
0.101300, 0.547571
0.101400, 0.548044
0.101500, 0.548480
0.101600, 0.549013
0.101700, 0.549418
0.101800, 0.549892
0.101900, 0.550241
0.102000, 0.550762
0.102100, 0.551188
0.102200, 0.551618
0.102300, 0.552134
0.102400, 0.552564
0.102500, 0.553061
0.102600, 0.553492
0.102700, 0.554028
0.102800, 0.554473
0.102900, 0.554868
0.103000, 0.555403
0.103100, 0.555799
0.103200, 0.556269
0.103300, 0.556730
0.103400, 0.557085
0.103500, 0.557582
0.103600, 0.558079
0.103700, 0.558480
0.103800, 0.558995
0.103900, 0.559351
0.104000, 0.559916
0.104100, 0.560391
0.104200, 0.560803
0.104300, 0.561211
0.104400, 0.561692
0.104500, 0.562136
0.104600, 0.562479
0.104700, 0.563025
0.104800, 0.563418
0.104900, 0.563955
0.105000, 0.564386
0.105100, 0.564825
0.105200, 0.565357
0.105300, 0.565728
0.105400, 0.566177
0.105500, 0.566651
0.105600, 0.567069
0.105700, 0.567499
0.105800, 0.568048
0.105900, 0.568372
0.106000, 0.568865
0.106100, 0.569371
0.106200, 0.569748
0.106300, 0.570219
0.106400, 0.570665
0.106500, 0.571085
0.106600, 0.571570
0.106700, 0.571956
0.106800, 0.572444
0.106900, 0.572895
0.107000, 0.573346
0.107100, 0.573687
0.107200, 0.574102
0.107300, 0.574591
0.107400, 0.575082
0.107500, 0.575571
0.107600, 0.575921
0.107700, 0.576487
0.107800, 0.576834
0.107900, 0.577267
0.108000, 0.577789
0.108100, 0.578244
0.108200, 0.578552
0.108300, 0.579051
0.108400, 0.579473
0.108500, 0.579962
0.108600, 0.580462
0.108700, 0.580984
0.108800, 0.581297
0.108900, 0.581820
0.109000, 0.582205
0.109100, 0.582575
0.109200, 0.583135
0.109300, 0.583452
0.109400, 0.583914
0.109500, 0.584375
0.109600, 0.584860
0.109700, 0.585255
0.109800, 0.585773
0.109900, 0.586135
0.110000, 0.586634
0.110100, 0.587052
0.110200, 0.587502
0.110300, 0.587963
0.110400, 0.588251
0.110500, 0.588725
0.110600, 0.589138
0.110700, 0.589618
0.110800, 0.590139
0.110900, 0.590510
0.111000, 0.590942
0.111100, 0.591367
0.111200, 0.591813
0.111300, 0.592211
0.111400, 0.592654
0.111500, 0.593061
0.111600, 0.593589
0.111700, 0.593942
0.111800, 0.594414
0.111900, 0.594921
0.112000, 0.595425
0.112100, 0.595745
0.112200, 0.596155
0.112300, 0.596591
0.112400, 0.597051
0.112500, 0.597433
0.112600, 0.597879
0.112700, 0.598349
0.112800, 0.598759
0.112900, 0.599167
0.113000, 0.599701
0.113100, 0.600019
0.113200, 0.600586
0.113300, 0.600986
0.113400, 0.601359
0.113500, 0.601743
0.113600, 0.602102
0.113700, 0.602633
0.113800, 0.603020
0.113900, 0.603437
0.114000, 0.603966
0.114100, 0.604400
0.114200, 0.604841
0.114300, 0.605153
0.114400, 0.605637
0.114500, 0.605999
0.114600, 0.606505
0.114700, 0.606936
0.114800, 0.607327
0.114900, 0.607795
0.115000, 0.608180
0.115100, 0.608545
0.115200, 0.609102
0.115300, 0.609437
0.115400, 0.609883
0.115500, 0.610319
0.115600, 0.610768
0.115700, 0.611159
0.115800, 0.611596
0.115900, 0.612057
0.116000, 0.612470
0.116100, 0.612859
0.116200, 0.613327
0.116300, 0.613647
0.116400, 0.614158
0.116500, 0.614531
0.116600, 0.615057
0.116700, 0.615376
0.116800, 0.615843
0.116900, 0.616194
0.117000, 0.616599
0.117100, 0.617111
0.117200, 0.617486
0.117300, 0.617968
0.117400, 0.618427
0.117500, 0.618805
0.117600, 0.619219
0.117700, 0.619625
0.117800, 0.620064
0.117900, 0.620405
0.118000, 0.620829
0.118100, 0.621229
0.118200, 0.621790
0.118300, 0.622107
0.118400, 0.622559
0.118500, 0.623014
0.118600, 0.623395
0.118700, 0.623816
0.118800, 0.624279
0.118900, 0.624574
0.119000, 0.625102
0.119100, 0.625488
0.119200, 0.625943
0.119300, 0.626249
0.119400, 0.626688
0.119500, 0.627085
0.119600, 0.627525
0.119700, 0.628016
0.119800, 0.628416
0.119900, 0.628813
0.120000, 0.629186
0.120100, 0.629662
0.120200, 0.630009
0.120300, 0.630472
0.120400, 0.630856
0.120500, 0.631243
0.120600, 0.631655
0.120700, 0.632142
0.120800, 0.632591
0.120900, 0.632909
0.121000, 0.633410
0.121100, 0.633757
0.121200, 0.634140
0.121300, 0.634550
0.121400, 0.635044
0.121500, 0.635426
0.121600, 0.635916
0.121700, 0.636239
0.121800, 0.636705
0.121900, 0.637053
0.122000, 0.637490
0.122100, 0.637851
0.122200, 0.638367
0.122300, 0.638735
0.122400, 0.639077
0.122500, 0.639458
0.122600, 0.639942
0.122700, 0.640337
0.122800, 0.640833
0.122900, 0.641174
0.123000, 0.641580
0.123100, 0.641918
0.123200, 0.642338
0.123300, 0.642834
0.123400, 0.643110
0.123500, 0.643600
0.123600, 0.643971
0.123700, 0.644392
0.123800, 0.644789
0.123900, 0.645205
0.124000, 0.645611
0.124100, 0.646131
0.124200, 0.646392
0.124300, 0.646783
0.124400, 0.647318
0.124500, 0.647720
0.124600, 0.648012
0.124700, 0.648444
0.124800, 0.648829
0.124900, 0.649297
0.125000, 0.649634
0.125100, 0.650116
0.125200, 0.650511
0.125300, 0.650825
0.125400, 0.651317
0.125500, 0.651683
0.125600, 0.652020
0.125700, 0.652407
0.125800, 0.652860
0.125900, 0.653238
0.126000, 0.653698
0.126100, 0.654072
0.126200, 0.654475
0.126300, 0.654826
0.126400, 0.655319
0.126500, 0.655704
0.126600, 0.656115
0.126700, 0.656543
0.126800, 0.656960
0.126900, 0.657234
0.127000, 0.657753
0.127100, 0.658103
0.127200, 0.658461
0.127300, 0.658865
0.127400, 0.659242
0.127500, 0.659709
0.127600, 0.660070
0.127700, 0.660412
0.127800, 0.660795
0.127900, 0.661209
0.128000, 0.661565
0.128100, 0.662096
0.128200, 0.662385
0.128300, 0.662888
0.128400, 0.663227
0.128500, 0.663702
0.128600, 0.664071
0.128700, 0.664471
0.128800, 0.664807
0.128900, 0.665163
0.129000, 0.665575
0.129100, 0.665913
0.129200, 0.666428
0.129300, 0.666759
0.129400, 0.667175
0.129500, 0.667624
0.129600, 0.667969
0.129700, 0.668343
0.129800, 0.668780
0.129900, 0.669176
0.130000, 0.669534
0.130100, 0.669930
0.130200, 0.670326
0.130300, 0.670729
0.130400, 0.671078
0.130500, 0.671545
0.130600, 0.671820
0.130700, 0.672235
0.130800, 0.672676
0.130900, 0.673049
0.131000, 0.673411
0.131100, 0.673827
0.131200, 0.674196
0.131300, 0.674566
0.131400, 0.675028
0.131500, 0.675344
0.131600, 0.675756
0.131700, 0.676107
0.131800, 0.676558
0.131900, 0.677008
0.132000, 0.677186
0.132100, 0.677685
0.132200, 0.678022
0.132300, 0.678530
0.132400, 0.678821
0.132500, 0.679356
0.132600, 0.679590
0.132700, 0.680044
0.132800, 0.680381
0.132900, 0.680814
0.133000, 0.681167
0.133100, 0.681516
0.133200, 0.681951
0.133300, 0.682360
0.133400, 0.682656
0.133500, 0.683053
0.133600, 0.683475
0.133700, 0.683805
0.133800, 0.684151
0.133900, 0.684631
0.134000, 0.685032
0.134100, 0.685380
0.134200, 0.685734
0.134300, 0.686093
0.134400, 0.686556
0.134500, 0.686764
0.134600, 0.687321
0.134700, 0.687667
0.134800, 0.688089
0.134900, 0.688307
0.135000, 0.688883
0.135100, 0.689206
0.135200, 0.689505
0.135300, 0.689926
0.135400, 0.690262
0.135500, 0.690657
0.135600, 0.690987
0.135700, 0.691555
0.135800, 0.691790
0.135900, 0.692171
0.136000, 0.692611
0.136100, 0.692881
0.136200, 0.693369
0.136300, 0.693767
0.136400, 0.694118
0.136500, 0.694468
0.136600, 0.694931
0.136700, 0.695179
0.136800, 0.695620
0.136900, 0.696044
0.137000, 0.696396
0.137100, 0.696640
0.137200, 0.697104
0.137300, 0.697491
0.137400, 0.697781
0.137500, 0.698234
0.137600, 0.698478
0.137700, 0.698936
0.137800, 0.699280
0.137900, 0.699595
0.138000, 0.700028
0.138100, 0.700444
0.138200, 0.700875
0.138300, 0.701228
0.138400, 0.701577
0.138500, 0.701930
0.138600, 0.702295
0.138700, 0.702738
0.138800, 0.703005
0.138900, 0.703390
0.139000, 0.703757
0.139100, 0.704214
0.139200, 0.704592
0.139300, 0.704900
0.139400, 0.705244
0.139500, 0.705661
0.139600, 0.705943
0.139700, 0.706424
0.139800, 0.706708
0.139900, 0.707048
0.140000, 0.707468
0.140100, 0.707760
0.140200, 0.708156
0.140300, 0.708622
0.140400, 0.708905
0.140500, 0.709233
0.140600, 0.709615
0.140700, 0.710048
0.140800, 0.710314
0.140900, 0.710685
0.141000, 0.711082
0.141100, 0.711475
0.141200, 0.711870
0.141300, 0.712151
0.141400, 0.712553
0.141500, 0.712896
0.141600, 0.713254
0.141700, 0.713601
0.141800, 0.713974
0.141900, 0.714415
0.142000, 0.714716
0.142100, 0.715108
0.142200, 0.715497
0.142300, 0.715750
0.142400, 0.716105
0.142500, 0.716575
0.142600, 0.716967
0.142700, 0.717136
0.142800, 0.717636
0.142900, 0.717955
0.143000, 0.718377
0.143100, 0.718691
0.143200, 0.719028
0.143300, 0.719422
0.143400, 0.719880
0.143500, 0.720163
0.143600, 0.720606
0.143700, 0.720858
0.143800, 0.721289
0.143900, 0.721600
0.144000, 0.721920
0.144100, 0.722265
0.144200, 0.722601
0.144300, 0.723063
0.144400, 0.723396
0.144500, 0.723653
0.144600, 0.724137
0.144700, 0.724386
0.144800, 0.724758
0.144900, 0.725254
0.145000, 0.725574
0.145100, 0.725825
0.145200, 0.726211
0.145300, 0.726544
0.145400, 0.726976
0.145500, 0.727232
0.145600, 0.727588
0.145700, 0.728092
0.145800, 0.728328
0.145900, 0.728738
0.146000, 0.729037
0.146100, 0.729338
0.146200, 0.729682
0.146300, 0.730057
0.146400, 0.730533
0.146500, 0.730839
0.146600, 0.731188
0.146700, 0.731464
0.146800, 0.731722
0.146900, 0.732150
0.147000, 0.732550
0.147100, 0.732945
0.147200, 0.733283
0.147300, 0.733588
0.147400, 0.733953
0.147500, 0.734245
0.147600, 0.734577
0.147700, 0.735010
0.147800, 0.735263
0.147900, 0.735595
0.148000, 0.736040
0.148100, 0.736377
0.148200, 0.736738
0.148300, 0.737085
0.148400, 0.737455
0.148500, 0.737848
0.148600, 0.738209
0.148700, 0.738525
0.148800, 0.738728
0.148900, 0.739124
0.149000, 0.739561
0.149100, 0.739841
0.149200, 0.740240
0.149300, 0.740555
0.149400, 0.740874
0.149500, 0.741213
0.149600, 0.741636
0.149700, 0.741858
0.149800, 0.742191
0.149900, 0.742470
0.150000, 0.742840
0.150100, 0.743282
0.150200, 0.743627
0.150300, 0.743951
0.150400, 0.744207
0.150500, 0.744696
0.150600, 0.745044
0.150700, 0.745267
0.150800, 0.745661
0.150900, 0.745998
0.151000, 0.746464
0.151100, 0.746692
0.151200, 0.747055
0.151300, 0.747440
0.151400, 0.747744
0.151500, 0.748097
0.151600, 0.748356
0.151700, 0.748730
0.151800, 0.748976
0.151900, 0.749491
0.152000, 0.749773
0.152100, 0.750141
0.152200, 0.750403
0.152300, 0.750691
0.152400, 0.751144
0.152500, 0.751467
0.152600, 0.751720
0.152700, 0.752023
0.152800, 0.752337
0.152900, 0.752742
0.153000, 0.753137
0.153100, 0.753459
0.153200, 0.753746
0.153300, 0.754097
0.153400, 0.754545
0.153500, 0.754755
0.153600, 0.755168
0.153700, 0.755447
0.153800, 0.755823
0.153900, 0.756189
0.154000, 0.756336
0.154100, 0.756841
0.154200, 0.757125
0.154300, 0.757393
0.154400, 0.757704
0.154500, 0.758123
0.154600, 0.758425
0.154700, 0.758810
0.154800, 0.758970
0.154900, 0.759470
0.155000, 0.759794
0.155100, 0.760064
0.155200, 0.760455
0.155300, 0.760679
0.155400, 0.761078
0.155500, 0.761390
0.155600, 0.761748
0.155700, 0.762082
0.155800, 0.762424
0.155900, 0.762674
0.156000, 0.763082
0.156100, 0.763456
0.156200, 0.763629
0.156300, 0.764055
0.156400, 0.764412
0.156500, 0.764690
0.156600, 0.765011
0.156700, 0.765235
0.156800, 0.765659
0.156900, 0.765959
0.157000, 0.766380
0.157100, 0.766774
0.157200, 0.766943
0.157300, 0.767325
0.157400, 0.767625
0.157500, 0.767900
0.157600, 0.768228
0.157700, 0.768718
0.157800, 0.769003
0.157900, 0.769194
0.158000, 0.769566
0.158100, 0.769908
0.158200, 0.770203
0.158300, 0.770529
0.158400, 0.770893
0.158500, 0.771196
0.158600, 0.771533
0.158700, 0.771921
0.158800, 0.772203
0.158900, 0.772487
0.159000, 0.772830
0.159100, 0.773105
0.159200, 0.773544
0.159300, 0.773765
0.159400, 0.774077
0.159500, 0.774458
0.159600, 0.774767
0.159700, 0.775061
0.159800, 0.775379
0.159900, 0.775789
0.160000, 0.776006
0.160100, 0.776352
0.160200, 0.776670
0.160300, 0.776924
0.160400, 0.777142
0.160500, 0.777555
0.160600, 0.777960
0.160700, 0.778320
0.160800, 0.778462
0.160900, 0.778839
0.161000, 0.779278
0.161100, 0.779495
0.161200, 0.779712
0.161300, 0.780182
0.161400, 0.780397
0.161500, 0.780698
0.161600, 0.781071
0.161700, 0.781361
0.161800, 0.781723
0.161900, 0.781970
0.162000, 0.782310
0.162100, 0.782663
0.162200, 0.782907
0.162300, 0.783298
0.162400, 0.783525
0.162500, 0.783793
0.162600, 0.784178
0.162700, 0.784554
0.162800, 0.784801
0.162900, 0.785164
0.163000, 0.785429
0.163100, 0.785770
0.163200, 0.786079
0.163300, 0.786293
0.163400, 0.786748
0.163500, 0.786942
0.163600, 0.787254
0.163700, 0.787620
0.163800, 0.787914
0.163900, 0.788229
0.164000, 0.788535
0.164100, 0.788816
0.164200, 0.789211
0.164300, 0.789570
0.164400, 0.789713
0.164500, 0.790056
0.164600, 0.790388
0.164700, 0.790640
0.164800, 0.790937
0.164900, 0.791237
0.165000, 0.791623
0.165100, 0.791847
0.165200, 0.792274
0.165300, 0.792483
0.165400, 0.792900
0.165500, 0.793152
0.165600, 0.793442
0.165700, 0.793760
0.165800, 0.794141
0.165900, 0.794363
0.166000, 0.794691
0.166100, 0.795059
0.166200, 0.795292
0.166300, 0.795539
0.166400, 0.795821
0.166500, 0.796097
0.166600, 0.796413
0.166700, 0.796843
0.166800, 0.797108
0.166900, 0.797361
0.167000, 0.797665
0.167100, 0.797897
0.167200, 0.798273
0.167300, 0.798562
0.167400, 0.798824
0.167500, 0.799150
0.167600, 0.799442
0.167700, 0.799768
0.167800, 0.800085
0.167900, 0.800295
0.168000, 0.800660
0.168100, 0.801012
0.168200, 0.801228
0.168300, 0.801624
0.168400, 0.801832
0.168500, 0.802137
0.168600, 0.802450
0.168700, 0.802673
0.168800, 0.803085
0.168900, 0.803297
0.169000, 0.803652
0.169100, 0.803933
0.169200, 0.804260
0.169300, 0.804601
0.169400, 0.804804
0.169500, 0.805045
0.169600, 0.805289
0.169700, 0.805691
0.169800, 0.806071
0.169900, 0.806219
0.170000, 0.806593
0.170100, 0.806877
0.170200, 0.807313
0.170300, 0.807528
0.170400, 0.807730
0.170500, 0.808014
0.170600, 0.808320
0.170700, 0.808578
0.170800, 0.808843
0.170900, 0.809174
0.171000, 0.809464
0.171100, 0.809818
0.171200, 0.810161
0.171300, 0.810339
0.171400, 0.810716
0.171500, 0.811126
0.171600, 0.811415
0.171700, 0.811540
0.171800, 0.811816
0.171900, 0.812130
0.172000, 0.812486
0.172100, 0.812781
0.172200, 0.812950
0.172300, 0.813235
0.172400, 0.813597
0.172500, 0.813830
0.172600, 0.814166
0.172700, 0.814491
0.172800, 0.814692
0.172900, 0.815026
0.173000, 0.815207
0.173100, 0.815504
0.173200, 0.815865
0.173300, 0.816141
0.173400, 0.816432
0.173500, 0.816669
0.173600, 0.817014
0.173700, 0.817268
0.173800, 0.817630
0.173900, 0.817873
0.174000, 0.818129
0.174100, 0.818389
0.174200, 0.818728
0.174300, 0.819050
0.174400, 0.819226
0.174500, 0.819607
0.174600, 0.819818
0.174700, 0.820074
0.174800, 0.820414
0.174900, 0.820667
0.175000, 0.820971
0.175100, 0.821274
0.175200, 0.821548
0.175300, 0.821904
0.175400, 0.822175
0.175500, 0.822434
0.175600, 0.822657
0.175700, 0.822964
0.175800, 0.823193
0.175900, 0.823565
0.176000, 0.823738
0.176100, 0.824049
0.176200, 0.824287
0.176300, 0.824562
0.176400, 0.824873
0.176500, 0.825130
0.176600, 0.825460
0.176700, 0.825664
0.176800, 0.825914
0.176900, 0.826250
0.177000, 0.826508
0.177100, 0.826774
0.177200, 0.827003
0.177300, 0.827392
0.177400, 0.827728
0.177500, 0.827887
0.177600, 0.828255
0.177700, 0.828526
0.177800, 0.828761
0.177900, 0.829096
0.178000, 0.829344
0.178100, 0.829597
0.178200, 0.829756
0.178300, 0.830173
0.178400, 0.830314
0.178500, 0.830719
0.178600, 0.831010
0.178700, 0.831098
0.178800, 0.831426
0.178900, 0.831841
0.179000, 0.832015
0.179100, 0.832300
0.179200, 0.832592
0.179300, 0.832808
0.179400, 0.833165
0.179500, 0.833382
0.179600, 0.833732
0.179700, 0.833937
0.179800, 0.834166
0.179900, 0.834458
0.180000, 0.834633
0.180100, 0.834999
0.180200, 0.835323
0.180300, 0.835543
0.180400, 0.835815
0.180500, 0.836021
0.180600, 0.836254
0.180700, 0.836529
0.180800, 0.836863
0.180900, 0.837147
0.181000, 0.837446
0.181100, 0.837774
0.181200, 0.838068
0.181300, 0.838240
0.181400, 0.838460
0.181500, 0.838749
0.181600, 0.838970
0.181700, 0.839336
0.181800, 0.839435
0.181900, 0.839729
0.182000, 0.840199
0.182100, 0.840424
0.182200, 0.840535
0.182300, 0.840912
0.182400, 0.841197
0.182500, 0.841448
0.182600, 0.841674
0.182700, 0.841822
0.182800, 0.842248
0.182900, 0.842388
0.183000, 0.842617
0.183100, 0.843056
0.183200, 0.843120
0.183300, 0.843506
0.183400, 0.843745
0.183500, 0.844007
0.183600, 0.844337
0.183700, 0.844571
0.183800, 0.844751
0.183900, 0.845057
0.184000, 0.845263
0.184100, 0.845607
0.184200, 0.845829
0.184300, 0.846081
0.184400, 0.846416
0.184500, 0.846663
0.184600, 0.846951
0.184700, 0.847090
0.184800, 0.847383
0.184900, 0.847555
0.185000, 0.847767
0.185100, 0.848227
0.185200, 0.848412
0.185300, 0.848701
0.185400, 0.849029
0.185500, 0.849140
0.185600, 0.849397
0.185700, 0.849630
0.185800, 0.849857
0.185900, 0.850253
0.186000, 0.850449
0.186100, 0.850787
0.186200, 0.850884
0.186300, 0.851224
0.186400, 0.851456
0.186500, 0.851678
0.186600, 0.851944
0.186700, 0.852240
0.186800, 0.852457
0.186900, 0.852772
0.187000, 0.853043
0.187100, 0.853187
0.187200, 0.853447
0.187300, 0.853806
0.187400, 0.853976
0.187500, 0.854307
0.187600, 0.854415
0.187700, 0.854774
0.187800, 0.855024
0.187900, 0.855160
0.188000, 0.855528
0.188100, 0.855787
0.188200, 0.856058
0.188300, 0.856205
0.188400, 0.856406
0.188500, 0.856722
0.188600, 0.857061
0.188700, 0.857266
0.188800, 0.857515
0.188900, 0.857706
0.189000, 0.858010
0.189100, 0.858292
0.189200, 0.858455
0.189300, 0.858634
0.189400, 0.858976
0.189500, 0.859158
0.189600, 0.859416
0.189700, 0.859703
0.189800, 0.860012
0.189900, 0.860135
0.190000, 0.860498
0.190100, 0.860723
0.190200, 0.860926
0.190300, 0.861175
0.190400, 0.861408
0.190500, 0.861645
0.190600, 0.861931
0.190700, 0.862129
0.190800, 0.862432
0.190900, 0.862617
0.191000, 0.862770
0.191100, 0.863133
0.191200, 0.863406
0.191300, 0.863538
0.191400, 0.863827
0.191500, 0.864117
0.191600, 0.864321
0.191700, 0.864555
0.191800, 0.864786
0.191900, 0.865100
0.192000, 0.865251
0.192100, 0.865497
0.192200, 0.865700
0.192300, 0.865965
0.192400, 0.866161
0.192500, 0.866498
0.192600, 0.866611
0.192700, 0.866996
0.192800, 0.867142
0.192900, 0.867445
0.193000, 0.867565
0.193100, 0.867931
0.193200, 0.868100
0.193300, 0.868353
0.193400, 0.868626
0.193500, 0.868958
0.193600, 0.869085
0.193700, 0.869297
0.193800, 0.869633
0.193900, 0.869837
0.194000, 0.870007
0.194100, 0.870255
0.194200, 0.870515
0.194300, 0.870647
0.194400, 0.870913
0.194500, 0.871228
0.194600, 0.871504
0.194700, 0.871634
0.194800, 0.871916
0.194900, 0.872117
0.195000, 0.872356
0.195100, 0.872612
0.195200, 0.872800
0.195300, 0.873070
0.195400, 0.873310
0.195500, 0.873521
0.195600, 0.873788
0.195700, 0.874050
0.195800, 0.874250
0.195900, 0.874485
0.196000, 0.874622
0.196100, 0.874826
0.196200, 0.875177
0.196300, 0.875357
0.196400, 0.875587
0.196500, 0.875822
0.196600, 0.876057
0.196700, 0.876290
0.196800, 0.876522
0.196900, 0.876821
0.197000, 0.877042
0.197100, 0.877102
0.197200, 0.877548
0.197300, 0.877687
0.197400, 0.877861
0.197500, 0.878119
0.197600, 0.878272
0.197700, 0.878633
0.197800, 0.878707
0.197900, 0.878914
0.198000, 0.879141
0.198100, 0.879547
0.198200, 0.879663
0.198300, 0.879933
0.198400, 0.880160
0.198500, 0.880383
0.198600, 0.880535
0.198700, 0.880821
0.198800, 0.881047
0.198900, 0.881252
0.199000, 0.881500
0.199100, 0.881664
0.199200, 0.881954
0.199300, 0.882166
0.199400, 0.882356
0.199500, 0.882614
0.199600, 0.882823
0.199700, 0.883053
0.199800, 0.883282
0.199900, 0.883528
0.200000, 0.883712
0.200100, 0.883941
0.200200, 0.884159
0.200300, 0.884336
0.200400, 0.884577
0.200500, 0.884919
0.200600, 0.884952
0.200700, 0.885192
0.200800, 0.885430
0.200900, 0.885675
0.201000, 0.885863
0.201100, 0.886141
0.201200, 0.886318
0.201300, 0.886539
0.201400, 0.886782
0.201500, 0.886965
0.201600, 0.887245
0.201700, 0.887362
0.201800, 0.887658
0.201900, 0.887811
0.202000, 0.888102
0.202100, 0.888246
0.202200, 0.888636
0.202300, 0.888678
0.202400, 0.888945
0.202500, 0.889153
0.202600, 0.889370
0.202700, 0.889561
0.202800, 0.889759
0.202900, 0.889908
0.203000, 0.890116
0.203100, 0.890409
0.203200, 0.890575
0.203300, 0.890825
0.203400, 0.890986
0.203500, 0.891212
0.203600, 0.891473
0.203700, 0.891743
0.203800, 0.891884
0.203900, 0.892097
0.204000, 0.892292
0.204100, 0.892590
0.204200, 0.892671
0.204300, 0.892963
0.204400, 0.893136
0.204500, 0.893472
0.204600, 0.893532
0.204700, 0.893772
0.204800, 0.894045
0.204900, 0.894238
0.205000, 0.894329
0.205100, 0.894611
0.205200, 0.894886
0.205300, 0.895037
0.205400, 0.895444
0.205500, 0.895451
0.205600, 0.895711
0.205700, 0.895855
0.205800, 0.896021
0.205900, 0.896368
0.206000, 0.896492
0.206100, 0.896780
0.206200, 0.896996
0.206300, 0.897169
0.206400, 0.897383
0.206500, 0.897500
0.206600, 0.897788
0.206700, 0.898026
0.206800, 0.898199
0.206900, 0.898310
0.207000, 0.898603
0.207100, 0.898764
0.207200, 0.898959
0.207300, 0.899286
0.207400, 0.899358
0.207500, 0.899510
0.207600, 0.899837
0.207700, 0.900000
0.207800, 0.900187
0.207900, 0.900394
0.208000, 0.900658
0.208100, 0.900841
0.208200, 0.901043
0.208300, 0.901212
0.208400, 0.901395
0.208500, 0.901551
0.208600, 0.901856
0.208700, 0.902027
0.208800, 0.902240
0.208900, 0.902462
0.209000, 0.902643
0.209100, 0.902819
0.209200, 0.902982
0.209300, 0.903205
0.209400, 0.903419
0.209500, 0.903592
0.209600, 0.903790
0.209700, 0.904093
0.209800, 0.904224
0.209900, 0.904469
0.210000, 0.904552
0.210100, 0.904816
0.210200, 0.904934
0.210300, 0.905111
0.210400, 0.905395
0.210500, 0.905537
0.210600, 0.905771
0.210700, 0.905964
0.210800, 0.906170
0.210900, 0.906375
0.211000, 0.906558
0.211100, 0.906721
0.211200, 0.907018
0.211300, 0.907103
0.211400, 0.907362
0.211500, 0.907469
0.211600, 0.907721
0.211700, 0.907825
0.211800, 0.908154
0.211900, 0.908278
0.212000, 0.908470
0.212100, 0.908606
0.212200, 0.908875
0.212300, 0.909083
0.212400, 0.909235
0.212500, 0.909462
0.212600, 0.909620
0.212700, 0.909800
0.212800, 0.910017
0.212900, 0.910198
0.213000, 0.910423
0.213100, 0.910664
0.213200, 0.910738
0.213300, 0.910900
0.213400, 0.911057
0.213500, 0.911355
0.213600, 0.911572
0.213700, 0.911721
0.213800, 0.912006
0.213900, 0.912134
0.214000, 0.912302
0.214100, 0.912499
0.214200, 0.912706
0.214300, 0.912802
0.214400, 0.912998
0.214500, 0.913234
0.214600, 0.913377
0.214700, 0.913561
0.214800, 0.913788
0.214900, 0.913858
0.215000, 0.914165
0.215100, 0.914330
0.215200, 0.914444
0.215300, 0.914621
0.215400, 0.914865
0.215500, 0.915064
0.215600, 0.915161
0.215700, 0.915400
0.215800, 0.915566
0.215900, 0.915835
0.216000, 0.915854
0.216100, 0.916126
0.216200, 0.916386
0.216300, 0.916513
0.216400, 0.916710
0.216500, 0.916897
0.216600, 0.917162
0.216700, 0.917315
0.216800, 0.917467
0.216900, 0.917565
0.217000, 0.917791
0.217100, 0.917921
0.217200, 0.918079
0.217300, 0.918295
0.217400, 0.918520
0.217500, 0.918716
0.217600, 0.918843
0.217700, 0.919138
0.217800, 0.919184
0.217900, 0.919342
0.218000, 0.919473
0.218100, 0.919777
0.218200, 0.919983
0.218300, 0.920145
0.218400, 0.920240
0.218500, 0.920504
0.218600, 0.920660
0.218700, 0.920832
0.218800, 0.921071
0.218900, 0.921263
0.219000, 0.921310
0.219100, 0.921539
0.219200, 0.921783
0.219300, 0.922028
0.219400, 0.922001
0.219500, 0.922170
0.219600, 0.922462
0.219700, 0.922619
0.219800, 0.922809
0.219900, 0.922914
0.220000, 0.923050
0.220100, 0.923244
0.220200, 0.923449
0.220300, 0.923619
0.220400, 0.923782
0.220500, 0.923929
0.220600, 0.924171
0.220700, 0.924309
0.220800, 0.924387
0.220900, 0.924553
0.221000, 0.924788
0.221100, 0.924902
0.221200, 0.925140
0.221300, 0.925285
0.221400, 0.925592
0.221500, 0.925711
0.221600, 0.926003
0.221700, 0.925934
0.221800, 0.926298
0.221900, 0.926390
0.222000, 0.926573
0.222100, 0.926651
0.222200, 0.926985
0.222300, 0.927017
0.222400, 0.927143
0.222500, 0.927386
0.222600, 0.927553
0.222700, 0.927691
0.222800, 0.927880
0.222900, 0.927999
0.223000, 0.928250
0.223100, 0.928371
0.223200, 0.928612
0.223300, 0.928658
0.223400, 0.928852
0.223500, 0.929106
0.223600, 0.929246
0.223700, 0.929384
0.223800, 0.929591
0.223900, 0.929771
0.224000, 0.929836
0.224100, 0.930036
0.224200, 0.930255
0.224300, 0.930235
0.224400, 0.930485
0.224500, 0.930727
0.224600, 0.930875
0.224700, 0.931034
0.224800, 0.931171
0.224900, 0.931356
0.225000, 0.931555
0.225100, 0.931696
0.225200, 0.931850
0.225300, 0.932013
0.225400, 0.932157
0.225500, 0.932249
0.225600, 0.932526
0.225700, 0.932497
0.225800, 0.932762
0.225900, 0.932907
0.226000, 0.933054
0.226100, 0.933240
0.226200, 0.933403
0.226300, 0.933574
0.226400, 0.933743
0.226500, 0.933895
0.226600, 0.933932
0.226700, 0.934377
0.226800, 0.934431
0.226900, 0.934519
0.227000, 0.934701
0.227100, 0.934899
0.227200, 0.935056
0.227300, 0.935163
0.227400, 0.935358
0.227500, 0.935436
0.227600, 0.935614
0.227700, 0.935771
0.227800, 0.935987
0.227900, 0.936081
0.228000, 0.936331
0.228100, 0.936443
0.228200, 0.936664
0.228300, 0.936680
0.228400, 0.936921
0.228500, 0.937109
0.228600, 0.937102
0.228700, 0.937336
0.228800, 0.937509
0.228900, 0.937736
0.229000, 0.937848
0.229100, 0.937928
0.229200, 0.938171
0.229300, 0.938295
0.229400, 0.938408
0.229500, 0.938593
0.229600, 0.938807
0.229700, 0.938900
0.229800, 0.938965
0.229900, 0.939196
0.230000, 0.939401
0.230100, 0.939528
0.230200, 0.939625
0.230300, 0.939754
0.230400, 0.939938
0.230500, 0.940051
0.230600, 0.940219
0.230700, 0.940325
0.230800, 0.940546
0.230900, 0.940628
0.231000, 0.940888
0.231100, 0.940945
0.231200, 0.941031
0.231300, 0.941326
0.231400, 0.941384
0.231500, 0.941508
0.231600, 0.941659
0.231700, 0.941859
0.231800, 0.942051
0.231900, 0.942088
0.232000, 0.942290
0.232100, 0.942404
0.232200, 0.942579
0.232300, 0.942759
0.232400, 0.942867
0.232500, 0.943071
0.232600, 0.943211
0.232700, 0.943350
0.232800, 0.943476
0.232900, 0.943598
0.233000, 0.943768
0.233100, 0.943865
0.233200, 0.944010
0.233300, 0.944255
0.233400, 0.944351
0.233500, 0.944494
0.233600, 0.944622
0.233700, 0.944788
0.233800, 0.944881
0.233900, 0.945100
0.234000, 0.945227
0.234100, 0.945480
0.234200, 0.945575
0.234300, 0.945555
0.234400, 0.945726
0.234500, 0.945854
0.234600, 0.946003
0.234700, 0.946186
0.234800, 0.946387
0.234900, 0.946409
0.235000, 0.946565
0.235100, 0.946770
0.235200, 0.946901
0.235300, 0.947041
0.235400, 0.947152
0.235500, 0.947266
0.235600, 0.947371
0.235700, 0.947600
0.235800, 0.947701
0.235900, 0.947811
0.236000, 0.948036
0.236100, 0.948103
0.236200, 0.948231
0.236300, 0.948442
0.236400, 0.948528
0.236500, 0.948715
0.236600, 0.948639
0.236700, 0.948929
0.236800, 0.949059
0.236900, 0.949306
0.237000, 0.949354
0.237100, 0.949490
0.237200, 0.949574
0.237300, 0.949753
0.237400, 0.949860
0.237500, 0.950077
0.237600, 0.950199
0.237700, 0.950353
0.237800, 0.950415
0.237900, 0.950593
0.238000, 0.950705
0.238100, 0.950827
0.238200, 0.950941
0.238300, 0.951035
0.238400, 0.951202
0.238500, 0.951395
0.238600, 0.951378
0.238700, 0.951639
0.238800, 0.951775
0.238900, 0.951876
0.239000, 0.951996
0.239100, 0.952147
0.239200, 0.952240
0.239300, 0.952354
0.239400, 0.952600
0.239500, 0.952729
0.239600, 0.952793
0.239700, 0.952908
0.239800, 0.953062
0.239900, 0.953182
0.240000, 0.953371
0.240100, 0.953461
0.240200, 0.953498
0.240300, 0.953738
0.240400, 0.953781
0.240500, 0.953854
0.240600, 0.954105
0.240700, 0.954193
0.240800, 0.954386
0.240900, 0.954471
0.241000, 0.954605
0.241100, 0.954683
0.241200, 0.954813
0.241300, 0.955027
0.241400, 0.955093
0.241500, 0.955203
0.241600, 0.955310
0.241700, 0.955538
0.241800, 0.955615
0.241900, 0.955687
0.242000, 0.955919
0.242100, 0.955959
0.242200, 0.956059
0.242300, 0.956248
0.242400, 0.956312
0.242500, 0.956366
0.242600, 0.956578
0.242700, 0.956665
0.242800, 0.956812
0.242900, 0.957043
0.243000, 0.957054
0.243100, 0.957323
0.243200, 0.957351
0.243300, 0.957507
0.243400, 0.957565
0.243500, 0.957741
0.243600, 0.957708
0.243700, 0.958011
0.243800, 0.958019
0.243900, 0.958096
0.244000, 0.958255
0.244100, 0.958426
0.244200, 0.958471
0.244300, 0.958751
0.244400, 0.958816
0.244500, 0.958910
0.244600, 0.959013
0.244700, 0.959126
0.244800, 0.959314
0.244900, 0.959295
0.245000, 0.959502
0.245100, 0.959665
0.245200, 0.959793
0.245300, 0.959850
0.245400, 0.959994
0.245500, 0.960142
0.245600, 0.960252
0.245700, 0.960300
0.245800, 0.960492
0.245900, 0.960665
0.246000, 0.960620
0.246100, 0.960805
0.246200, 0.960909
0.246300, 0.961042
0.246400, 0.961079
0.246500, 0.961255
0.246600, 0.961353
0.246700, 0.961504
0.246800, 0.961661
0.246900, 0.961674
0.247000, 0.961813
0.247100, 0.962007
0.247200, 0.961981
0.247300, 0.962128
0.247400, 0.962303
0.247500, 0.962419
0.247600, 0.962605
0.247700, 0.962589
0.247800, 0.962805
0.247900, 0.962881
0.248000, 0.962946
0.248100, 0.963131
0.248200, 0.963192
0.248300, 0.963238
0.248400, 0.963489
0.248500, 0.963498
0.248600, 0.963631
0.248700, 0.963737
0.248800, 0.963761
0.248900, 0.963989
0.249000, 0.964083
0.249100, 0.964180
0.249200, 0.964244
0.249300, 0.964320
0.249400, 0.964469
0.249500, 0.964624
0.249600, 0.964716
0.249700, 0.964823
0.249800, 0.964954
0.249900, 0.965055
0.250000, 0.965202
0.250100, 0.965240
0.250200, 0.965391
0.250300, 0.965445
0.250400, 0.965634
0.250500, 0.965712
0.250600, 0.965772
0.250700, 0.965889
0.250800, 0.965999
0.250900, 0.966154
0.251000, 0.966195
0.251100, 0.966300
0.251200, 0.966465
0.251300, 0.966476
0.251400, 0.966536
0.251500, 0.966769
0.251600, 0.966770
0.251700, 0.966881
0.251800, 0.967010
0.251900, 0.967173
0.252000, 0.967243
0.252100, 0.967285
0.252200, 0.967385
0.252300, 0.967610
0.252400, 0.967630
0.252500, 0.967758
0.252600, 0.967903
0.252700, 0.968034
0.252800, 0.968155
0.252900, 0.968104
0.253000, 0.968200
0.253100, 0.968366
0.253200, 0.968441
0.253300, 0.968512
0.253400, 0.968631
0.253500, 0.968799
0.253600, 0.968777
0.253700, 0.968885
0.253800, 0.969143
0.253900, 0.969195
0.254000, 0.969244
0.254100, 0.969389
0.254200, 0.969522
0.254300, 0.969665
0.254400, 0.969631
0.254500, 0.969787
0.254600, 0.969848
0.254700, 0.970027
0.254800, 0.970065
0.254900, 0.970191
0.255000, 0.970324
0.255100, 0.970405
0.255200, 0.970474
0.255300, 0.970581
0.255400, 0.970619
0.255500, 0.970815
0.255600, 0.970797
0.255700, 0.970938
0.255800, 0.970974
0.255900, 0.971138
0.256000, 0.971336
0.256100, 0.971381
0.256200, 0.971478
0.256300, 0.971461
0.256400, 0.971721
0.256500, 0.971689
0.256600, 0.971808
0.256700, 0.971835
0.256800, 0.972010
0.256900, 0.972080
0.257000, 0.972201
0.257100, 0.972265
0.257200, 0.972412
0.257300, 0.972433
0.257400, 0.972665
0.257500, 0.972744
0.257600, 0.972746
0.257700, 0.972862
0.257800, 0.973015
0.257900, 0.973063
0.258000, 0.973200
0.258100, 0.973087
0.258200, 0.973306
0.258300, 0.973301
0.258400, 0.973442
0.258500, 0.973570
0.258600, 0.973702
0.258700, 0.973829
0.258800, 0.973847
0.258900, 0.973885
0.259000, 0.974070
0.259100, 0.974125
0.259200, 0.974195
0.259300, 0.974223
0.259400, 0.974459
0.259500, 0.974459
0.259600, 0.974586
0.259700, 0.974638
0.259800, 0.974854
0.259900, 0.974854
0.260000, 0.974930
0.260100, 0.974998
0.260200, 0.975072
0.260300, 0.975135
0.260400, 0.975166
0.260500, 0.975395
0.260600, 0.975431
0.260700, 0.975531
0.260800, 0.975600
0.260900, 0.975719
0.261000, 0.975712
0.261100, 0.975855
0.261200, 0.975986
0.261300, 0.976018
0.261400, 0.976170
0.261500, 0.976242
0.261600, 0.976312
0.261700, 0.976349
0.261800, 0.976394
0.261900, 0.976545
0.262000, 0.976597
0.262100, 0.976700
0.262200, 0.976759
0.262300, 0.976905
0.262400, 0.977034
0.262500, 0.976977
0.262600, 0.977249
0.262700, 0.977245
0.262800, 0.977297
0.262900, 0.977324
0.263000, 0.977412
0.263100, 0.977566
0.263200, 0.977722
0.263300, 0.977687
0.263400, 0.977758
0.263500, 0.977779
0.263600, 0.978048
0.263700, 0.978035
0.263800, 0.978149
0.263900, 0.978176
0.264000, 0.978300
0.264100, 0.978376
0.264200, 0.978443
0.264300, 0.978491
0.264400, 0.978616
0.264500, 0.978667
0.264600, 0.978775
0.264700, 0.978794
0.264800, 0.978830
0.264900, 0.979040
0.265000, 0.979098
0.265100, 0.979101
0.265200, 0.979261
0.265300, 0.979361
0.265400, 0.979444
0.265500, 0.979433
0.265600, 0.979497
0.265700, 0.979610
0.265800, 0.979668
0.265900, 0.979746
0.266000, 0.979866
0.266100, 0.979942
0.266200, 0.980043
0.266300, 0.980059
0.266400, 0.980242
0.266500, 0.980197
0.266600, 0.980362
0.266700, 0.980364
0.266800, 0.980553
0.266900, 0.980543
0.267000, 0.980608
0.267100, 0.980716
0.267200, 0.980668
0.267300, 0.980913
0.267400, 0.980902
0.267500, 0.981032
0.267600, 0.980946
0.267700, 0.981114
0.267800, 0.981207
0.267900, 0.981318
0.268000, 0.981373
0.268100, 0.981432
0.268200, 0.981497
0.268300, 0.981591
0.268400, 0.981564
0.268500, 0.981713
0.268600, 0.981733
0.268700, 0.981865
0.268800, 0.981930
0.268900, 0.982069
0.269000, 0.982040
0.269100, 0.982215
0.269200, 0.982244
0.269300, 0.982202
0.269400, 0.982384
0.269500, 0.982481
0.269600, 0.982484
0.269700, 0.982578
0.269800, 0.982691
0.269900, 0.982674
0.270000, 0.982708
0.270100, 0.982798
0.270200, 0.982914
0.270300, 0.982943
0.270400, 0.983042
0.270500, 0.983159
0.270600, 0.983239
0.270700, 0.983290
0.270800, 0.983244
0.270900, 0.983301
0.271000, 0.983427
0.271100, 0.983386
0.271200, 0.983603
0.271300, 0.983566
0.271400, 0.983699
0.271500, 0.983837
0.271600, 0.983849
0.271700, 0.983896
0.271800, 0.983946
0.271900, 0.983974
0.272000, 0.984138
0.272100, 0.984155
0.272200, 0.984245
0.272300, 0.984391
0.272400, 0.984364
0.272500, 0.984520
0.272600, 0.984552
0.272700, 0.984569
0.272800, 0.984745
0.272900, 0.984754
0.273000, 0.984766
0.273100, 0.984762
0.273200, 0.984907
0.273300, 0.984940
0.273400, 0.984953
0.273500, 0.985020
0.273600, 0.985073
0.273700, 0.985195
0.273800, 0.985218
0.273900, 0.985256
0.274000, 0.985339
0.274100, 0.985456
0.274200, 0.985542
0.274300, 0.985481
0.274400, 0.985654
0.274500, 0.985600
0.274600, 0.985640
0.274700, 0.985708
0.274800, 0.985836
0.274900, 0.985932
0.275000, 0.985949
0.275100, 0.986038
0.275200, 0.986246
0.275300, 0.986023
0.275400, 0.986151
0.275500, 0.986259
0.275600, 0.986240
0.275700, 0.986343
0.275800, 0.986483
0.275900, 0.986446
0.276000, 0.986642
0.276100, 0.986515
0.276200, 0.986654
0.276300, 0.986740
0.276400, 0.986723
0.276500, 0.986965
0.276600, 0.986935
0.276700, 0.986998
0.276800, 0.987072
0.276900, 0.987091
0.277000, 0.987200
0.277100, 0.987191
0.277200, 0.987234
0.277300, 0.987218
0.277400, 0.987276
0.277500, 0.987345
0.277600, 0.987481
0.277700, 0.987510
0.277800, 0.987535
0.277900, 0.987671
0.278000, 0.987727
0.278100, 0.987765
0.278200, 0.987779
0.278300, 0.987766
0.278400, 0.987907
0.278500, 0.987948
0.278600, 0.988047
0.278700, 0.988056
0.278800, 0.988190
0.278900, 0.988167
0.279000, 0.988299
0.279100, 0.988213
0.279200, 0.988369
0.279300, 0.988426
0.279400, 0.988376
0.279500, 0.988513
0.279600, 0.988584
0.279700, 0.988546
0.279800, 0.988624
0.279900, 0.988760
0.280000, 0.988773
0.280100, 0.988902
0.280200, 0.988848
0.280300, 0.989016
0.280400, 0.989017
0.280500, 0.989023
0.280600, 0.989013
0.280700, 0.989119
0.280800, 0.989191
0.280900, 0.989130
0.281000, 0.989189
0.281100, 0.989315
0.281200, 0.989372
0.281300, 0.989426
0.281400, 0.989450
0.281500, 0.989475
0.281600, 0.989502
0.281700, 0.989538
0.281800, 0.989565
0.281900, 0.989737
0.282000, 0.989758
0.282100, 0.989854
0.282200, 0.989807
0.282300, 0.989813
0.282400, 0.989879
0.282500, 0.989971
0.282600, 0.990074
0.282700, 0.990137
0.282800, 0.990154
0.282900, 0.990225
0.283000, 0.990221
0.283100, 0.990263
0.283200, 0.990330
0.283300, 0.990267
0.283400, 0.990366
0.283500, 0.990552
0.283600, 0.990499
0.283700, 0.990503
0.283800, 0.990585
0.283900, 0.990648
0.284000, 0.990693
0.284100, 0.990724
0.284200, 0.990774
0.284300, 0.990853
0.284400, 0.990904
0.284500, 0.990967
0.284600, 0.990993
0.284700, 0.991001
0.284800, 0.991034
0.284900, 0.991079
0.285000, 0.991102
0.285100, 0.991238
0.285200, 0.991245
0.285300, 0.991316
0.285400, 0.991293
0.285500, 0.991272
0.285600, 0.991339
0.285700, 0.991364
0.285800, 0.991438
0.285900, 0.991469
0.286000, 0.991556
0.286100, 0.991553
0.286200, 0.991690
0.286300, 0.991563
0.286400, 0.991703
0.286500, 0.991719
0.286600, 0.991788
0.286700, 0.991850
0.286800, 0.991850
0.286900, 0.991959
0.287000, 0.992077
0.287100, 0.991962
0.287200, 0.992069
0.287300, 0.992067
0.287400, 0.992102
0.287500, 0.992212
0.287600, 0.992207
0.287700, 0.992305
0.287800, 0.992327
0.287900, 0.992455
0.288000, 0.992329
0.288100, 0.992332
0.288200, 0.992414
0.288300, 0.992422
0.288400, 0.992543
0.288500, 0.992554
0.288600, 0.992435
0.288700, 0.992588
0.288800, 0.992565
0.288900, 0.992677
0.289000, 0.992710
0.289100, 0.992802
0.289200, 0.992838
0.289300, 0.992832
0.289400, 0.992867
0.289500, 0.992917
0.289600, 0.992983
0.289700, 0.992949
0.289800, 0.992989
0.289900, 0.993084
0.290000, 0.993138
0.290100, 0.993124
0.290200, 0.993092
0.290300, 0.993093
0.290400, 0.993267
0.290500, 0.993290
0.290600, 0.993303
0.290700, 0.993349
0.290800, 0.993352
0.290900, 0.993382
0.291000, 0.993542
0.291100, 0.993496
0.291200, 0.993487
0.291300, 0.993545
0.291400, 0.993651
0.291500, 0.993625
0.291600, 0.993711
0.291700, 0.993756
0.291800, 0.993664
0.291900, 0.993776
0.292000, 0.993736
0.292100, 0.993779
0.292200, 0.993834
0.292300, 0.993874
0.292400, 0.993832
0.292500, 0.993988
0.292600, 0.993956
0.292700, 0.994043
0.292800, 0.994020
0.292900, 0.993969
0.293000, 0.993928
0.293100, 0.994123
0.293200, 0.994153
0.293300, 0.994096
0.293400, 0.994129
0.293500, 0.994281
0.293600, 0.994265
0.293700, 0.994385
0.293800, 0.994325
0.293900, 0.994423
0.294000, 0.994360
0.294100, 0.994395
0.294200, 0.994510
0.294300, 0.994460
0.294400, 0.994395
0.294500, 0.994475
0.294600, 0.994617
0.294700, 0.994598
0.294800, 0.994712
0.294900, 0.994583
0.295000, 0.994586
0.295100, 0.994657
0.295200, 0.994705
0.295300, 0.994677
0.295400, 0.994844
0.295500, 0.994728
0.295600, 0.994824
0.295700, 0.994788
0.295800, 0.994916
0.295900, 0.994925
0.296000, 0.994936
0.296100, 0.995033
0.296200, 0.994984
0.296300, 0.995031
0.296400, 0.995105
0.296500, 0.995075
0.296600, 0.995158
0.296700, 0.995173
0.296800, 0.995109
0.296900, 0.995102
0.297000, 0.995241
0.297100, 0.995238
0.297200, 0.995159
0.297300, 0.995363
0.297400, 0.995278
0.297500, 0.995326
0.297600, 0.995412
0.297700, 0.995387
0.297800, 0.995403
0.297900, 0.995355
0.298000, 0.995439
0.298100, 0.995405
0.298200, 0.995655
0.298300, 0.995567
0.298400, 0.995617
0.298500, 0.995529
0.298600, 0.995591
0.298700, 0.995575
0.298800, 0.995626
0.298900, 0.995766
0.299000, 0.995614
0.299100, 0.995694
0.299200, 0.995738
0.299300, 0.995785
0.299400, 0.995768
0.299500, 0.995824
0.299600, 0.995752
0.299700, 0.995798
0.299800, 0.995942
0.299900, 0.995901
0.300000, 0.995933
0.300100, 0.995848
0.300200, 0.996043
0.300300, 0.995975
0.300400, 0.996086
0.300500, 0.996031
0.300600, 0.996033
0.300700, 0.996115
0.300800, 0.996153
0.300900, 0.996125
0.301000, 0.996061
0.301100, 0.996152
0.301200, 0.996217
0.301300, 0.996235
0.301400, 0.996156
0.301500, 0.996304
0.301600, 0.996215
0.301700, 0.996223
0.301800, 0.996271
0.301900, 0.996321
0.302000, 0.996286
0.302100, 0.996203
0.302200, 0.996344
0.302300, 0.996378
0.302400, 0.996381
0.302500, 0.996404
0.302600, 0.996429
0.302700, 0.996540
0.302800, 0.996456
0.302900, 0.996391
0.303000, 0.996523
0.303100, 0.996501
0.303200, 0.996491
0.303300, 0.996509
0.303400, 0.996542
0.303500, 0.996568
0.303600, 0.996638
0.303700, 0.996691
0.303800, 0.996605
0.303900, 0.996628
0.304000, 0.996611
0.304100, 0.996622
0.304200, 0.996653
0.304300, 0.996744
0.304400, 0.996703
0.304500, 0.996744
0.304600, 0.996796
0.304700, 0.996713
0.304800, 0.996750
0.304900, 0.996754
0.305000, 0.996775
0.305100, 0.996784
0.305200, 0.996734
0.305300, 0.996883
0.305400, 0.996861
0.305500, 0.996889
0.305600, 0.996884
0.305700, 0.996866
0.305800, 0.996916
0.305900, 0.996946
0.306000, 0.996994
0.306100, 0.996998
0.306200, 0.996971
0.306300, 0.996983
0.306400, 0.997034
0.306500, 0.997008
0.306600, 0.997020
0.306700, 0.997047
0.306800, 0.997004
0.306900, 0.997129
0.307000, 0.997059
0.307100, 0.997093
0.307200, 0.997152
0.307300, 0.997129
0.307400, 0.997184
0.307500, 0.997103
0.307600, 0.997159
0.307700, 0.997234
0.307800, 0.997217
0.307900, 0.997231
0.308000, 0.997180
0.308100, 0.997157
0.308200, 0.997120
0.308300, 0.997313
0.308400, 0.997258
0.308500, 0.997208
0.308600, 0.997261
0.308700, 0.997271
0.308800, 0.997265
0.308900, 0.997292
0.309000, 0.997364
0.309100, 0.997269
0.309200, 0.997327
0.309300, 0.997395
0.309400, 0.997375
0.309500, 0.997290
0.309600, 0.997385
0.309700, 0.997408
0.309800, 0.997359
0.309900, 0.997379
0.310000, 0.997421
0.310100, 0.997366
0.310200, 0.997348
0.310300, 0.997454
0.310400, 0.997455
0.310500, 0.997507
0.310600, 0.997381
0.310700, 0.997383
0.310800, 0.997465
0.310900, 0.997443
0.311000, 0.997519
0.311100, 0.997416
0.311200, 0.997566
0.311300, 0.997537
0.311400, 0.997550
0.311500, 0.997582
0.311600, 0.997496
0.311700, 0.997593
0.311800, 0.997512
0.311900, 0.997539
0.312000, 0.997562
0.312100, 0.997570
0.312200, 0.997613
0.312300, 0.997492
0.312400, 0.997568
0.312500, 0.997522
0.312600, 0.997667
0.312700, 0.997530
0.312800, 0.997480
0.312900, 0.997619
0.313000, 0.997651
0.313100, 0.997684
0.313200, 0.997548
0.313300, 0.997637
0.313400, 0.997650
0.313500, 0.997692
0.313600, 0.997609
0.313700, 0.997604
0.313800, 0.997634
0.313900, 0.997700
