0.000000, -0.001118
0.000100, -0.001026
0.000200, -0.000942
0.000300, -0.000854
0.000400, -0.000751
0.000500, -0.000652
0.000600, -0.000568
0.000700, -0.000465
0.000800, -0.000366
0.000900, -0.000252
0.001000, -0.000168
0.001100, -0.000069
0.001200, 0.000034
0.001300, 0.000137
0.001400, 0.000248
0.001500, 0.000343
0.001600, 0.000454
0.001700, 0.000565
0.001800, 0.000671
0.001900, 0.000771
0.002000, 0.000877
0.002100, 0.000999
0.002200, 0.001091
0.002300, 0.001217
0.002400, 0.001324
0.002500, 0.001442
0.002600, 0.001564
0.002700, 0.001671
0.002800, 0.001793
0.002900, 0.001896
0.003000, 0.002018
0.003100, 0.002151
0.003200, 0.002262
0.003300, 0.002388
0.003400, 0.002502
0.003500, 0.002628
0.003600, 0.002758
0.003700, 0.002872
0.003800, 0.003017
0.003900, 0.003136
0.004000, 0.003269
0.004100, 0.003387
0.004200, 0.003510
0.004300, 0.003651
0.004400, 0.003780
0.004500, 0.003906
0.004600, 0.004036
0.004700, 0.004177
0.004800, 0.004311
0.004900, 0.004448
0.005000, 0.004593
0.005100, 0.004723
0.005200, 0.004856
0.005300, 0.004993
0.005400, 0.005138
0.005500, 0.005280
0.005600, 0.005428
0.005700, 0.005562
0.005800, 0.005711
0.005900, 0.005863
0.006000, 0.006004
0.006100, 0.006142
0.006200, 0.006298
0.006300, 0.006435
0.006400, 0.006588
0.006500, 0.006748
0.006600, 0.006886
0.006700, 0.007034
0.006800, 0.007195
0.006900, 0.007351
0.007000, 0.007500
0.007100, 0.007668
0.007200, 0.007820
0.007300, 0.007973
0.007400, 0.008129
0.007500, 0.008297
0.007600, 0.008438
0.007700, 0.008606
0.007800, 0.008774
0.007900, 0.008938
0.008000, 0.009094
0.008100, 0.009254
0.008200, 0.009415
0.008300, 0.009583
0.008400, 0.009747
0.008500, 0.009914
0.008600, 0.010082
0.008700, 0.010250
0.008800, 0.010426
0.008900, 0.010597
0.009000, 0.010769
0.009100, 0.010925
0.009200, 0.011105
0.009300, 0.011288
0.009400, 0.011459
0.009500, 0.011627
0.009600, 0.011806
0.009700, 0.011986
0.009800, 0.012169
0.009900, 0.012333
0.010000, 0.012516
0.010100, 0.012707
0.010200, 0.012886
0.010300, 0.013069
0.010400, 0.013245
0.010500, 0.013435
0.010600, 0.013607
0.010700, 0.013802
0.010800, 0.013985
0.010900, 0.014179
0.011000, 0.014366
0.011100, 0.014553
0.011200, 0.014751
0.011300, 0.014923
0.011400, 0.015129
0.011500, 0.015301
0.011600, 0.015503
0.011700, 0.015694
0.011800, 0.015892
0.011900, 0.016087
0.012000, 0.016277
0.012100, 0.016479
0.012200, 0.016670
0.012300, 0.016865
0.012400, 0.017071
0.012500, 0.017269
0.012600, 0.017475
0.012700, 0.017673
0.012800, 0.017872
0.012900, 0.018074
0.013000, 0.018276
0.013100, 0.018490
0.013200, 0.018677
0.013300, 0.018890
0.013400, 0.019093
0.013500, 0.019310
0.013600, 0.019501
0.013700, 0.019718
0.013800, 0.019920
0.013900, 0.020134
0.014000, 0.020351
0.014100, 0.020561
0.014200, 0.020767
0.014300, 0.020988
0.014400, 0.021210
0.014500, 0.021400
0.014600, 0.021626
0.014700, 0.021832
0.014800, 0.022064
0.014900, 0.022282
0.015000, 0.022503
0.015100, 0.022724
0.015200, 0.022934
0.015300, 0.023159
0.015400, 0.023376
0.015500, 0.023594
0.015600, 0.023823
0.015700, 0.024044
0.015800, 0.024273
0.015900, 0.024494
0.016000, 0.024719
0.016100, 0.024940
0.016200, 0.025169
0.016300, 0.025394
0.016400, 0.025620
0.016500, 0.025856
0.016600, 0.026093
0.016700, 0.026310
0.016800, 0.026554
0.016900, 0.026775
0.017000, 0.027020
0.017100, 0.027241
0.017200, 0.027481
0.017300, 0.027718
0.017400, 0.027958
0.017500, 0.028194
0.017600, 0.028419
0.017700, 0.028648
0.017800, 0.028900
0.017900, 0.029144
0.018000, 0.029381
0.018100, 0.029625
0.018200, 0.029854
0.018300, 0.030109
0.018400, 0.030346
0.018500, 0.030594
0.018600, 0.030838
0.018700, 0.031078
0.018800, 0.031330
0.018900, 0.031567
0.019000, 0.031822
0.019100, 0.032059
0.019200, 0.032314
0.019300, 0.032562
0.019400, 0.032818
0.019500, 0.033051
0.019600, 0.033310
0.019700, 0.033558
0.019800, 0.033806
0.019900, 0.034058
0.020000, 0.034317
0.020100, 0.034576
0.020200, 0.034828
0.020300, 0.035076
0.020400, 0.035332
0.020500, 0.035595
0.020600, 0.035854
0.020700, 0.036118
0.020800, 0.036362
0.020900, 0.036629
0.021000, 0.036896
0.021100, 0.037148
0.021200, 0.037403
0.021300, 0.037678
0.021400, 0.037945
0.021500, 0.038185
0.021600, 0.038467
0.021700, 0.038723
0.021800, 0.038994
0.021900, 0.039257
0.022000, 0.039520
0.022100, 0.039795
0.022200, 0.040058
0.022300, 0.040314
0.022400, 0.040596
0.022500, 0.040859
0.022600, 0.041122
0.022700, 0.041405
0.022800, 0.041683
0.022900, 0.041935
0.023000, 0.042225
0.023100, 0.042484
0.023200, 0.042763
0.023300, 0.043037
0.023400, 0.043320
0.023500, 0.043591
0.023600, 0.043880
0.023700, 0.044159
0.023800, 0.044418
0.023900, 0.044697
0.024000, 0.044983
0.024100, 0.045269
0.024200, 0.045547
0.024300, 0.045822
0.024400, 0.046101
0.024500, 0.046391
0.024600, 0.046673
0.024700, 0.046947
0.024800, 0.047222
0.024900, 0.047516
0.025000, 0.047802
0.025100, 0.048100
0.025200, 0.048378
0.025300, 0.048664
0.025400, 0.048943
0.025500, 0.049244
0.025600, 0.049515
0.025700, 0.049816
0.025800, 0.050102
0.025900, 0.050400
0.026000, 0.050682
0.026100, 0.050964
0.026200, 0.051281
0.026300, 0.051567
0.026400, 0.051853
0.026500, 0.052143
0.026600, 0.052437
0.026700, 0.052734
0.026800, 0.053028
0.026900, 0.053329
0.027000, 0.053631
0.027100, 0.053928
0.027200, 0.054214
0.027300, 0.054520
0.027400, 0.054813
0.027500, 0.055115
0.027600, 0.055424
0.027700, 0.055721
0.027800, 0.056011
0.027900, 0.056313
0.028000, 0.056625
0.028100, 0.056923
0.028200, 0.057213
0.028300, 0.057533
0.028400, 0.057831
0.028500, 0.058151
0.028600, 0.058445
0.028700, 0.058746
0.028800, 0.059063
0.028900, 0.059376
0.029000, 0.059677
0.029100, 0.059975
0.029200, 0.060287
0.029300, 0.060600
0.029400, 0.060917
0.029500, 0.061218
0.029600, 0.061535
0.029700, 0.061859
0.029800, 0.062153
0.029900, 0.062458
0.030000, 0.062786
0.030100, 0.063095
0.030200, 0.063404
0.030300, 0.063728
0.030400, 0.064022
0.030500, 0.064365
0.030600, 0.064671
0.030700, 0.064995
0.030800, 0.065292
0.030900, 0.065617
0.031000, 0.065933
0.031100, 0.066277
0.031200, 0.066578
0.031300, 0.066914
0.031400, 0.067230
0.031500, 0.067532
0.031600, 0.067863
0.031700, 0.068180
0.031800, 0.068504
0.031900, 0.068829
0.032000, 0.069168
0.032100, 0.069462
0.032200, 0.069801
0.032300, 0.070122
0.032400, 0.070461
0.032500, 0.070782
0.032600, 0.071098
0.032700, 0.071442
0.032800, 0.071754
0.032900, 0.072079
0.033000, 0.072422
0.033100, 0.072746
0.033200, 0.073071
0.033300, 0.073410
0.033400, 0.073730
0.033500, 0.074062
0.033600, 0.074398
0.033700, 0.074726
0.033800, 0.075069
0.033900, 0.075390
0.034000, 0.075733
0.034100, 0.076073
0.034200, 0.076412
0.034300, 0.076736
0.034400, 0.077084
0.034500, 0.077404
0.034600, 0.077736
0.034700, 0.078068
0.034800, 0.078411
0.034900, 0.078739
0.035000, 0.079094
0.035100, 0.079426
0.035200, 0.079769
0.035300, 0.080112
0.035400, 0.080456
0.035500, 0.080780
0.035600, 0.081131
0.035700, 0.081467
0.035800, 0.081810
0.035900, 0.082161
0.036000, 0.082493
0.036100, 0.082840
0.036200, 0.083187
0.036300, 0.083519
0.036400, 0.083881
0.036500, 0.084225
0.036600, 0.084564
0.036700, 0.084915
0.036800, 0.085258
0.036900, 0.085609
0.037000, 0.085960
0.037100, 0.086304
0.037200, 0.086647
0.037300, 0.086998
0.037400, 0.087353
0.037500, 0.087700
0.037600, 0.088047
0.037700, 0.088394
0.037800, 0.088753
0.037900, 0.089104
0.038000, 0.089447
0.038100, 0.089802
0.038200, 0.090153
0.038300, 0.090508
0.038400, 0.090870
0.038500, 0.091209
0.038600, 0.091572
0.038700, 0.091923
0.038800, 0.092278
0.038900, 0.092644
0.039000, 0.092995
0.039100, 0.093353
0.039200, 0.093708
0.039300, 0.094067
0.039400, 0.094425
0.039500, 0.094772
0.039600, 0.095135
0.039700, 0.095516
0.039800, 0.095856
0.039900, 0.096207
0.040000, 0.096569
0.040100, 0.096935
0.040200, 0.097298
0.040300, 0.097656
0.040400, 0.098030
0.040500, 0.098377
0.040600, 0.098751
0.040700, 0.099110
0.040800, 0.099472
0.040900, 0.099834
0.041000, 0.100193
0.041100, 0.100571
0.041200, 0.100929
0.041300, 0.101303
0.041400, 0.101665
0.041500, 0.102016
0.041600, 0.102402
0.041700, 0.102760
0.041800, 0.103127
0.041900, 0.103500
0.042000, 0.103867
0.042100, 0.104240
0.042200, 0.104622
0.042300, 0.104973
0.042400, 0.105331
0.042500, 0.105724
0.042600, 0.106091
0.042700, 0.106457
0.042800, 0.106827
0.042900, 0.107204
0.043000, 0.107563
0.043100, 0.107948
0.043200, 0.108322
0.043300, 0.108688
0.043400, 0.109074
0.043500, 0.109432
0.043600, 0.109821
0.043700, 0.110199
0.043800, 0.110573
0.043900, 0.110939
0.044000, 0.111317
0.044100, 0.111691
0.044200, 0.112064
0.044300, 0.112446
0.044400, 0.112823
0.044500, 0.113209
0.044600, 0.113586
0.044700, 0.113960
0.044800, 0.114342
0.044900, 0.114712
0.045000, 0.115093
0.045100, 0.115471
0.045200, 0.115864
0.045300, 0.116230
0.045400, 0.116619
0.045500, 0.117004
0.045600, 0.117367
0.045700, 0.117771
0.045800, 0.118137
0.045900, 0.118523
0.046000, 0.118912
0.046100, 0.119286
0.046200, 0.119675
0.046300, 0.120052
0.046400, 0.120449
0.046500, 0.120827
0.046600, 0.121216
0.046700, 0.121605
0.046800, 0.121994
0.046900, 0.122387
0.047000, 0.122753
0.047100, 0.123142
0.047200, 0.123539
0.047300, 0.123920
0.047400, 0.124306
0.047500, 0.124683
0.047600, 0.125084
0.047700, 0.125465
0.047800, 0.125858
0.047900, 0.126251
0.048000, 0.126625
0.048100, 0.127026
0.048200, 0.127419
0.048300, 0.127804
0.048400, 0.128204
0.048500, 0.128605
0.048600, 0.128986
0.048700, 0.129383
0.048800, 0.129776
0.048900, 0.130169
0.049000, 0.130566
0.049100, 0.130959
0.049200, 0.131340
0.049300, 0.131737
0.049400, 0.132130
0.049500, 0.132526
0.049600, 0.132923
0.049700, 0.133316
0.049800, 0.133717
0.049900, 0.134106
0.050000, 0.134499
0.050100, 0.134903
0.050200, 0.135307
0.050300, 0.135700
0.050400, 0.136093
0.050500, 0.136482
0.050600, 0.136894
0.050700, 0.137287
0.050800, 0.137684
0.050900, 0.138092
0.051000, 0.138496
0.051100, 0.138882
0.051200, 0.139301
0.051300, 0.139683
0.051400, 0.140091
0.051500, 0.140480
0.051600, 0.140884
0.051700, 0.141293
0.051800, 0.141689
0.051900, 0.142086
0.052000, 0.142487
0.052100, 0.142895
0.052200, 0.143295
0.052300, 0.143703
0.052400, 0.144096
0.052500, 0.144505
0.052600, 0.144909
0.052700, 0.145313
0.052800, 0.145714
0.052900, 0.146130
0.053000, 0.146542
0.053100, 0.146927
0.053200, 0.147331
0.053300, 0.147739
0.053400, 0.148151
0.053500, 0.148556
0.053600, 0.148972
0.053700, 0.149368
0.053800, 0.149776
0.053900, 0.150181
0.054000, 0.150581
0.054100, 0.151005
0.054200, 0.151405
0.054300, 0.151817
0.054400, 0.152225
0.054500, 0.152637
0.054600, 0.153023
0.054700, 0.153458
0.054800, 0.153862
0.054900, 0.154270
0.055000, 0.154678
0.055100, 0.155090
0.055200, 0.155506
0.055300, 0.155914
0.055400, 0.156330
0.055500, 0.156746
0.055600, 0.157158
0.055700, 0.157555
0.055800, 0.157970
0.055900, 0.158394
0.056000, 0.158802
0.056100, 0.159206
0.056200, 0.159622
0.056300, 0.160034
0.056400, 0.160454
0.056500, 0.160866
0.056600, 0.161278
0.056700, 0.161694
0.056800, 0.162121
0.056900, 0.162514
0.057000, 0.162933
0.057100, 0.163349
0.057200, 0.163761
0.057300, 0.164192
0.057400, 0.164608
0.057500, 0.165012
0.057600, 0.165432
0.057700, 0.165848
0.057800, 0.166275
0.057900, 0.166683
0.058000, 0.167110
0.058100, 0.167519
0.058200, 0.167931
0.058300, 0.168354
0.058400, 0.168789
0.058500, 0.169197
0.058600, 0.169617
0.058700, 0.170029
0.058800, 0.170464
0.058900, 0.170860
0.059000, 0.171295
0.059100, 0.171719
0.059200, 0.172134
0.059300, 0.172558
0.059400, 0.172981
0.059500, 0.173389
0.059600, 0.173801
0.059700, 0.174236
0.059800, 0.174641
0.059900, 0.175079
0.060000, 0.175499
0.060100, 0.175930
0.060200, 0.176338
0.060300, 0.176785
0.060400, 0.177193
0.060500, 0.177608
0.060600, 0.178032
0.060700, 0.178459
0.060800, 0.178890
0.060900, 0.179314
0.061000, 0.179737
0.061100, 0.180168
0.061200, 0.180592
0.061300, 0.181000
0.061400, 0.181435
0.061500, 0.181850
0.061600, 0.182285
0.061700, 0.182720
0.061800, 0.183147
0.061900, 0.183563
0.062000, 0.183987
0.062100, 0.184406
0.062200, 0.184837
0.062300, 0.185276
0.062400, 0.185699
0.062500, 0.186127
0.062600, 0.186554
0.062700, 0.186993
0.062800, 0.187405
0.062900, 0.187836
0.063000, 0.188255
0.063100, 0.188686
0.063200, 0.189102
0.063300, 0.189545
0.063400, 0.189980
0.063500, 0.190403
0.063600, 0.190838
0.063700, 0.191265
0.063800, 0.191689
0.063900, 0.192116
0.064000, 0.192543
0.064100, 0.192978
0.064200, 0.193409
0.064300, 0.193829
0.064400, 0.194267
0.064500, 0.194714
0.064600, 0.195137
0.064700, 0.195560
0.064800, 0.195999
0.064900, 0.196423
0.065000, 0.196861
0.065100, 0.197281
0.065200, 0.197720
0.065300, 0.198143
0.065400, 0.198586
0.065500, 0.199013
0.065600, 0.199463
0.065700, 0.199879
0.065800, 0.200317
0.065900, 0.200752
0.066000, 0.201168
0.066100, 0.201614
0.066200, 0.202061
0.066300, 0.202496
0.066400, 0.202927
0.066500, 0.203342
0.066600, 0.203789
0.066700, 0.204224
0.066800, 0.204655
0.066900, 0.205086
0.067000, 0.205528
0.067100, 0.205948
0.067200, 0.206387
0.067300, 0.206833
0.067400, 0.207268
0.067500, 0.207699
0.067600, 0.208134
0.067700, 0.208580
0.067800, 0.209007
0.067900, 0.209446
0.068000, 0.209877
0.068100, 0.210320
0.068200, 0.210766
0.068300, 0.211197
0.068400, 0.211624
0.068500, 0.212082
0.068600, 0.212486
0.068700, 0.212940
0.068800, 0.213379
0.068900, 0.213825
0.069000, 0.214252
0.069100, 0.214687
0.069200, 0.215126
0.069300, 0.215569
0.069400, 0.216007
0.069500, 0.216457
0.069600, 0.216877
0.069700, 0.217331
0.069800, 0.217747
0.069900, 0.218197
0.070000, 0.218636
0.070100, 0.219078
0.070200, 0.219509
0.070300, 0.219971
0.070400, 0.220390
0.070500, 0.220837
0.070600, 0.221272
0.070700, 0.221722
0.070800, 0.222168
0.070900, 0.222588
0.071000, 0.223038
0.071100, 0.223488
0.071200, 0.223919
0.071300, 0.224361
0.071400, 0.224796
0.071500, 0.225239
0.071600, 0.225681
0.071700, 0.226112
0.071800, 0.226555
0.071900, 0.227009
0.072000, 0.227440
0.072100, 0.227898
0.072200, 0.228333
0.072300, 0.228767
0.072400, 0.229206
0.072500, 0.229652
0.072600, 0.230099
0.072700, 0.230534
0.072800, 0.230984
0.072900, 0.231438
0.073000, 0.231876
0.073100, 0.232311
0.073200, 0.232742
0.073300, 0.233196
0.073400, 0.233639
0.073500, 0.234074
0.073600, 0.234516
0.073700, 0.234970
0.073800, 0.235409
0.073900, 0.235851
0.074000, 0.236305
0.074100, 0.236744
0.074200, 0.237194
0.074300, 0.237625
0.074400, 0.238083
0.074500, 0.238522
0.074600, 0.238968
0.074700, 0.239407
0.074800, 0.239849
0.074900, 0.240303
0.075000, 0.240730
0.075100, 0.241203
0.075200, 0.241631
0.075300, 0.242069
0.075400, 0.242508
0.075500, 0.242970
0.075600, 0.243420
0.075700, 0.243870
0.075800, 0.244301
0.075900, 0.244751
0.076000, 0.245205
0.076100, 0.245644
0.076200, 0.246094
0.076300, 0.246540
0.076400, 0.246990
0.076500, 0.247429
0.076600, 0.247875
0.076700, 0.248322
0.076800, 0.248772
0.076900, 0.249214
0.077000, 0.249653
0.077100, 0.250095
0.077200, 0.250549
0.077300, 0.250996
0.077400, 0.251457
0.077500, 0.251888
0.077600, 0.252342
0.077700, 0.252777
0.077800, 0.253231
0.077900, 0.253674
0.078000, 0.254135
0.078100, 0.254581
0.078200, 0.255016
0.078300, 0.255470
0.078400, 0.255909
0.078500, 0.256371
0.078600, 0.256809
0.078700, 0.257256
0.078800, 0.257706
0.078900, 0.258156
0.079000, 0.258595
0.079100, 0.259060
0.079200, 0.259506
0.079300, 0.259960
0.079400, 0.260399
0.079500, 0.260841
0.079600, 0.261284
0.079700, 0.261742
0.079800, 0.262177
0.079900, 0.262650
0.080000, 0.263092
0.080100, 0.263535
0.080200, 0.263988
0.080300, 0.264439
0.080400, 0.264885
0.080500, 0.265335
0.080600, 0.265785
0.080700, 0.266247
0.080800, 0.266682
0.080900, 0.267120
0.081000, 0.267567
0.081100, 0.268024
0.081200, 0.268475
0.081300, 0.268921
0.081400, 0.269371
0.081500, 0.269829
0.081600, 0.270275
0.081700, 0.270714
0.081800, 0.271164
0.081900, 0.271626
0.082000, 0.272076
0.082100, 0.272518
0.082200, 0.272961
0.082300, 0.273422
0.082400, 0.273876
0.082500, 0.274319
0.082600, 0.274761
0.082700, 0.275223
0.082800, 0.275673
0.082900, 0.276112
0.083000, 0.276573
0.083100, 0.277027
0.083200, 0.277481
0.083300, 0.277912
0.083400, 0.278366
0.083500, 0.278828
0.083600, 0.279274
0.083700, 0.279720
0.083800, 0.280170
0.083900, 0.280617
0.084000, 0.281063
0.084100, 0.281521
0.084200, 0.281982
0.084300, 0.282417
0.084400, 0.282875
0.084500, 0.283314
0.084600, 0.283779
0.084700, 0.284222
0.084800, 0.284679
0.084900, 0.285126
0.085000, 0.285580
0.085100, 0.286026
0.085200, 0.286480
0.085300, 0.286930
0.085400, 0.287376
0.085500, 0.287830
0.085600, 0.288277
0.085700, 0.288746
0.085800, 0.289177
0.085900, 0.289639
0.086000, 0.290092
0.086100, 0.290535
0.086200, 0.290981
0.086300, 0.291439
0.086400, 0.291893
0.086500, 0.292343
0.086600, 0.292801
0.086700, 0.293247
0.086800, 0.293701
0.086900, 0.294140
0.087000, 0.294594
0.087100, 0.295052
0.087200, 0.295498
0.087300, 0.295948
0.087400, 0.296398
0.087500, 0.296852
0.087600, 0.297306
0.087700, 0.297756
0.087800, 0.298203
0.087900, 0.298672
0.088000, 0.299088
0.088100, 0.299564
0.088200, 0.300014
0.088300, 0.300472
0.088400, 0.300922
0.088500, 0.301369
0.088600, 0.301819
0.088700, 0.302258
0.088800, 0.302727
0.088900, 0.303177
0.089000, 0.303638
0.089100, 0.304073
0.089200, 0.304543
0.089300, 0.304970
0.089400, 0.305431
0.089500, 0.305878
0.089600, 0.306335
0.089700, 0.306789
0.089800, 0.307240
0.089900, 0.307693
0.090000, 0.308136
0.090100, 0.308582
0.090200, 0.309032
0.090300, 0.309502
0.090400, 0.309944
0.090500, 0.310406
0.090600, 0.310852
0.090700, 0.311302
0.090800, 0.311756
0.090900, 0.312202
0.091000, 0.312653
0.091100, 0.313099
0.091200, 0.313564
0.091300, 0.314003
0.091400, 0.314468
0.091500, 0.314915
0.091600, 0.315365
0.091700, 0.315807
0.091800, 0.316273
0.091900, 0.316723
0.092000, 0.317162
0.092100, 0.317612
0.092200, 0.318066
0.092300, 0.318523
0.092400, 0.318977
0.092500, 0.319420
0.092600, 0.319866
0.092700, 0.320324
0.092800, 0.320770
0.092900, 0.321224
0.093000, 0.321671
0.093100, 0.322136
0.093200, 0.322578
0.093300, 0.323032
0.093400, 0.323490
0.093500, 0.323933
0.093600, 0.324387
0.093700, 0.324829
0.093800, 0.325294
0.093900, 0.325726
0.094000, 0.326187
0.094100, 0.326645
0.094200, 0.327099
0.094300, 0.327534
0.094400, 0.327995
0.094500, 0.328438
0.094600, 0.328892
0.094700, 0.329350
0.094800, 0.329800
0.094900, 0.330257
0.095000, 0.330688
0.095100, 0.331139
0.095200, 0.331612
0.095300, 0.332054
0.095400, 0.332500
0.095500, 0.332943
0.095600, 0.333405
0.095700, 0.333862
0.095800, 0.334305
0.095900, 0.334755
0.096000, 0.335201
0.096100, 0.335655
0.096200, 0.336113
0.096300, 0.336555
0.096400, 0.337002
0.096500, 0.337452
0.096600, 0.337906
0.096700, 0.338352
0.096800, 0.338802
0.096900, 0.339252
0.097000, 0.339703
0.097100, 0.340149
0.097200, 0.340607
0.097300, 0.341045
0.097400, 0.341499
0.097500, 0.341949
0.097600, 0.342407
0.097700, 0.342857
0.097800, 0.343304
0.097900, 0.343742
0.098000, 0.344193
0.098100, 0.344658
0.098200, 0.345097
0.098300, 0.345551
0.098400, 0.346012
0.098500, 0.346439
0.098600, 0.346893
0.098700, 0.347328
0.098800, 0.347805
0.098900, 0.348255
0.099000, 0.348694
0.099100, 0.349140
0.099200, 0.349598
0.099300, 0.350037
0.099400, 0.350498
0.099500, 0.350933
0.099600, 0.351372
0.099700, 0.351837
0.099800, 0.352283
0.099900, 0.352734
0.100000, 0.353191
0.100100, 0.353634
0.100200, 0.354073
0.100300, 0.354523
0.100400, 0.354977
0.100500, 0.355438
0.100600, 0.355888
0.100700, 0.356335
0.100800, 0.356773
0.100900, 0.357220
0.101000, 0.357658
0.101100, 0.358109
0.101200, 0.358570
0.101300, 0.359009
0.101400, 0.359463
0.101500, 0.359909
0.101600, 0.360352
0.101700, 0.360809
0.101800, 0.361240
0.101900, 0.361687
0.102000, 0.362148
0.102100, 0.362587
0.102200, 0.363037
0.102300, 0.363499
0.102400, 0.363937
0.102500, 0.364380
0.102600, 0.364834
0.102700, 0.365288
0.102800, 0.365723
0.102900, 0.366169
0.103000, 0.366611
0.103100, 0.367062
0.103200, 0.367508
0.103300, 0.367966
0.103400, 0.368404
0.103500, 0.368851
0.103600, 0.369282
0.103700, 0.369747
0.103800, 0.370201
0.103900, 0.370628
0.104000, 0.371078
0.104100, 0.371529
0.104200, 0.371971
0.104300, 0.372414
0.104400, 0.372864
0.104500, 0.373318
0.104600, 0.373772
0.104700, 0.374210
0.104800, 0.374649
0.104900, 0.375092
0.105000, 0.375542
0.105100, 0.375977
0.105200, 0.376431
0.105300, 0.376877
0.105400, 0.377312
0.105500, 0.377773
0.105600, 0.378208
0.105700, 0.378654
0.105800, 0.379093
0.105900, 0.379547
0.106000, 0.380009
0.106100, 0.380436
0.106200, 0.380875
0.106300, 0.381332
0.106400, 0.381752
0.106500, 0.382214
0.106600, 0.382656
0.106700, 0.383099
0.106800, 0.383545
0.106900, 0.383987
0.107000, 0.384434
0.107100, 0.384884
0.107200, 0.385307
0.107300, 0.385761
0.107400, 0.386211
0.107500, 0.386642
0.107600, 0.387081
0.107700, 0.387535
0.107800, 0.387981
0.107900, 0.388428
0.108000, 0.388870
0.108100, 0.389317
0.108200, 0.389740
0.108300, 0.390198
0.108400, 0.390633
0.108500, 0.391079
0.108600, 0.391521
0.108700, 0.391968
0.108800, 0.392406
0.108900, 0.392853
0.109000, 0.393280
0.109100, 0.393730
0.109200, 0.394165
0.109300, 0.394615
0.109400, 0.395073
0.109500, 0.395504
0.109600, 0.395935
0.109700, 0.396385
0.109800, 0.396816
0.109900, 0.397266
0.110000, 0.397701
0.110100, 0.398136
0.110200, 0.398579
0.110300, 0.399025
0.110400, 0.399467
0.110500, 0.399906
0.110600, 0.400345
0.110700, 0.400795
0.110800, 0.401230
0.110900, 0.401672
0.111000, 0.402107
0.111100, 0.402554
0.111200, 0.402992
0.111300, 0.403427
0.111400, 0.403866
0.111500, 0.404316
0.111600, 0.404755
0.111700, 0.405193
0.111800, 0.405640
0.111900, 0.406075
0.112000, 0.406509
0.112100, 0.406952
0.112200, 0.407379
0.112300, 0.407829
0.112400, 0.408260
0.112500, 0.408707
0.112600, 0.409142
0.112700, 0.409573
0.112800, 0.410011
0.112900, 0.410458
0.113000, 0.410896
0.113100, 0.411327
0.113200, 0.411770
0.113300, 0.412224
0.113400, 0.412640
0.113500, 0.413090
0.113600, 0.413513
0.113700, 0.413956
0.113800, 0.414387
0.113900, 0.414845
0.114000, 0.415268
0.114100, 0.415710
0.114200, 0.416153
0.114300, 0.416584
0.114400, 0.417011
0.114500, 0.417461
0.114600, 0.417896
0.114700, 0.418335
0.114800, 0.418766
0.114900, 0.419201
0.115000, 0.419643
0.115100, 0.420082
0.115200, 0.420502
0.115300, 0.420933
0.115400, 0.421379
0.115500, 0.421814
0.115600, 0.422253
0.115700, 0.422695
0.115800, 0.423119
0.115900, 0.423550
0.116000, 0.423992
0.116100, 0.424427
0.116200, 0.424858
0.116300, 0.425301
0.116400, 0.425709
0.116500, 0.426155
0.116600, 0.426598
0.116700, 0.427036
0.116800, 0.427475
0.116900, 0.427887
0.117000, 0.428329
0.117100, 0.428764
0.117200, 0.429195
0.117300, 0.429638
0.117400, 0.430054
0.117500, 0.430500
0.117600, 0.430931
0.117700, 0.431362
0.117800, 0.431801
0.117900, 0.432243
0.118000, 0.432671
0.118100, 0.433094
0.118200, 0.433517
0.118300, 0.433945
0.118400, 0.434387
0.118500, 0.434803
0.118600, 0.435253
0.118700, 0.435677
0.118800, 0.436123
0.118900, 0.436554
0.119000, 0.436962
0.119100, 0.437401
0.119200, 0.437832
0.119300, 0.438267
0.119400, 0.438698
0.119500, 0.439133
0.119600, 0.439548
0.119700, 0.439987
0.119800, 0.440403
0.119900, 0.440842
0.120000, 0.441280
0.120100, 0.441696
0.120200, 0.442127
0.120300, 0.442558
0.120400, 0.443001
0.120500, 0.443424
0.120600, 0.443851
0.120700, 0.444286
0.120800, 0.444702
0.120900, 0.445148
0.121000, 0.445560
0.121100, 0.446007
0.121200, 0.446415
0.121300, 0.446854
0.121400, 0.447277
0.121500, 0.447708
0.121600, 0.448135
0.121700, 0.448563
0.121800, 0.448990
0.121900, 0.449425
0.122000, 0.449844
0.122100, 0.450264
0.122200, 0.450703
0.122300, 0.451126
0.122400, 0.451546
0.122500, 0.451988
0.122600, 0.452408
0.122700, 0.452824
0.122800, 0.453262
0.122900, 0.453682
0.123000, 0.454113
0.123100, 0.454536
0.123200, 0.454964
0.123300, 0.455383
0.123400, 0.455814
0.123500, 0.456253
0.123600, 0.456665
0.123700, 0.457077
0.123800, 0.457500
0.123900, 0.457935
0.124000, 0.458359
0.124100, 0.458786
0.124200, 0.459202
0.124300, 0.459633
0.124400, 0.460041
0.124500, 0.460480
0.124600, 0.460899
0.124700, 0.461315
0.124800, 0.461750
0.124900, 0.462173
0.125000, 0.462593
0.125100, 0.463017
0.125200, 0.463436
0.125300, 0.463871
0.125400, 0.464283
0.125500, 0.464710
0.125600, 0.465122
0.125700, 0.465549
0.125800, 0.465969
0.125900, 0.466389
0.126000, 0.466820
0.126100, 0.467247
0.126200, 0.467640
0.126300, 0.468075
0.126400, 0.468487
0.126500, 0.468918
0.126600, 0.469334
0.126700, 0.469765
0.126800, 0.470173
0.126900, 0.470596
0.127000, 0.471024
0.127100, 0.471439
0.127200, 0.471863
0.127300, 0.472275
0.127400, 0.472694
0.127500, 0.473103
0.127600, 0.473541
0.127700, 0.473949
0.127800, 0.474373
0.127900, 0.474792
0.128000, 0.475204
0.128100, 0.475624
0.128200, 0.476036
0.128300, 0.476456
0.128400, 0.476871
0.128500, 0.477314
0.128600, 0.477718
0.128700, 0.478130
0.128800, 0.478542
0.128900, 0.478958
0.129000, 0.479385
0.129100, 0.479813
0.129200, 0.480225
0.129300, 0.480640
0.129400, 0.481056
0.129500, 0.481464
0.129600, 0.481880
0.129700, 0.482300
0.129800, 0.482712
0.129900, 0.483112
0.130000, 0.483562
0.130100, 0.483963
0.130200, 0.484367
0.130300, 0.484776
0.130400, 0.485214
0.130500, 0.485622
0.130600, 0.486027
0.130700, 0.486450
0.130800, 0.486862
0.130900, 0.487278
0.131000, 0.487694
0.131100, 0.488094
0.131200, 0.488514
0.131300, 0.488926
0.131400, 0.489326
0.131500, 0.489750
0.131600, 0.490158
0.131700, 0.490566
0.131800, 0.490986
0.131900, 0.491405
0.132000, 0.491810
0.132100, 0.492229
0.132200, 0.492630
0.132300, 0.493053
0.132400, 0.493454
0.132500, 0.493870
0.132600, 0.494301
0.132700, 0.494705
0.132800, 0.495102
0.132900, 0.495529
0.133000, 0.495922
0.133100, 0.496326
0.133200, 0.496742
0.133300, 0.497154
0.133400, 0.497566
0.133500, 0.497982
0.133600, 0.498383
0.133700, 0.498779
0.133800, 0.499207
0.133900, 0.499615
0.134000, 0.500023
0.134100, 0.500431
0.134200, 0.500832
0.134300, 0.501251
0.134400, 0.501644
0.134500, 0.502052
0.134600, 0.502472
0.134700, 0.502880
0.134800, 0.503273
0.134900, 0.503677
0.135000, 0.504108
0.135100, 0.504498
0.135200, 0.504902
0.135300, 0.505322
0.135400, 0.505714
0.135500, 0.506134
0.135600, 0.506531
0.135700, 0.506947
0.135800, 0.507343
0.135900, 0.507748
0.136000, 0.508163
0.136100, 0.508572
0.136200, 0.508965
0.136300, 0.509365
0.136400, 0.509769
0.136500, 0.510181
0.136600, 0.510586
0.136700, 0.510986
0.136800, 0.511395
0.136900, 0.511799
0.137000, 0.512184
0.137100, 0.512608
0.137200, 0.513004
0.137300, 0.513401
0.137400, 0.513809
0.137500, 0.514210
0.137600, 0.514629
0.137700, 0.515034
0.137800, 0.515427
0.137900, 0.515827
0.138000, 0.516224
0.138100, 0.516628
0.138200, 0.517033
0.138300, 0.517422
0.138400, 0.517841
0.138500, 0.518227
0.138600, 0.518631
0.138700, 0.519028
0.138800, 0.519444
0.138900, 0.519829
0.139000, 0.520226
0.139100, 0.520622
0.139200, 0.521034
0.139300, 0.521427
0.139400, 0.521828
0.139500, 0.522224
0.139600, 0.522629
0.139700, 0.523022
0.139800, 0.523426
0.139900, 0.523827
0.140000, 0.524227
0.140100, 0.524624
0.140200, 0.525009
0.140300, 0.525414
0.140400, 0.525826
0.140500, 0.526215
0.140600, 0.526600
0.140700, 0.527004
0.140800, 0.527401
0.140900, 0.527794
0.141000, 0.528191
0.141100, 0.528606
0.141200, 0.528992
0.141300, 0.529385
0.141400, 0.529789
0.141500, 0.530174
0.141600, 0.530571
0.141700, 0.530968
0.141800, 0.531357
0.141900, 0.531746
0.142000, 0.532150
0.142100, 0.532539
0.142200, 0.532932
0.142300, 0.533333
0.142400, 0.533722
0.142500, 0.534115
0.142600, 0.534512
0.142700, 0.534904
0.142800, 0.535301
0.142900, 0.535686
0.143000, 0.536091
0.143100, 0.536472
0.143200, 0.536865
0.143300, 0.537270
0.143400, 0.537643
0.143500, 0.538040
0.143600, 0.538429
0.143700, 0.538815
0.143800, 0.539215
0.143900, 0.539608
0.144000, 0.540009
0.144100, 0.540379
0.144200, 0.540779
0.144300, 0.541164
0.144400, 0.541565
0.144500, 0.541950
0.144600, 0.542351
0.144700, 0.542736
0.144800, 0.543114
0.144900, 0.543510
0.145000, 0.543900
0.145100, 0.544281
0.145200, 0.544689
0.145300, 0.545059
0.145400, 0.545452
0.145500, 0.545845
0.145600, 0.546227
0.145700, 0.546627
0.145800, 0.546993
0.145900, 0.547390
0.146000, 0.547787
0.146100, 0.548157
0.146200, 0.548550
0.146300, 0.548943
0.146400, 0.549324
0.146500, 0.549721
0.146600, 0.550091
0.146700, 0.550476
0.146800, 0.550865
0.146900, 0.551239
0.147000, 0.551636
0.147100, 0.552013
0.147200, 0.552395
0.147300, 0.552780
0.147400, 0.553169
0.147500, 0.553558
0.147600, 0.553955
0.147700, 0.554329
0.147800, 0.554718
0.147900, 0.555088
0.148000, 0.555477
0.148100, 0.555870
0.148200, 0.556236
0.148300, 0.556610
0.148400, 0.557003
0.148500, 0.557396
0.148600, 0.557785
0.148700, 0.558151
0.148800, 0.558544
0.148900, 0.558914
0.149000, 0.559311
0.149100, 0.559685
0.149200, 0.560066
0.149300, 0.560440
0.149400, 0.560814
0.149500, 0.561207
0.149600, 0.561581
0.149700, 0.561962
0.149800, 0.562340
0.149900, 0.562717
0.150000, 0.563095
0.150100, 0.563477
0.150200, 0.563858
0.150300, 0.564240
0.150400, 0.564617
0.150500, 0.564999
0.150600, 0.565372
0.150700, 0.565758
0.150800, 0.566124
0.150900, 0.566502
0.151000, 0.566883
0.151100, 0.567276
0.151200, 0.567635
0.151300, 0.568024
0.151400, 0.568386
0.151500, 0.568764
0.151600, 0.569134
0.151700, 0.569515
0.151800, 0.569889
0.151900, 0.570267
0.152000, 0.570641
0.152100, 0.571022
0.152200, 0.571392
0.152300, 0.571762
0.152400, 0.572144
0.152500, 0.572517
0.152600, 0.572895
0.152700, 0.573265
0.152800, 0.573650
0.152900, 0.574013
0.153000, 0.574406
0.153100, 0.574760
0.153200, 0.575123
0.153300, 0.575512
0.153400, 0.575874
0.153500, 0.576244
0.153600, 0.576618
0.153700, 0.576988
0.153800, 0.577370
0.153900, 0.577732
0.154000, 0.578117
0.154100, 0.578476
0.154200, 0.578854
0.154300, 0.579216
0.154400, 0.579590
0.154500, 0.579975
0.154600, 0.580345
0.154700, 0.580692
0.154800, 0.581059
0.154900, 0.581440
0.155000, 0.581810
0.155100, 0.582188
0.155200, 0.582561
0.155300, 0.582916
0.155400, 0.583290
0.155500, 0.583652
0.155600, 0.584019
0.155700, 0.584400
0.155800, 0.584766
0.155900, 0.585133
0.156000, 0.585487
0.156100, 0.585850
0.156200, 0.586231
0.156300, 0.586597
0.156400, 0.586960
0.156500, 0.587334
0.156600, 0.587688
0.156700, 0.588058
0.156800, 0.588413
0.156900, 0.588779
0.157000, 0.589149
0.157100, 0.589527
0.157200, 0.589878
0.157300, 0.590244
0.157400, 0.590614
0.157500, 0.590977
0.157600, 0.591339
0.157700, 0.591709
0.157800, 0.592068
0.157900, 0.592430
0.158000, 0.592796
0.158100, 0.593163
0.158200, 0.593517
0.158300, 0.593880
0.158400, 0.594261
0.158500, 0.594612
0.158600, 0.594975
0.158700, 0.595329
0.158800, 0.595695
0.158900, 0.596062
0.159000, 0.596432
0.159100, 0.596779
0.159200, 0.597126
0.159300, 0.597496
0.159400, 0.597858
0.159500, 0.598206
0.159600, 0.598587
0.159700, 0.598942
0.159800, 0.599300
0.159900, 0.599663
0.160000, 0.600014
0.160100, 0.600384
0.160200, 0.600731
0.160300, 0.601093
0.160400, 0.601448
0.160500, 0.601810
0.160600, 0.602154
0.160700, 0.602516
0.160800, 0.602890
0.160900, 0.603233
0.161000, 0.603592
0.161100, 0.603970
0.161200, 0.604317
0.161300, 0.604664
0.161400, 0.605019
0.161500, 0.605373
0.161600, 0.605743
0.161700, 0.606091
0.161800, 0.606445
0.161900, 0.606789
0.162000, 0.607159
0.162100, 0.607510
0.162200, 0.607861
0.162300, 0.608215
0.162400, 0.608582
0.162500, 0.608925
0.162600, 0.609276
0.162700, 0.609627
0.162800, 0.609985
0.162900, 0.610348
0.163000, 0.610687
0.163100, 0.611034
0.163200, 0.611389
0.163300, 0.611744
0.163400, 0.612091
0.163500, 0.612457
0.163600, 0.612801
0.163700, 0.613159
0.163800, 0.613510
0.163900, 0.613846
0.164000, 0.614216
0.164100, 0.614563
0.164200, 0.614906
0.164300, 0.615257
0.164400, 0.615612
0.164500, 0.615971
0.164600, 0.616318
0.164700, 0.616661
0.164800, 0.616997
0.164900, 0.617355
0.165000, 0.617710
0.165100, 0.618065
0.165200, 0.618416
0.165300, 0.618748
0.165400, 0.619110
0.165500, 0.619450
0.165600, 0.619793
0.165700, 0.620129
0.165800, 0.620476
0.165900, 0.620827
0.166000, 0.621178
0.166100, 0.621517
0.166200, 0.621872
0.166300, 0.622219
0.166400, 0.622562
0.166500, 0.622898
0.166600, 0.623260
0.166700, 0.623589
0.166800, 0.623940
0.166900, 0.624271
0.167000, 0.624622
0.167100, 0.624977
0.167200, 0.625313
0.167300, 0.625664
0.167400, 0.626019
0.167500, 0.626347
0.167600, 0.626694
0.167700, 0.627048
0.167800, 0.627373
0.167900, 0.627720
0.168000, 0.628063
0.168100, 0.628410
0.168200, 0.628746
0.168300, 0.629086
0.168400, 0.629456
0.168500, 0.629784
0.168600, 0.630116
0.168700, 0.630451
0.168800, 0.630783
0.168900, 0.631142
0.169000, 0.631466
0.169100, 0.631821
0.169200, 0.632153
0.169300, 0.632496
0.169400, 0.632828
0.169500, 0.633171
0.169600, 0.633522
0.169700, 0.633854
0.169800, 0.634201
0.169900, 0.634533
0.170000, 0.634872
0.170100, 0.635204
0.170200, 0.635544
0.170300, 0.635880
0.170400, 0.636215
0.170500, 0.636555
0.170600, 0.636890
0.170700, 0.637222
0.170800, 0.637558
0.170900, 0.637897
0.171000, 0.638229
0.171100, 0.638561
0.171200, 0.638908
0.171300, 0.639244
0.171400, 0.639565
0.171500, 0.639908
0.171600, 0.640240
0.171700, 0.640575
0.171800, 0.640919
0.171900, 0.641235
0.172000, 0.641579
0.172100, 0.641922
0.172200, 0.642242
0.172300, 0.642586
0.172400, 0.642918
0.172500, 0.643238
0.172600, 0.643578
0.172700, 0.643906
0.172800, 0.644249
0.172900, 0.644573
0.173000, 0.644913
0.173100, 0.645241
0.173200, 0.645565
0.173300, 0.645901
0.173400, 0.646225
0.173500, 0.646568
0.173600, 0.646900
0.173700, 0.647217
0.173800, 0.647552
0.173900, 0.647888
0.174000, 0.648209
0.174100, 0.648552
0.174200, 0.648872
0.174300, 0.649208
0.174400, 0.649536
0.174500, 0.649849
0.174600, 0.650188
0.174700, 0.650513
0.174800, 0.650841
0.174900, 0.651173
0.175000, 0.651508
0.175100, 0.651810
0.175200, 0.652145
0.175300, 0.652462
0.175400, 0.652798
0.175500, 0.653130
0.175600, 0.653454
0.175700, 0.653778
0.175800, 0.654099
0.175900, 0.654427
0.176000, 0.654751
0.176100, 0.655079
0.176200, 0.655415
0.176300, 0.655727
0.176400, 0.656055
0.176500, 0.656380
0.176600, 0.656700
0.176700, 0.657017
0.176800, 0.657349
0.176900, 0.657677
0.177000, 0.657990
0.177100, 0.658314
0.177200, 0.658634
0.177300, 0.658970
0.177400, 0.659286
0.177500, 0.659607
0.177600, 0.659931
0.177700, 0.660255
0.177800, 0.660564
0.177900, 0.660896
0.178000, 0.661209
0.178100, 0.661530
0.178200, 0.661850
0.178300, 0.662170
0.178400, 0.662491
0.178500, 0.662804
0.178600, 0.663132
0.178700, 0.663456
0.178800, 0.663780
0.178900, 0.664085
0.179000, 0.664402
0.179100, 0.664715
0.179200, 0.665058
0.179300, 0.665371
0.179400, 0.665676
0.179500, 0.666004
0.179600, 0.666321
0.179700, 0.666634
0.179800, 0.666946
0.179900, 0.667278
0.180000, 0.667576
0.180100, 0.667900
0.180200, 0.668209
0.180300, 0.668541
0.180400, 0.668850
0.180500, 0.669163
0.180600, 0.669479
0.180700, 0.669769
0.180800, 0.670101
0.180900, 0.670422
0.181000, 0.670746
0.181100, 0.671055
0.181200, 0.671360
0.181300, 0.671684
0.181400, 0.671997
0.181500, 0.672314
0.181600, 0.672611
0.181700, 0.672928
0.181800, 0.673241
0.181900, 0.673565
0.182000, 0.673862
0.182100, 0.674179
0.182200, 0.674496
0.182300, 0.674812
0.182400, 0.675117
0.182500, 0.675419
0.182600, 0.675728
0.182700, 0.676044
0.182800, 0.676369
0.182900, 0.676666
0.183000, 0.676987
0.183100, 0.677299
0.183200, 0.677601
0.183300, 0.677902
0.183400, 0.678215
0.183500, 0.678532
0.183600, 0.678833
0.183700, 0.679138
0.183800, 0.679459
0.183900, 0.679768
0.184000, 0.680065
0.184100, 0.680374
0.184200, 0.680672
0.184300, 0.680981
0.184400, 0.681293
0.184500, 0.681591
0.184600, 0.681896
0.184700, 0.682213
0.184800, 0.682529
0.184900, 0.682831
0.185000, 0.683132
0.185100, 0.683430
0.185200, 0.683750
0.185300, 0.684044
0.185400, 0.684361
0.185500, 0.684654
0.185600, 0.684963
0.185700, 0.685272
0.185800, 0.685577
0.185900, 0.685875
0.186000, 0.686180
0.186100, 0.686481
0.186200, 0.686779
0.186300, 0.687096
0.186400, 0.687397
0.186500, 0.687702
0.186600, 0.687996
0.186700, 0.688293
0.186800, 0.688591
0.186900, 0.688900
0.187000, 0.689201
0.187100, 0.689495
0.187200, 0.689808
0.187300, 0.690083
0.187400, 0.690403
0.187500, 0.690701
0.187600, 0.691021
0.187700, 0.691299
0.187800, 0.691605
0.187900, 0.691917
0.188000, 0.692196
0.188100, 0.692497
0.188200, 0.692802
0.188300, 0.693096
0.188400, 0.693401
0.188500, 0.693691
0.188600, 0.694008
0.188700, 0.694290
0.188800, 0.694592
0.188900, 0.694893
0.189000, 0.695183
0.189100, 0.695477
0.189200, 0.695778
0.189300, 0.696083
0.189400, 0.696362
0.189500, 0.696671
0.189600, 0.696968
0.189700, 0.697258
0.189800, 0.697556
0.189900, 0.697845
0.190000, 0.698154
0.190100, 0.698448
0.190200, 0.698738
0.190300, 0.699043
0.190400, 0.699329
0.190500, 0.699619
0.190600, 0.699902
0.190700, 0.700203
0.190800, 0.700485
0.190900, 0.700798
0.191000, 0.701084
0.191100, 0.701366
0.191200, 0.701664
0.191300, 0.701962
0.191400, 0.702263
0.191500, 0.702549
0.191600, 0.702827
0.191700, 0.703117
0.191800, 0.703415
0.191900, 0.703720
0.192000, 0.704010
0.192100, 0.704288
0.192200, 0.704582
0.192300, 0.704865
0.192400, 0.705166
0.192500, 0.705448
0.192600, 0.705719
0.192700, 0.706024
0.192800, 0.706318
0.192900, 0.706600
0.193000, 0.706898
0.193100, 0.707172
0.193200, 0.707466
0.193300, 0.707760
0.193400, 0.708046
0.193500, 0.708328
0.193600, 0.708618
0.193700, 0.708912
0.193800, 0.709190
0.193900, 0.709488
0.194000, 0.709774
0.194100, 0.710060
0.194200, 0.710342
0.194300, 0.710644
0.194400, 0.710926
0.194500, 0.711201
0.194600, 0.711468
0.194700, 0.711765
0.194800, 0.712048
0.194900, 0.712334
0.195000, 0.712624
0.195100, 0.712891
0.195200, 0.713192
0.195300, 0.713459
0.195400, 0.713749
0.195500, 0.714035
0.195600, 0.714325
0.195700, 0.714600
0.195800, 0.714890
0.195900, 0.715179
0.196000, 0.715450
0.196100, 0.715729
0.196200, 0.716015
0.196300, 0.716293
0.196400, 0.716583
0.196500, 0.716866
0.196600, 0.717144
0.196700, 0.717415
0.196800, 0.717701
0.196900, 0.717972
0.197000, 0.718262
0.197100, 0.718544
0.197200, 0.718822
0.197300, 0.719093
0.197400, 0.719379
0.197500, 0.719654
0.197600, 0.719936
0.197700, 0.720211
0.197800, 0.720490
0.197900, 0.720768
0.198000, 0.721050
0.198100, 0.721333
0.198200, 0.721619
0.198300, 0.721874
0.198400, 0.722149
0.198500, 0.722450
0.198600, 0.722710
0.198700, 0.722988
0.198800, 0.723274
0.198900, 0.723553
0.199000, 0.723820
0.199100, 0.724091
0.199200, 0.724377
0.199300, 0.724651
0.199400, 0.724915
0.199500, 0.725185
0.199600, 0.725468
0.199700, 0.725739
0.199800, 0.726017
0.199900, 0.726288
0.200000, 0.726570
0.200100, 0.726833
0.200200, 0.727116
0.200300, 0.727386
0.200400, 0.727654
0.200500, 0.727936
0.200600, 0.728210
0.200700, 0.728470
0.200800, 0.728745
0.200900, 0.729031
0.201000, 0.729286
0.201100, 0.729561
0.201200, 0.729832
0.201300, 0.730103
0.201400, 0.730366
0.201500, 0.730633
0.201600, 0.730919
0.201700, 0.731194
0.201800, 0.731457
0.201900, 0.731728
0.202000, 0.732002
0.202100, 0.732269
0.202200, 0.732529
0.202300, 0.732800
0.202400, 0.733070
0.202500, 0.733334
0.202600, 0.733601
0.202700, 0.733871
0.202800, 0.734138
0.202900, 0.734406
0.203000, 0.734680
0.203100, 0.734947
0.203200, 0.735207
0.203300, 0.735485
0.203400, 0.735748
0.203500, 0.736015
0.203600, 0.736271
0.203700, 0.736546
0.203800, 0.736794
0.203900, 0.737080
0.204000, 0.737350
0.204100, 0.737602
0.204200, 0.737865
0.204300, 0.738132
0.204400, 0.738403
0.204500, 0.738655
0.204600, 0.738930
0.204700, 0.739185
0.204800, 0.739445
0.204900, 0.739735
0.205000, 0.739975
0.205100, 0.740250
0.205200, 0.740505
0.205300, 0.740768
0.205400, 0.741020
0.205500, 0.741291
0.205600, 0.741554
0.205700, 0.741817
0.205800, 0.742081
0.205900, 0.742340
0.206000, 0.742592
0.206100, 0.742863
0.206200, 0.743118
0.206300, 0.743389
0.206400, 0.743633
0.206500, 0.743908
0.206600, 0.744160
0.206700, 0.744419
0.206800, 0.744675
0.206900, 0.744949
0.207000, 0.745209
0.207100, 0.745461
0.207200, 0.745720
0.207300, 0.745979
0.207400, 0.746235
0.207500, 0.746487
0.207600, 0.746738
0.207700, 0.747009
0.207800, 0.747276
0.207900, 0.747524
0.208000, 0.747791
0.208100, 0.748032
0.208200, 0.748283
0.208300, 0.748543
0.208400, 0.748814
0.208500, 0.749058
0.208600, 0.749332
0.208700, 0.749569
0.208800, 0.749840
0.208900, 0.750084
0.209000, 0.750328
0.209100, 0.750587
0.209200, 0.750854
0.209300, 0.751106
0.209400, 0.751369
0.209500, 0.751610
0.209600, 0.751865
0.209700, 0.752121
0.209800, 0.752377
0.209900, 0.752621
0.210000, 0.752872
0.210100, 0.753132
0.210200, 0.753395
0.210300, 0.753632
0.210400, 0.753883
0.210500, 0.754150
0.210600, 0.754383
0.210700, 0.754642
0.210800, 0.754883
0.210900, 0.755142
0.211000, 0.755390
0.211100, 0.755653
0.211200, 0.755882
0.211300, 0.756142
0.211400, 0.756397
0.211500, 0.756638
0.211600, 0.756897
0.211700, 0.757141
0.211800, 0.757389
0.211900, 0.757645
0.212000, 0.757885
0.212100, 0.758137
0.212200, 0.758385
0.212300, 0.758636
0.212400, 0.758892
0.212500, 0.759129
0.212600, 0.759384
0.212700, 0.759624
0.212800, 0.759869
0.212900, 0.760109
0.213000, 0.760365
0.213100, 0.760620
0.213200, 0.760857
0.213300, 0.761108
0.213400, 0.761368
0.213500, 0.761608
0.213600, 0.761829
0.213700, 0.762089
0.213800, 0.762325
0.213900, 0.762589
0.214000, 0.762821
0.214100, 0.763073
0.214200, 0.763321
0.214300, 0.763573
0.214400, 0.763805
0.214500, 0.764042
0.214600, 0.764297
0.214700, 0.764549
0.214800, 0.764774
0.214900, 0.765018
0.215000, 0.765251
0.215100, 0.765507
0.215200, 0.765732
0.215300, 0.765987
0.215400, 0.766232
0.215500, 0.766460
0.215600, 0.766724
0.215700, 0.766953
0.215800, 0.767197
0.215900, 0.767429
0.216000, 0.767677
0.216100, 0.767910
0.216200, 0.768162
0.216300, 0.768410
0.216400, 0.768623
0.216500, 0.768879
0.216600, 0.769115
0.216700, 0.769363
0.216800, 0.769596
0.216900, 0.769829
0.217000, 0.770073
0.217100, 0.770309
0.217200, 0.770554
0.217300, 0.770790
0.217400, 0.771030
0.217500, 0.771278
0.217600, 0.771507
0.217700, 0.771740
0.217800, 0.771976
0.217900, 0.772213
0.218000, 0.772449
0.218100, 0.772697
0.218200, 0.772926
0.218300, 0.773163
0.218400, 0.773376
0.218500, 0.773628
0.218600, 0.773865
0.218700, 0.774101
0.218800, 0.774334
0.218900, 0.774570
0.219000, 0.774807
0.219100, 0.775036
0.219200, 0.775272
0.219300, 0.775509
0.219400, 0.775745
0.219500, 0.775997
0.219600, 0.776218
0.219700, 0.776451
0.219800, 0.776680
0.219900, 0.776909
0.220000, 0.777142
0.220100, 0.777374
0.220200, 0.777611
0.220300, 0.777851
0.220400, 0.778072
0.220500, 0.778313
0.220600, 0.778542
0.220700, 0.778778
0.220800, 0.778992
0.220900, 0.779236
0.221000, 0.779465
0.221100, 0.779694
0.221200, 0.779919
0.221300, 0.780151
0.221400, 0.780392
0.221500, 0.780602
0.221600, 0.780842
0.221700, 0.781078
0.221800, 0.781300
0.221900, 0.781528
0.222000, 0.781754
0.222100, 0.781990
0.222200, 0.782215
0.222300, 0.782455
0.222400, 0.782669
0.222500, 0.782902
0.222600, 0.783119
0.222700, 0.783360
0.222800, 0.783569
0.222900, 0.783810
0.223000, 0.784039
0.223100, 0.784264
0.223200, 0.784492
0.223300, 0.784714
0.223400, 0.784946
0.223500, 0.785179
0.223600, 0.785385
0.223700, 0.785625
0.223800, 0.785851
0.223900, 0.786072
0.224000, 0.786297
0.224100, 0.786526
0.224200, 0.786743
0.224300, 0.786980
0.224400, 0.787186
0.224500, 0.787422
0.224600, 0.787643
0.224700, 0.787846
0.224800, 0.788086
0.224900, 0.788315
0.225000, 0.788521
0.225100, 0.788757
0.225200, 0.788975
0.225300, 0.789207
0.225400, 0.789421
0.225500, 0.789642
0.225600, 0.789867
0.225700, 0.790092
0.225800, 0.790302
0.225900, 0.790543
0.226000, 0.790752
0.226100, 0.790974
0.226200, 0.791191
0.226300, 0.791431
0.226400, 0.791641
0.226500, 0.791847
0.226600, 0.792072
0.226700, 0.792301
0.226800, 0.792511
0.226900, 0.792736
0.227000, 0.792961
0.227100, 0.793186
0.227200, 0.793396
0.227300, 0.793617
0.227400, 0.793839
0.227500, 0.794044
0.227600, 0.794270
0.227700, 0.794483
0.227800, 0.794701
0.227900, 0.794926
0.228000, 0.795143
0.228100, 0.795349
0.228200, 0.795570
0.228300, 0.795807
0.228400, 0.796001
0.228500, 0.796227
0.228600, 0.796432
0.228700, 0.796669
0.228800, 0.796871
0.228900, 0.797089
0.229000, 0.797302
0.229100, 0.797504
0.229200, 0.797726
0.229300, 0.797951
0.229400, 0.798164
0.229500, 0.798374
0.229600, 0.798592
0.229700, 0.798809
0.229800, 0.799015
0.229900, 0.799225
0.230000, 0.799446
0.230100, 0.799648
0.230200, 0.799873
0.230300, 0.800072
0.230400, 0.800293
0.230500, 0.800510
0.230600, 0.800739
0.230700, 0.800945
0.230800, 0.801132
0.230900, 0.801353
0.231000, 0.801575
0.231100, 0.801777
0.231200, 0.801994
0.231300, 0.802200
0.231400, 0.802418
0.231500, 0.802620
0.231600, 0.802853
0.231700, 0.803059
0.231800, 0.803261
0.231900, 0.803467
0.232000, 0.803677
0.232100, 0.803894
0.232200, 0.804096
0.232300, 0.804310
0.232400, 0.804512
0.232500, 0.804726
0.232600, 0.804935
0.232700, 0.805141
0.232800, 0.805351
0.232900, 0.805557
0.233000, 0.805779
0.233100, 0.805984
0.233200, 0.806179
0.233300, 0.806404
0.233400, 0.806599
0.233500, 0.806801
0.233600, 0.807011
0.233700, 0.807213
0.233800, 0.807415
0.233900, 0.807629
0.234000, 0.807831
0.234100, 0.808033
0.234200, 0.808243
0.234300, 0.808453
0.234400, 0.808662
0.234500, 0.808872
0.234600, 0.809071
0.234700, 0.809277
0.234800, 0.809479
0.234900, 0.809685
0.235000, 0.809891
0.235100, 0.810097
0.235200, 0.810303
0.235300, 0.810501
0.235400, 0.810707
0.235500, 0.810905
0.235600, 0.811123
0.235700, 0.811321
0.235800, 0.811516
0.235900, 0.811726
0.236000, 0.811916
0.236100, 0.812115
0.236200, 0.812332
0.236300, 0.812527
0.236400, 0.812737
0.236500, 0.812939
0.236600, 0.813137
0.236700, 0.813324
0.236800, 0.813526
0.236900, 0.813732
0.237000, 0.813938
0.237100, 0.814140
0.237200, 0.814339
0.237300, 0.814526
0.237400, 0.814754
0.237500, 0.814934
0.237600, 0.815140
0.237700, 0.815338
0.237800, 0.815540
0.237900, 0.815731
0.238000, 0.815945
0.238100, 0.816139
0.238200, 0.816338
0.238300, 0.816540
0.238400, 0.816738
0.238500, 0.816936
0.238600, 0.817120
0.238700, 0.817329
0.238800, 0.817528
0.238900, 0.817734
0.239000, 0.817909
0.239100, 0.818108
0.239200, 0.818295
0.239300, 0.818512
0.239400, 0.818699
0.239500, 0.818905
0.239600, 0.819099
0.239700, 0.819283
0.239800, 0.819481
0.239900, 0.819672
0.240000, 0.819881
0.240100, 0.820072
0.240200, 0.820278
0.240300, 0.820465
0.240400, 0.820660
0.240500, 0.820854
0.240600, 0.821072
0.240700, 0.821243
0.240800, 0.821445
0.240900, 0.821629
0.241000, 0.821819
0.241100, 0.822018
0.241200, 0.822212
0.241300, 0.822403
0.241400, 0.822594
0.241500, 0.822781
0.241600, 0.822979
0.241700, 0.823170
0.241800, 0.823360
0.241900, 0.823547
0.242000, 0.823738
0.242100, 0.823944
0.242200, 0.824127
0.242300, 0.824326
0.242400, 0.824512
0.242500, 0.824699
0.242600, 0.824898
0.242700, 0.825089
0.242800, 0.825283
0.242900, 0.825470
0.243000, 0.825661
0.243100, 0.825855
0.243200, 0.826050
0.243300, 0.826221
0.243400, 0.826416
0.243500, 0.826599
0.243600, 0.826790
0.243700, 0.826988
0.243800, 0.827179
0.243900, 0.827370
0.244000, 0.827545
0.244100, 0.827744
0.244200, 0.827927
0.244300, 0.828121
0.244400, 0.828308
0.244500, 0.828476
0.244600, 0.828667
0.244700, 0.828850
0.244800, 0.829044
0.244900, 0.829247
0.245000, 0.829426
0.245100, 0.829605
0.245200, 0.829788
0.245300, 0.829975
0.245400, 0.830166
0.245500, 0.830349
0.245600, 0.830536
0.245700, 0.830734
0.245800, 0.830917
0.245900, 0.831093
0.246000, 0.831272
0.246100, 0.831463
0.246200, 0.831654
0.246300, 0.831833
0.246400, 0.832016
0.246500, 0.832214
0.246600, 0.832390
0.246700, 0.832573
0.246800, 0.832756
0.246900, 0.832939
0.247000, 0.833130
0.247100, 0.833313
0.247200, 0.833496
0.247300, 0.833672
0.247400, 0.833862
0.247500, 0.834038
0.247600, 0.834217
0.247700, 0.834396
0.247800, 0.834583
0.247900, 0.834759
0.248000, 0.834946
0.248100, 0.835133
0.248200, 0.835312
0.248300, 0.835491
0.248400, 0.835670
0.248500, 0.835857
0.248600, 0.836037
0.248700, 0.836205
0.248800, 0.836380
0.248900, 0.836571
0.249000, 0.836750
0.249100, 0.836945
0.249200, 0.837112
0.249300, 0.837288
0.249400, 0.837475
0.249500, 0.837654
0.249600, 0.837826
0.249700, 0.838009
0.249800, 0.838196
0.249900, 0.838367
0.250000, 0.838535
0.250100, 0.838734
0.250200, 0.838879
0.250300, 0.839073
0.250400, 0.839264
0.250500, 0.839428
0.250600, 0.839622
0.250700, 0.839790
0.250800, 0.839973
0.250900, 0.840149
0.251000, 0.840313
0.251100, 0.840492
0.251200, 0.840668
0.251300, 0.840847
0.251400, 0.841022
0.251500, 0.841194
0.251600, 0.841381
0.251700, 0.841549
0.251800, 0.841728
0.251900, 0.841892
0.252000, 0.842083
0.252100, 0.842247
0.252200, 0.842430
0.252300, 0.842602
0.252400, 0.842770
0.252500, 0.842941
0.252600, 0.843128
0.252700, 0.843292
0.252800, 0.843464
0.252900, 0.843662
0.253000, 0.843815
0.253100, 0.843998
0.253200, 0.844158
0.253300, 0.844326
0.253400, 0.844509
0.253500, 0.844685
0.253600, 0.844849
0.253700, 0.845020
0.253800, 0.845184
0.253900, 0.845364
0.254000, 0.845531
0.254100, 0.845711
0.254200, 0.845882
0.254300, 0.846066
0.254400, 0.846241
0.254500, 0.846394
0.254600, 0.846565
0.254700, 0.846748
0.254800, 0.846909
0.254900, 0.847069
0.255000, 0.847260
0.255100, 0.847412
0.255200, 0.847576
0.255300, 0.847752
0.255400, 0.847923
0.255500, 0.848103
0.255600, 0.848263
0.255700, 0.848434
0.255800, 0.848598
0.255900, 0.848766
0.256000, 0.848930
0.256100, 0.849091
0.256200, 0.849281
0.256300, 0.849453
0.256400, 0.849625
0.256500, 0.849792
0.256600, 0.849953
0.256700, 0.850109
0.256800, 0.850288
0.256900, 0.850456
0.257000, 0.850624
0.257100, 0.850784
0.257200, 0.850941
0.257300, 0.851116
0.257400, 0.851288
0.257500, 0.851467
0.257600, 0.851616
0.257700, 0.851776
0.257800, 0.851955
0.257900, 0.852100
0.258000, 0.852268
0.258100, 0.852448
0.258200, 0.852615
0.258300, 0.852772
0.258400, 0.852924
0.258500, 0.853107
0.258600, 0.853271
0.258700, 0.853428
0.258800, 0.853592
0.258900, 0.853767
0.259000, 0.853920
0.259100, 0.854092
0.259200, 0.854263
0.259300, 0.854412
0.259400, 0.854565
0.259500, 0.854752
0.259600, 0.854912
0.259700, 0.855068
0.259800, 0.855228
0.259900, 0.855385
0.260000, 0.855560
0.260100, 0.855728
0.260200, 0.855877
0.260300, 0.856033
0.260400, 0.856194
0.260500, 0.856369
0.260600, 0.856510
0.260700, 0.856697
0.260800, 0.856834
0.260900, 0.857006
0.261000, 0.857170
0.261100, 0.857334
0.261200, 0.857487
0.261300, 0.857643
0.261400, 0.857800
0.261500, 0.857964
0.261600, 0.858124
0.261700, 0.858280
0.261800, 0.858456
0.261900, 0.858601
0.262000, 0.858768
0.262100, 0.858929
0.262200, 0.859081
0.262300, 0.859241
0.262400, 0.859413
0.262500, 0.859570
0.262600, 0.859703
0.262700, 0.859882
0.262800, 0.860043
0.262900, 0.860199
0.263000, 0.860340
0.263100, 0.860512
0.263200, 0.860672
0.263300, 0.860825
0.263400, 0.860973
0.263500, 0.861137
0.263600, 0.861298
0.263700, 0.861450
0.263800, 0.861610
0.263900, 0.861755
0.264000, 0.861916
0.264100, 0.862076
0.264200, 0.862251
0.264300, 0.862400
0.264400, 0.862553
0.264500, 0.862694
0.264600, 0.862854
0.264700, 0.863014
0.264800, 0.863182
0.264900, 0.863319
0.265000, 0.863468
0.265100, 0.863617
0.265200, 0.863785
0.265300, 0.863941
0.265400, 0.864098
0.265500, 0.864246
0.265600, 0.864403
0.265700, 0.864559
0.265800, 0.864716
0.265900, 0.864853
0.266000, 0.865017
0.266100, 0.865173
0.266200, 0.865318
0.266300, 0.865471
0.266400, 0.865635
0.266500, 0.865788
0.266600, 0.865944
0.266700, 0.866096
0.266800, 0.866245
0.266900, 0.866402
0.267000, 0.866550
0.267100, 0.866692
0.267200, 0.866856
0.267300, 0.866997
0.267400, 0.867149
0.267500, 0.867283
0.267600, 0.867451
0.267700, 0.867596
0.267800, 0.867756
0.267900, 0.867908
0.268000, 0.868073
0.268100, 0.868191
0.268200, 0.868355
0.268300, 0.868492
0.268400, 0.868652
0.268500, 0.868801
0.268600, 0.868950
0.268700, 0.869091
0.268800, 0.869247
0.268900, 0.869385
0.269000, 0.869553
0.269100, 0.869694
0.269200, 0.869846
0.269300, 0.869991
0.269400, 0.870140
0.269500, 0.870296
0.269600, 0.870445
0.269700, 0.870583
0.269800, 0.870735
0.269900, 0.870880
0.270000, 0.871033
0.270100, 0.871174
0.270200, 0.871315
0.270300, 0.871483
0.270400, 0.871605
0.270500, 0.871758
0.270600, 0.871895
0.270700, 0.872047
0.270800, 0.872200
0.270900, 0.872337
0.271000, 0.872498
0.271100, 0.872635
0.271200, 0.872776
0.271300, 0.872940
0.271400, 0.873062
0.271500, 0.873219
0.271600, 0.873375
0.271700, 0.873505
0.271800, 0.873646
0.271900, 0.873802
0.272000, 0.873951
0.272100, 0.874096
0.272200, 0.874237
0.272300, 0.874390
0.272400, 0.874527
0.272500, 0.874668
0.272600, 0.874817
0.272700, 0.874954
0.272800, 0.875103
0.272900, 0.875248
0.273000, 0.875381
0.273100, 0.875526
0.273200, 0.875679
0.273300, 0.875805
0.273400, 0.875954
0.273500, 0.876102
0.273600, 0.876244
0.273700, 0.876389
0.273800, 0.876530
0.273900, 0.876667
0.274000, 0.876816
0.274100, 0.876949
0.274200, 0.877094
0.274300, 0.877235
0.274400, 0.877388
0.274500, 0.877525
0.274600, 0.877670
0.274700, 0.877796
0.274800, 0.877937
0.274900, 0.878090
0.275000, 0.878220
0.275100, 0.878365
0.275200, 0.878494
0.275300, 0.878639
0.275400, 0.878780
0.275500, 0.878918
0.275600, 0.879051
0.275700, 0.879200
0.275800, 0.879330
0.275900, 0.879490
0.276000, 0.879616
0.276100, 0.879757
0.276200, 0.879906
0.276300, 0.880032
0.276400, 0.880184
0.276500, 0.880310
0.276600, 0.880451
0.276700, 0.880592
0.276800, 0.880726
0.276900, 0.880875
0.277000, 0.881001
0.277100, 0.881138
0.277200, 0.881275
0.277300, 0.881409
0.277400, 0.881557
0.277500, 0.881695
0.277600, 0.881824
0.277700, 0.881969
0.277800, 0.882114
0.277900, 0.882240
0.278000, 0.882381
0.278100, 0.882500
0.278200, 0.882641
0.278300, 0.882778
0.278400, 0.882927
0.278500, 0.883053
0.278600, 0.883186
0.278700, 0.883335
0.278800, 0.883461
0.278900, 0.883595
0.279000, 0.883747
0.279100, 0.883873
0.279200, 0.884010
0.279300, 0.884140
0.279400, 0.884281
0.279500, 0.884403
0.279600, 0.884548
0.279700, 0.884674
0.279800, 0.884808
0.279900, 0.884956
0.280000, 0.885075
0.280100, 0.885216
0.280200, 0.885342
0.280300, 0.885483
0.280400, 0.885612
0.280500, 0.885742
0.280600, 0.885883
0.280700, 0.885998
0.280800, 0.886135
0.280900, 0.886280
0.281000, 0.886410
0.281100, 0.886524
0.281200, 0.886677
0.281300, 0.886806
0.281400, 0.886940
0.281500, 0.887077
0.281600, 0.887199
0.281700, 0.887337
0.281800, 0.887455
0.281900, 0.887596
0.282000, 0.887730
0.282100, 0.887856
0.282200, 0.887989
0.282300, 0.888111
0.282400, 0.888260
0.282500, 0.888378
0.282600, 0.888504
0.282700, 0.888630
0.282800, 0.888775
0.282900, 0.888901
0.283000, 0.889011
0.283100, 0.889156
0.283200, 0.889297
0.283300, 0.889408
0.283400, 0.889557
0.283500, 0.889664
0.283600, 0.889809
0.283700, 0.889938
0.283800, 0.890064
0.283900, 0.890190
0.284000, 0.890327
0.284100, 0.890465
0.284200, 0.890583
0.284300, 0.890709
0.284400, 0.890831
0.284500, 0.890961
0.284600, 0.891098
0.284700, 0.891209
0.284800, 0.891354
0.284900, 0.891472
0.285000, 0.891602
0.285100, 0.891735
0.285200, 0.891861
0.285300, 0.891983
0.285400, 0.892117
0.285500, 0.892227
0.285600, 0.892365
0.285700, 0.892483
0.285800, 0.892620
0.285900, 0.892735
0.286000, 0.892864
0.286100, 0.892982
0.286200, 0.893124
0.286300, 0.893246
0.286400, 0.893383
0.286500, 0.893494
0.286600, 0.893627
0.286700, 0.893753
0.286800, 0.893867
0.286900, 0.893997
0.287000, 0.894127
0.287100, 0.894249
0.287200, 0.894382
0.287300, 0.894501
0.287400, 0.894627
0.287500, 0.894737
0.287600, 0.894871
0.287700, 0.894985
0.287800, 0.895142
0.287900, 0.895245
0.288000, 0.895367
0.288100, 0.895481
0.288200, 0.895611
0.288300, 0.895737
0.288400, 0.895870
0.288500, 0.895988
0.288600, 0.896114
0.288700, 0.896225
0.288800, 0.896362
0.288900, 0.896484
0.289000, 0.896587
0.289100, 0.896721
0.289200, 0.896843
0.289300, 0.896969
0.289400, 0.897091
0.289500, 0.897202
0.289600, 0.897327
0.289700, 0.897457
0.289800, 0.897579
0.289900, 0.897697
0.290000, 0.897823
0.290100, 0.897942
0.290200, 0.898056
0.290300, 0.898174
0.290400, 0.898315
0.290500, 0.898418
0.290600, 0.898548
0.290700, 0.898663
0.290800, 0.898788
0.290900, 0.898899
0.291000, 0.899021
0.291100, 0.899155
0.291200, 0.899254
0.291300, 0.899384
0.291400, 0.899502
0.291500, 0.899628
0.291600, 0.899742
0.291700, 0.899857
0.291800, 0.899975
0.291900, 0.900105
0.292000, 0.900211
0.292100, 0.900322
0.292200, 0.900444
0.292300, 0.900581
0.292400, 0.900692
0.292500, 0.900814
0.292600, 0.900936
0.292700, 0.901035
0.292800, 0.901176
0.292900, 0.901272
0.293000, 0.901394
0.293100, 0.901516
0.293200, 0.901634
0.293300, 0.901752
0.293400, 0.901871
0.293500, 0.902000
0.293600, 0.902096
0.293700, 0.902229
0.293800, 0.902340
0.293900, 0.902458
0.294000, 0.902565
0.294100, 0.902691
0.294200, 0.902802
0.294300, 0.902924
0.294400, 0.903027
0.294500, 0.903149
0.294600, 0.903275
0.294700, 0.903381
0.294800, 0.903484
0.294900, 0.903614
0.295000, 0.903725
0.295100, 0.903831
0.295200, 0.903957
0.295300, 0.904064
0.295400, 0.904202
0.295500, 0.904289
0.295600, 0.904415
0.295700, 0.904530
0.295800, 0.904648
0.295900, 0.904770
0.296000, 0.904861
0.296100, 0.904984
0.296200, 0.905117
0.296300, 0.905224
0.296400, 0.905334
0.296500, 0.905445
0.296600, 0.905552
0.296700, 0.905666
0.296800, 0.905781
0.296900, 0.905895
0.297000, 0.906010
0.297100, 0.906136
0.297200, 0.906239
0.297300, 0.906353
0.297400, 0.906471
0.297500, 0.906574
0.297600, 0.906700
0.297700, 0.906815
0.297800, 0.906914
0.297900, 0.907024
0.298000, 0.907146
0.298100, 0.907249
0.298200, 0.907356
0.298300, 0.907482
0.298400, 0.907585
0.298500, 0.907692
0.298600, 0.907810
0.298700, 0.907925
0.298800, 0.908028
0.298900, 0.908146
0.299000, 0.908253
0.299100, 0.908371
0.299200, 0.908470
0.299300, 0.908592
0.299400, 0.908691
0.299500, 0.908802
0.299600, 0.908913
0.299700, 0.909027
0.299800, 0.909130
0.299900, 0.909256
0.300000, 0.909359
0.300100, 0.909470
0.300200, 0.909576
0.300300, 0.909687
0.300400, 0.909798
0.300500, 0.909908
0.300600, 0.910015
0.300700, 0.910107
0.300800, 0.910229
0.300900, 0.910351
0.301000, 0.910439
0.301100, 0.910557
0.301200, 0.910667
0.301300, 0.910774
0.301400, 0.910873
0.301500, 0.910980
0.301600, 0.911102
0.301700, 0.911198
0.301800, 0.911312
0.301900, 0.911427
0.302000, 0.911545
0.302100, 0.911625
0.302200, 0.911755
0.302300, 0.911858
0.302400, 0.911964
0.302500, 0.912064
0.302600, 0.912167
0.302700, 0.912270
0.302800, 0.912380
0.302900, 0.912495
0.303000, 0.912598
0.303100, 0.912701
0.303200, 0.912823
0.303300, 0.912899
0.303400, 0.913033
0.303500, 0.913120
0.303600, 0.913231
0.303700, 0.913342
0.303800, 0.913452
0.303900, 0.913559
0.304000, 0.913662
0.304100, 0.913765
0.304200, 0.913872
0.304300, 0.913963
0.304400, 0.914070
0.304500, 0.914177
0.304600, 0.914280
0.304700, 0.914398
0.304800, 0.914505
0.304900, 0.914597
0.305000, 0.914703
0.305100, 0.914814
0.305200, 0.914917
0.305300, 0.915024
0.305400, 0.915123
0.305500, 0.915226
0.305600, 0.915337
0.305700, 0.915443
0.305800, 0.915539
0.305900, 0.915638
0.306000, 0.915749
0.306100, 0.915844
0.306200, 0.915955
0.306300, 0.916058
0.306400, 0.916157
0.306500, 0.916264
0.306600, 0.916351
0.306700, 0.916458
0.306800, 0.916576
0.306900, 0.916676
0.307000, 0.916779
0.307100, 0.916874
0.307200, 0.916981
0.307300, 0.917072
0.307400, 0.917194
0.307500, 0.917278
0.307600, 0.917397
0.307700, 0.917492
0.307800, 0.917583
0.307900, 0.917694
0.308000, 0.917801
0.308100, 0.917892
0.308200, 0.917984
0.308300, 0.918106
0.308400, 0.918205
0.308500, 0.918289
0.308600, 0.918404
0.308700, 0.918488
0.308800, 0.918602
0.308900, 0.918694
0.309000, 0.918804
0.309100, 0.918907
0.309200, 0.919010
0.309300, 0.919109
0.309400, 0.919209
0.309500, 0.919281
0.309600, 0.919392
0.309700, 0.919495
0.309800, 0.919605
0.309900, 0.919704
0.310000, 0.919800
0.310100, 0.919903
0.310200, 0.920010
0.310300, 0.920105
0.310400, 0.920193
0.310500, 0.920292
0.310600, 0.920391
0.310700, 0.920486
0.310800, 0.920593
0.310900, 0.920692
0.311000, 0.920773
0.311100, 0.920879
0.311200, 0.920986
0.311300, 0.921085
0.311400, 0.921181
0.311500, 0.921288
0.311600, 0.921383
0.311700, 0.921463
0.311800, 0.921581
0.311900, 0.921673
0.312000, 0.921768
0.312100, 0.921864
0.312200, 0.921967
0.312300, 0.922047
0.312400, 0.922150
0.312500, 0.922241
0.312600, 0.922356
0.312700, 0.922443
0.312800, 0.922543
0.312900, 0.922649
0.313000, 0.922741
0.313100, 0.922825
0.313200, 0.922924
0.313300, 0.923008
0.313400, 0.923130
0.313500, 0.923214
0.313600, 0.923309
0.313700, 0.923405
0.313800, 0.923508
0.313900, 0.923595
0.314000, 0.923683
0.314100, 0.923786
0.314200, 0.923878
0.314300, 0.923988
0.314400, 0.924072
0.314500, 0.924171
0.314600, 0.924263
0.314700, 0.924351
0.314800, 0.924450
0.314900, 0.924541
0.315000, 0.924629
0.315100, 0.924744
0.315200, 0.924835
0.315300, 0.924919
0.315400, 0.925018
0.315500, 0.925110
0.315600, 0.925194
0.315700, 0.925301
0.315800, 0.925400
0.315900, 0.925484
0.316000, 0.925571
0.316100, 0.925674
0.316200, 0.925770
0.316300, 0.925850
0.316400, 0.925957
0.316500, 0.926048
0.316600, 0.926140
0.316700, 0.926235
0.316800, 0.926331
0.316900, 0.926418
0.317000, 0.926514
0.317100, 0.926598
0.317200, 0.926701
0.317300, 0.926785
0.317400, 0.926876
0.317500, 0.926971
0.317600, 0.927071
0.317700, 0.927155
0.317800, 0.927246
0.317900, 0.927345
0.318000, 0.927433
0.318100, 0.927521
0.318200, 0.927612
0.318300, 0.927711
0.318400, 0.927795
0.318500, 0.927898
0.318600, 0.927990
0.318700, 0.928070
0.318800, 0.928162
0.318900, 0.928265
0.319000, 0.928345
0.319100, 0.928440
0.319200, 0.928528
0.319300, 0.928619
0.319400, 0.928703
0.319500, 0.928787
0.319600, 0.928883
0.319700, 0.928978
0.319800, 0.929073
0.319900, 0.929138
0.320000, 0.929245
0.320100, 0.929333
0.320200, 0.929424
0.320300, 0.929520
0.320400, 0.929592
0.320500, 0.929695
0.320600, 0.929779
0.320700, 0.929871
0.320800, 0.929962
0.320900, 0.930046
0.321000, 0.930134
0.321100, 0.930225
0.321200, 0.930305
0.321300, 0.930401
0.321400, 0.930504
0.321500, 0.930576
0.321600, 0.930672
0.321700, 0.930759
0.321800, 0.930847
0.321900, 0.930943
0.322000, 0.931026
0.322100, 0.931114
0.322200, 0.931202
0.322300, 0.931290
0.322400, 0.931377
0.322500, 0.931465
0.322600, 0.931541
0.322700, 0.931633
0.322800, 0.931725
0.322900, 0.931816
0.323000, 0.931915
0.323100, 0.931976
0.323200, 0.932083
0.323300, 0.932152
0.323400, 0.932243
0.323500, 0.932339
0.323600, 0.932426
0.323700, 0.932518
0.323800, 0.932594
0.323900, 0.932671
0.324000, 0.932770
0.324100, 0.932861
0.324200, 0.932922
0.324300, 0.933022
0.324400, 0.933117
0.324500, 0.933201
0.324600, 0.933281
0.324700, 0.933380
0.324800, 0.933460
0.324900, 0.933540
0.325000, 0.933624
0.325100, 0.933716
0.325200, 0.933796
0.325300, 0.933876
0.325400, 0.933964
0.325500, 0.934055
0.325600, 0.934135
0.325700, 0.934227
0.325800, 0.934303
0.325900, 0.934399
0.326000, 0.934471
0.326100, 0.934563
0.326200, 0.934639
0.326300, 0.934738
0.326400, 0.934811
0.326500, 0.934898
0.326600, 0.934975
0.326700, 0.935078
0.326800, 0.935146
0.326900, 0.935226
0.327000, 0.935318
0.327100, 0.935406
0.327200, 0.935486
0.327300, 0.935562
0.327400, 0.935646
0.327500, 0.935726
0.327600, 0.935822
0.327700, 0.935898
0.327800, 0.935974
0.327900, 0.936066
0.328000, 0.936157
0.328100, 0.936245
0.328200, 0.936317
0.328300, 0.936398
0.328400, 0.936481
0.328500, 0.936565
0.328600, 0.936646
0.328700, 0.936722
0.328800, 0.936806
0.328900, 0.936890
0.329000, 0.936970
0.329100, 0.937050
0.329200, 0.937141
0.329300, 0.937214
0.329400, 0.937305
0.329500, 0.937374
0.329600, 0.937458
0.329700, 0.937546
0.329800, 0.937622
0.329900, 0.937702
0.330000, 0.937790
0.330100, 0.937859
0.330200, 0.937946
0.330300, 0.938023
0.330400, 0.938118
0.330500, 0.938187
0.330600, 0.938274
0.330700, 0.938358
0.330800, 0.938435
0.330900, 0.938515
0.331000, 0.938591
0.331100, 0.938667
0.331200, 0.938747
0.331300, 0.938835
0.331400, 0.938915
0.331500, 0.939003
0.331600, 0.939072
0.331700, 0.939163
0.331800, 0.939243
0.331900, 0.939323
0.332000, 0.939400
0.332100, 0.939476
0.332200, 0.939548
0.332300, 0.939636
0.332400, 0.939701
0.332500, 0.939804
0.332600, 0.939850
0.332700, 0.939945
0.332800, 0.940033
0.332900, 0.940109
0.333000, 0.940189
0.333100, 0.940269
0.333200, 0.940346
0.333300, 0.940418
0.333400, 0.940495
0.333500, 0.940598
0.333600, 0.940647
0.333700, 0.940735
0.333800, 0.940815
0.333900, 0.940895
0.334000, 0.940960
0.334100, 0.941036
0.334200, 0.941113
0.334300, 0.941189
0.334400, 0.941280
0.334500, 0.941360
0.334600, 0.941422
0.334700, 0.941517
0.334800, 0.941593
0.334900, 0.941666
0.335000, 0.941738
0.335100, 0.941814
0.335200, 0.941906
0.335300, 0.941986
0.335400, 0.942047
0.335500, 0.942142
0.335600, 0.942211
0.335700, 0.942276
0.335800, 0.942356
0.335900, 0.942432
0.336000, 0.942520
0.336100, 0.942585
0.336200, 0.942669
0.336300, 0.942734
0.336400, 0.942810
0.336500, 0.942883
0.336600, 0.942959
0.336700, 0.943043
0.336800, 0.943119
0.336900, 0.943188
0.337000, 0.943268
0.337100, 0.943336
0.337200, 0.943432
0.337300, 0.943504
0.337400, 0.943558
0.337500, 0.943638
0.337600, 0.943729
0.337700, 0.943802
0.337800, 0.943874
0.337900, 0.943954
0.338000, 0.944019
0.338100, 0.944107
0.338200, 0.944157
0.338300, 0.944237
0.338400, 0.944328
0.338500, 0.944389
0.338600, 0.944477
0.338700, 0.944546
0.338800, 0.944618
0.338900, 0.944687
0.339000, 0.944759
0.339100, 0.944832
0.339200, 0.944920
0.339300, 0.944996
0.339400, 0.945065
0.339500, 0.945118
0.339600, 0.945213
0.339700, 0.945278
0.339800, 0.945358
0.339900, 0.945427
0.340000, 0.945503
0.340100, 0.945568
0.340200, 0.945641
0.340300, 0.945721
0.340400, 0.945786
0.340500, 0.945866
0.340600, 0.945934
0.340700, 0.946011
0.340800, 0.946095
0.340900, 0.946163
0.341000, 0.946232
0.341100, 0.946297
0.341200, 0.946381
0.341300, 0.946449
0.341400, 0.946507
0.341500, 0.946606
0.341600, 0.946667
0.341700, 0.946739
0.341800, 0.946808
0.341900, 0.946873
0.342000, 0.946953
0.342100, 0.947014
0.342200, 0.947090
0.342300, 0.947166
0.342400, 0.947231
0.342500, 0.947304
0.342600, 0.947376
0.342700, 0.947449
0.342800, 0.947514
0.342900, 0.947582
0.343000, 0.947666
0.343100, 0.947731
0.343200, 0.947807
0.343300, 0.947880
0.343400, 0.947945
0.343500, 0.948017
0.343600, 0.948090
0.343700, 0.948158
0.343800, 0.948223
0.343900, 0.948303
0.344000, 0.948364
0.344100, 0.948441
0.344200, 0.948505
0.344300, 0.948574
0.344400, 0.948650
0.344500, 0.948715
0.344600, 0.948780
0.344700, 0.948853
0.344800, 0.948929
0.344900, 0.948997
0.345000, 0.949078
0.345100, 0.949131
0.345200, 0.949207
0.345300, 0.949280
0.345400, 0.949337
0.345500, 0.949425
0.345600, 0.949482
0.345700, 0.949554
0.345800, 0.949619
0.345900, 0.949688
0.346000, 0.949772
0.346100, 0.949821
0.346200, 0.949894
0.346300, 0.949982
0.346400, 0.950039
0.346500, 0.950104
0.346600, 0.950184
0.346700, 0.950249
0.346800, 0.950314
0.346900, 0.950367
0.347000, 0.950436
0.347100, 0.950512
0.347200, 0.950584
0.347300, 0.950657
0.347400, 0.950718
0.347500, 0.950790
0.347600, 0.950840
0.347700, 0.950920
0.347800, 0.950993
0.347900, 0.951057
0.348000, 0.951111
0.348100, 0.951202
0.348200, 0.951248
0.348300, 0.951332
0.348400, 0.951401
0.348500, 0.951458
0.348600, 0.951538
0.348700, 0.951591
0.348800, 0.951664
0.348900, 0.951721
0.349000, 0.951790
0.349100, 0.951870
0.349200, 0.951920
0.349300, 0.952000
0.349400, 0.952057
0.349500, 0.952122
0.349600, 0.952187
0.349700, 0.952259
0.349800, 0.952328
0.349900, 0.952393
0.350000, 0.952465
0.350100, 0.952515
0.350200, 0.952583
0.350300, 0.952660
0.350400, 0.952724
0.350500, 0.952797
0.350600, 0.952847
0.350700, 0.952923
0.350800, 0.952984
0.350900, 0.953053
0.351000, 0.953129
0.351100, 0.953190
0.351200, 0.953247
0.351300, 0.953308
0.351400, 0.953381
0.351500, 0.953445
0.351600, 0.953503
0.351700, 0.953575
0.351800, 0.953655
0.351900, 0.953697
0.352000, 0.953777
0.352100, 0.953838
0.352200, 0.953907
0.352300, 0.953972
0.352400, 0.954021
0.352500, 0.954079
0.352600, 0.954166
0.352700, 0.954220
0.352800, 0.954277
0.352900, 0.954346
0.353000, 0.954414
0.353100, 0.954472
0.353200, 0.954529
0.353300, 0.954601
0.353400, 0.954678
0.353500, 0.954727
0.353600, 0.954796
0.353700, 0.954853
0.353800, 0.954918
0.353900, 0.954983
0.354000, 0.955040
0.354100, 0.955105
0.354200, 0.955173
0.354300, 0.955254
0.354400, 0.955292
0.354500, 0.955364
0.354600, 0.955418
0.354700, 0.955475
0.354800, 0.955555
0.354900, 0.955620
0.355000, 0.955685
0.355100, 0.955742
0.355200, 0.955803
0.355300, 0.955853
0.355400, 0.955921
0.355500, 0.955982
0.355600, 0.956047
0.355700, 0.956112
0.355800, 0.956173
0.355900, 0.956230
0.356000, 0.956306
0.356100, 0.956367
0.356200, 0.956421
0.356300, 0.956493
0.356400, 0.956554
0.356500, 0.956608
0.356600, 0.956665
0.356700, 0.956730
0.356800, 0.956795
0.356900, 0.956856
0.357000, 0.956921
0.357100, 0.956978
0.357200, 0.957031
0.357300, 0.957104
0.357400, 0.957157
0.357500, 0.957222
0.357600, 0.957275
0.357700, 0.957344
0.357800, 0.957397
0.357900, 0.957458
0.358000, 0.957527
0.358100, 0.957588
0.358200, 0.957657
0.358300, 0.957714
0.358400, 0.957760
0.358500, 0.957821
0.358600, 0.957897
0.358700, 0.957939
0.358800, 0.958012
0.358900, 0.958073
0.359000, 0.958130
0.359100, 0.958187
0.359200, 0.958244
0.359300, 0.958302
0.359400, 0.958363
0.359500, 0.958439
0.359600, 0.958500
0.359700, 0.958549
0.359800, 0.958611
0.359900, 0.958664
0.360000, 0.958725
0.360100, 0.958778
0.360200, 0.958839
0.360300, 0.958900
0.360400, 0.958969
0.360500, 0.959023
0.360600, 0.959080
0.360700, 0.959148
0.360800, 0.959206
0.360900, 0.959259
0.361000, 0.959328
0.361100, 0.959389
0.361200, 0.959438
0.361300, 0.959496
0.361400, 0.959553
0.361500, 0.959606
0.361600, 0.959679
0.361700, 0.959732
0.361800, 0.959782
0.361900, 0.959854
0.362000, 0.959904
0.362100, 0.959957
0.362200, 0.960026
0.362300, 0.960072
0.362400, 0.960136
0.362500, 0.960205
0.362600, 0.960243
0.362700, 0.960308
0.362800, 0.960365
0.362900, 0.960423
0.363000, 0.960476
0.363100, 0.960533
0.363200, 0.960598
0.363300, 0.960655
0.363400, 0.960712
0.363500, 0.960777
0.363600, 0.960827
0.363700, 0.960896
0.363800, 0.960938
0.363900, 0.960999
0.364000, 0.961056
0.364100, 0.961109
0.364200, 0.961174
0.364300, 0.961224
0.364400, 0.961292
0.364500, 0.961342
0.364600, 0.961391
0.364700, 0.961452
0.364800, 0.961510
0.364900, 0.961567
0.365000, 0.961620
0.365100, 0.961693
0.365200, 0.961727
0.365300, 0.961781
0.365400, 0.961842
0.365500, 0.961899
0.365600, 0.961964
0.365700, 0.962006
0.365800, 0.962074
0.365900, 0.962120
0.366000, 0.962189
0.366100, 0.962238
0.366200, 0.962296
0.366300, 0.962349
0.366400, 0.962391
0.366500, 0.962460
0.366600, 0.962517
0.366700, 0.962566
0.366800, 0.962624
0.366900, 0.962685
0.367000, 0.962727
0.367100, 0.962795
0.367200, 0.962845
0.367300, 0.962902
0.367400, 0.962963
0.367500, 0.963005
0.367600, 0.963070
0.367700, 0.963120
0.367800, 0.963169
0.367900, 0.963238
0.368000, 0.963284
0.368100, 0.963337
0.368200, 0.963394
0.368300, 0.963455
0.368400, 0.963501
0.368500, 0.963539
0.368600, 0.963612
0.368700, 0.963680
0.368800, 0.963711
0.368900, 0.963776
0.369000, 0.963818
0.369100, 0.963871
0.369200, 0.963936
0.369300, 0.963985
0.369400, 0.964039
0.369500, 0.964100
0.369600, 0.964161
0.369700, 0.964195
0.369800, 0.964256
0.369900, 0.964314
0.370000, 0.964359
0.370100, 0.964424
0.370200, 0.964474
0.370300, 0.964520
0.370400, 0.964573
0.370500, 0.964630
0.370600, 0.964687
0.370700, 0.964745
0.370800, 0.964775
0.370900, 0.964844
0.371000, 0.964886
0.371100, 0.964951
0.371200, 0.964993
0.371300, 0.965046
0.371400, 0.965103
0.371500, 0.965153
0.371600, 0.965206
0.371700, 0.965263
0.371800, 0.965305
0.371900, 0.965355
0.372000, 0.965427
0.372100, 0.965473
0.372200, 0.965527
0.372300, 0.965576
0.372400, 0.965626
0.372500, 0.965679
0.372600, 0.965717
0.372700, 0.965786
0.372800, 0.965836
0.372900, 0.965866
0.373000, 0.965927
0.373100, 0.965996
0.373200, 0.966038
0.373300, 0.966087
0.373400, 0.966152
0.373500, 0.966194
0.373600, 0.966236
0.373700, 0.966286
0.373800, 0.966343
0.373900, 0.966404
0.374000, 0.966457
0.374100, 0.966499
0.374200, 0.966549
0.374300, 0.966606
0.374400, 0.966660
0.374500, 0.966698
0.374600, 0.966736
0.374700, 0.966808
0.374800, 0.966850
0.374900, 0.966904
0.375000, 0.966972
0.375100, 0.967007
0.375200, 0.967052
0.375300, 0.967121
0.375400, 0.967167
0.375500, 0.967209
0.375600, 0.967262
0.375700, 0.967312
0.375800, 0.967350
0.375900, 0.967407
0.376000, 0.967449
0.376100, 0.967491
0.376200, 0.967560
0.376300, 0.967606
0.376400, 0.967663
0.376500, 0.967693
0.376600, 0.967758
0.376700, 0.967804
0.376800, 0.967846
0.376900, 0.967899
0.377000, 0.967957
0.377100, 0.968002
0.377200, 0.968052
0.377300, 0.968098
0.377400, 0.968155
0.377500, 0.968197
0.377600, 0.968239
0.377700, 0.968288
0.377800, 0.968342
0.377900, 0.968407
0.378000, 0.968452
0.378100, 0.968491
0.378200, 0.968544
0.378300, 0.968582
0.378400, 0.968636
0.378500, 0.968689
0.378600, 0.968750
0.378700, 0.968784
0.378800, 0.968838
0.378900, 0.968880
0.379000, 0.968922
0.379100, 0.968971
0.379200, 0.969025
0.379300, 0.969067
0.379400, 0.969124
0.379500, 0.969166
0.379600, 0.969212
0.379700, 0.969261
0.379800, 0.969311
0.379900, 0.969349
0.380000, 0.969406
0.380100, 0.969452
0.380200, 0.969505
0.380300, 0.969540
0.380400, 0.969597
0.380500, 0.969639
0.380600, 0.969696
0.380700, 0.969738
0.380800, 0.969791
0.380900, 0.969833
0.381000, 0.969875
0.381100, 0.969929
0.381200, 0.969982
0.381300, 0.970016
0.381400, 0.970081
0.381500, 0.970112
0.381600, 0.970165
0.381700, 0.970203
0.381800, 0.970253
0.381900, 0.970310
0.382000, 0.970352
0.382100, 0.970394
0.382200, 0.970444
0.382300, 0.970490
0.382400, 0.970528
0.382500, 0.970577
0.382600, 0.970631
0.382700, 0.970661
0.382800, 0.970718
0.382900, 0.970776
0.383000, 0.970810
0.383100, 0.970863
0.383200, 0.970909
0.383300, 0.970959
0.383400, 0.971001
0.383500, 0.971039
0.383600, 0.971085
0.383700, 0.971149
0.383800, 0.971176
0.383900, 0.971230
0.384000, 0.971279
0.384100, 0.971317
0.384200, 0.971371
0.384300, 0.971413
0.384400, 0.971462
0.384500, 0.971500
0.384600, 0.971542
0.384700, 0.971592
0.384800, 0.971642
0.384900, 0.971687
0.385000, 0.971725
0.385100, 0.971779
0.385200, 0.971813
0.385300, 0.971855
0.385400, 0.971916
0.385500, 0.971935
0.385600, 0.971985
0.385700, 0.972050
0.385800, 0.972069
0.385900, 0.972130
0.386000, 0.972168
0.386100, 0.972218
0.386200, 0.972260
0.386300, 0.972290
0.386400, 0.972347
0.386500, 0.972404
0.386600, 0.972435
0.386700, 0.972485
0.386800, 0.972515
0.386900, 0.972580
0.387000, 0.972618
0.387100, 0.972660
0.387200, 0.972710
0.387300, 0.972748
0.387400, 0.972786
0.387500, 0.972836
0.387600, 0.972878
0.387700, 0.972916
0.387800, 0.972973
0.387900, 0.973007
0.388000, 0.973045
0.388100, 0.973099
0.388200, 0.973129
0.388300, 0.973198
0.388400, 0.973232
0.388500, 0.973267
0.388600, 0.973312
0.388700, 0.973358
0.388800, 0.973396
0.388900, 0.973446
0.389000, 0.973484
0.389100, 0.973526
0.389200, 0.973579
0.389300, 0.973629
0.389400, 0.973656
0.389500, 0.973717
0.389600, 0.973751
0.389700, 0.973778
0.389800, 0.973831
0.389900, 0.973869
0.390000, 0.973915
0.390100, 0.973949
0.390200, 0.973999
0.390300, 0.974045
0.390400, 0.974087
0.390500, 0.974117
0.390600, 0.974167
0.390700, 0.974220
0.390800, 0.974266
0.390900, 0.974289
0.391000, 0.974323
0.391100, 0.974380
0.391200, 0.974422
0.391300, 0.974457
0.391400, 0.974499
0.391500, 0.974541
0.391600, 0.974594
0.391700, 0.974628
0.391800, 0.974667
0.391900, 0.974709
0.392000, 0.974747
0.392100, 0.974796
0.392200, 0.974838
0.392300, 0.974873
0.392400, 0.974911
0.392500, 0.974953
0.392600, 0.975006
0.392700, 0.975044
0.392800, 0.975079
0.392900, 0.975121
0.393000, 0.975166
0.393100, 0.975208
0.393200, 0.975246
0.393300, 0.975277
0.393400, 0.975338
0.393500, 0.975357
0.393600, 0.975414
0.393700, 0.975464
0.393800, 0.975479
0.393900, 0.975540
0.394000, 0.975574
0.394100, 0.975613
0.394200, 0.975658
0.394300, 0.975697
0.394400, 0.975731
0.394500, 0.975769
0.394600, 0.975807
0.394700, 0.975857
0.394800, 0.975895
0.394900, 0.975933
0.395000, 0.975964
0.395100, 0.976025
0.395200, 0.976055
0.395300, 0.976089
0.395400, 0.976143
0.395500, 0.976185
0.395600, 0.976212
0.395700, 0.976250
0.395800, 0.976284
0.395900, 0.976341
0.396000, 0.976372
0.396100, 0.976418
0.396200, 0.976452
0.396300, 0.976498
0.396400, 0.976524
0.396500, 0.976574
0.396600, 0.976612
0.396700, 0.976650
0.396800, 0.976673
0.396900, 0.976719
0.397000, 0.976757
0.397100, 0.976807
0.397200, 0.976833
0.397300, 0.976887
0.397400, 0.976917
0.397500, 0.976948
0.397600, 0.977001
0.397700, 0.977039
0.397800, 0.977074
0.397900, 0.977127
0.398000, 0.977150
0.398100, 0.977184
0.398200, 0.977215
0.398300, 0.977272
0.398400, 0.977299
0.398500, 0.977345
0.398600, 0.977379
0.398700, 0.977421
0.398800, 0.977463
0.398900, 0.977493
0.399000, 0.977528
0.399100, 0.977577
0.399200, 0.977608
0.399300, 0.977638
0.399400, 0.977688
0.399500, 0.977722
0.399600, 0.977764
0.399700, 0.977798
0.399800, 0.977825
0.399900, 0.977867
0.400000, 0.977917
0.400100, 0.977959
0.400200, 0.977989
0.400300, 0.978035
0.400400, 0.978058
0.400500, 0.978100
0.400600, 0.978134
0.400700, 0.978165
0.400800, 0.978210
0.400900, 0.978245
0.401000, 0.978283
0.401100, 0.978317
0.401200, 0.978359
0.401300, 0.978405
0.401400, 0.978432
0.401500, 0.978477
0.401600, 0.978523
0.401700, 0.978539
0.401800, 0.978577
0.401900, 0.978607
0.402000, 0.978653
0.402100, 0.978695
0.402200, 0.978722
0.402300, 0.978760
0.402400, 0.978794
0.402500, 0.978840
0.402600, 0.978874
0.402700, 0.978905
0.402800, 0.978947
0.402900, 0.978992
0.403000, 0.979023
0.403100, 0.979057
0.403200, 0.979103
0.403300, 0.979126
0.403400, 0.979168
0.403500, 0.979202
0.403600, 0.979229
0.403700, 0.979271
0.403800, 0.979290
0.403900, 0.979351
0.404000, 0.979370
0.404100, 0.979424
0.404200, 0.979446
0.404300, 0.979492
0.404400, 0.979519
0.404500, 0.979557
0.404600, 0.979595
0.404700, 0.979637
0.404800, 0.979668
0.404900, 0.979702
0.405000, 0.979740
0.405100, 0.979774
0.405200, 0.979797
0.405300, 0.979836
0.405400, 0.979877
0.405500, 0.979912
0.405600, 0.979931
0.405700, 0.979988
0.405800, 0.980011
0.405900, 0.980061
0.406000, 0.980095
0.406100, 0.980125
0.406200, 0.980156
0.406300, 0.980186
0.406400, 0.980228
0.406500, 0.980263
0.406600, 0.980293
0.406700, 0.980324
0.406800, 0.980358
0.406900, 0.980396
0.407000, 0.980431
0.407100, 0.980461
0.407200, 0.980503
0.407300, 0.980522
0.407400, 0.980572
0.407500, 0.980598
0.407600, 0.980633
0.407700, 0.980663
0.407800, 0.980690
0.407900, 0.980743
0.408000, 0.980770
0.408100, 0.980797
0.408200, 0.980839
0.408300, 0.980865
0.408400, 0.980923
0.408500, 0.980938
0.408600, 0.980961
0.408700, 0.981007
0.408800, 0.981041
0.408900, 0.981068
0.409000, 0.981121
0.409100, 0.981144
0.409200, 0.981182
0.409300, 0.981201
0.409400, 0.981236
0.409500, 0.981277
0.409600, 0.981312
0.409700, 0.981342
0.409800, 0.981384
0.409900, 0.981415
0.410000, 0.981438
0.410100, 0.981480
0.410200, 0.981506
0.410300, 0.981552
0.410400, 0.981575
0.410500, 0.981609
0.410600, 0.981644
0.410700, 0.981686
0.410800, 0.981701
0.410900, 0.981743
0.411000, 0.981770
0.411100, 0.981804
0.411200, 0.981831
0.411300, 0.981857
0.411400, 0.981895
0.411500, 0.981934
0.411600, 0.981968
0.411700, 0.981998
0.411800, 0.982037
0.411900, 0.982075
0.412000, 0.982090
0.412100, 0.982143
0.412200, 0.982162
0.412300, 0.982185
0.412400, 0.982212
0.412500, 0.982254
0.412600, 0.982292
0.412700, 0.982323
0.412800, 0.982349
0.412900, 0.982384
0.413000, 0.982410
0.413100, 0.982449
0.413200, 0.982479
0.413300, 0.982510
0.413400, 0.982540
0.413500, 0.982578
0.413600, 0.982609
0.413700, 0.982632
0.413800, 0.982662
0.413900, 0.982700
0.414000, 0.982727
0.414100, 0.982765
0.414200, 0.982792
0.414300, 0.982826
0.414400, 0.982868
0.414500, 0.982891
0.414600, 0.982918
0.414700, 0.982952
0.414800, 0.982975
0.414900, 0.983013
0.415000, 0.983040
0.415100, 0.983086
0.415200, 0.983109
0.415300, 0.983128
0.415400, 0.983177
0.415500, 0.983208
0.415600, 0.983227
0.415700, 0.983253
0.415800, 0.983292
0.415900, 0.983315
0.416000, 0.983356
0.416100, 0.983372
0.416200, 0.983414
0.416300, 0.983425
0.416400, 0.983471
0.416500, 0.983509
0.416600, 0.983536
0.416700, 0.983559
0.416800, 0.983585
0.416900, 0.983624
0.417000, 0.983658
0.417100, 0.983688
0.417200, 0.983715
0.417300, 0.983738
0.417400, 0.983772
0.417500, 0.983803
0.417600, 0.983845
0.417700, 0.983879
0.417800, 0.983898
0.417900, 0.983925
0.418000, 0.983944
0.418100, 0.983982
0.418200, 0.984001
0.418300, 0.984043
0.418400, 0.984077
0.418500, 0.984100
0.418600, 0.984142
0.418700, 0.984146
0.418800, 0.984184
0.418900, 0.984219
0.419000, 0.984257
0.419100, 0.984280
0.419200, 0.984314
0.419300, 0.984322
0.419400, 0.984364
0.419500, 0.984398
0.419600, 0.984413
0.419700, 0.984451
0.419800, 0.984478
0.419900, 0.984512
0.420000, 0.984528
0.420100, 0.984573
0.420200, 0.984608
0.420300, 0.984619
0.420400, 0.984650
0.420500, 0.984684
0.420600, 0.984726
0.420700, 0.984737
0.420800, 0.984760
0.420900, 0.984802
0.421000, 0.984837
0.421100, 0.984852
0.421200, 0.984890
0.421300, 0.984901
0.421400, 0.984936
0.421500, 0.984962
0.421600, 0.984997
0.421700, 0.985020
0.421800, 0.985046
0.421900, 0.985088
0.422000, 0.985100
0.422100, 0.985138
0.422200, 0.985165
0.422300, 0.985191
0.422400, 0.985222
0.422500, 0.985245
0.422600, 0.985279
0.422700, 0.985317
0.422800, 0.985344
0.422900, 0.985367
0.423000, 0.985382
0.423100, 0.985405
0.423200, 0.985451
0.423300, 0.985477
0.423400, 0.985504
0.423500, 0.985527
0.423600, 0.985554
0.423700, 0.985588
0.423800, 0.985603
0.423900, 0.985641
0.424000, 0.985672
0.424100, 0.985695
0.424200, 0.985722
0.424300, 0.985748
0.424400, 0.985779
0.424500, 0.985798
0.424600, 0.985832
0.424700, 0.985851
0.424800, 0.985882
0.424900, 0.985901
0.425000, 0.985935
0.425100, 0.985966
0.425200, 0.985989
0.425300, 0.986019
0.425400, 0.986042
0.425500, 0.986065
0.425600, 0.986088
0.425700, 0.986137
0.425800, 0.986164
0.425900, 0.986191
0.426000, 0.986198
0.426100, 0.986240
0.426200, 0.986259
0.426300, 0.986294
0.426400, 0.986309
0.426500, 0.986340
0.426600, 0.986366
0.426700, 0.986404
0.426800, 0.986412
0.426900, 0.986446
0.427000, 0.986462
0.427100, 0.986492
0.427200, 0.986523
0.427300, 0.986542
0.427400, 0.986572
0.427500, 0.986610
0.427600, 0.986629
0.427700, 0.986652
0.427800, 0.986675
0.427900, 0.986710
0.428000, 0.986732
0.428100, 0.986752
0.428200, 0.986790
0.428300, 0.986816
0.428400, 0.986835
0.428500, 0.986858
0.428600, 0.986893
0.428700, 0.986900
0.428800, 0.986935
0.428900, 0.986965
0.429000, 0.986984
0.429100, 0.987011
0.429200, 0.987041
0.429300, 0.987064
0.429400, 0.987095
0.429500, 0.987118
0.429600, 0.987129
0.429700, 0.987164
0.429800, 0.987198
0.429900, 0.987213
0.430000, 0.987244
0.430100, 0.987274
0.430200, 0.987289
0.430300, 0.987320
0.430400, 0.987339
0.430500, 0.987366
0.430600, 0.987392
0.430700, 0.987419
0.430800, 0.987431
0.430900, 0.987473
0.431000, 0.987492
0.431100, 0.987526
0.431200, 0.987549
0.431300, 0.987564
0.431400, 0.987583
0.431500, 0.987606
0.431600, 0.987652
0.431700, 0.987663
0.431800, 0.987694
0.431900, 0.987713
0.432000, 0.987736
0.432100, 0.987759
0.432200, 0.987789
0.432300, 0.987816
0.432400, 0.987835
0.432500, 0.987865
0.432600, 0.987881
0.432700, 0.987907
0.432800, 0.987926
0.432900, 0.987961
0.433000, 0.987984
0.433100, 0.988003
0.433200, 0.988026
0.433300, 0.988052
0.433400, 0.988075
0.433500, 0.988102
0.433600, 0.988125
0.433700, 0.988152
0.433800, 0.988178
0.433900, 0.988190
0.434000, 0.988220
0.434100, 0.988251
0.434200, 0.988281
0.434300, 0.988293
0.434400, 0.988312
0.434500, 0.988342
0.434600, 0.988361
0.434700, 0.988384
0.434800, 0.988419
0.434900, 0.988430
0.435000, 0.988464
0.435100, 0.988472
0.435200, 0.988503
0.435300, 0.988537
0.435400, 0.988552
0.435500, 0.988579
0.435600, 0.988598
0.435700, 0.988625
0.435800, 0.988651
0.435900, 0.988670
0.436000, 0.988693
0.436100, 0.988712
0.436200, 0.988747
0.436300, 0.988770
0.436400, 0.988785
0.436500, 0.988804
0.436600, 0.988819
0.436700, 0.988861
0.436800, 0.988892
0.436900, 0.988899
0.437000, 0.988922
0.437100, 0.988949
0.437200, 0.988972
0.437300, 0.988979
0.437400, 0.989010
0.437500, 0.989040
0.437600, 0.989059
0.437700, 0.989090
0.437800, 0.989101
0.437900, 0.989113
0.438000, 0.989143
0.438100, 0.989178
0.438200, 0.989193
0.438300, 0.989212
0.438400, 0.989231
0.438500, 0.989258
0.438600, 0.989281
0.438700, 0.989307
0.438800, 0.989323
0.438900, 0.989353
0.439000, 0.989368
0.439100, 0.989395
0.439200, 0.989418
0.439300, 0.989437
0.439400, 0.989464
0.439500, 0.989483
0.439600, 0.989502
0.439700, 0.989525
0.439800, 0.989552
0.439900, 0.989571
0.440000, 0.989594
0.440100, 0.989624
0.440200, 0.989628
0.440300, 0.989662
0.440400, 0.989677
0.440500, 0.989704
0.440600, 0.989727
0.440700, 0.989746
0.440800, 0.989761
0.440900, 0.989799
0.441000, 0.989811
0.441100, 0.989834
0.441200, 0.989857
0.441300, 0.989876
0.441400, 0.989902
0.441500, 0.989918
0.441600, 0.989933
0.441700, 0.989967
0.441800, 0.989975
0.441900, 0.990005
0.442000, 0.990032
0.442100, 0.990044
0.442200, 0.990082
0.442300, 0.990086
0.442400, 0.990112
0.442500, 0.990124
0.442600, 0.990150
0.442700, 0.990181
0.442800, 0.990189
0.442900, 0.990219
0.443000, 0.990242
0.443100, 0.990257
0.443200, 0.990276
0.443300, 0.990303
0.443400, 0.990330
0.443500, 0.990345
0.443600, 0.990356
0.443700, 0.990383
0.443800, 0.990391
0.443900, 0.990414
0.444000, 0.990437
0.444100, 0.990471
0.444200, 0.990482
0.444300, 0.990505
0.444400, 0.990540
0.444500, 0.990555
0.444600, 0.990562
0.444700, 0.990585
0.444800, 0.990604
0.444900, 0.990627
0.445000, 0.990662
0.445100, 0.990673
0.445200, 0.990685
0.445300, 0.990719
0.445400, 0.990738
0.445500, 0.990757
0.445600, 0.990780
0.445700, 0.990791
0.445800, 0.990822
0.445900, 0.990833
0.446000, 0.990860
0.446100, 0.990883
0.446200, 0.990898
0.446300, 0.990921
0.446400, 0.990936
0.446500, 0.990952
0.446600, 0.990967
0.446700, 0.990993
0.446800, 0.991016
0.446900, 0.991043
0.447000, 0.991066
0.447100, 0.991077
0.447200, 0.991100
0.447300, 0.991119
0.447400, 0.991131
0.447500, 0.991158
0.447600, 0.991188
0.447700, 0.991203
0.447800, 0.991222
0.447900, 0.991241
0.448000, 0.991268
0.448100, 0.991280
0.448200, 0.991291
0.448300, 0.991322
0.448400, 0.991329
0.448500, 0.991344
0.448600, 0.991375
0.448700, 0.991390
0.448800, 0.991413
0.448900, 0.991432
0.449000, 0.991451
0.449100, 0.991463
0.449200, 0.991497
0.449300, 0.991516
0.449400, 0.991524
0.449500, 0.991554
0.449600, 0.991573
0.449700, 0.991585
0.449800, 0.991608
0.449900, 0.991615
0.450000, 0.991638
0.450100, 0.991673
0.450200, 0.991684
0.450300, 0.991711
0.450400, 0.991730
0.450500, 0.991753
0.450600, 0.991753
0.450700, 0.991783
0.450800, 0.991795
0.450900, 0.991814
0.451000, 0.991837
0.451100, 0.991859
0.451200, 0.991882
0.451300, 0.991898
0.451400, 0.991909
0.451500, 0.991924
0.451600, 0.991959
0.451700, 0.991966
0.451800, 0.991982
0.451900, 0.992001
0.452000, 0.992023
0.452100, 0.992046
0.452200, 0.992065
0.452300, 0.992077
0.452400, 0.992104
0.452500, 0.992119
0.452600, 0.992138
0.452700, 0.992146
0.452800, 0.992176
0.452900, 0.992188
0.453000, 0.992218
0.453100, 0.992233
0.453200, 0.992252
0.453300, 0.992260
0.453400, 0.992287
0.453500, 0.992302
0.453600, 0.992336
0.453700, 0.992355
0.453800, 0.992359
0.453900, 0.992378
0.454000, 0.992393
0.454100, 0.992416
0.454200, 0.992420
0.454300, 0.992451
0.454400, 0.992474
0.454500, 0.992481
0.454600, 0.992500
0.454700, 0.992527
0.454800, 0.992535
0.454900, 0.992565
0.455000, 0.992584
0.455100, 0.992592
0.455200, 0.992615
0.455300, 0.992641
0.455400, 0.992653
0.455500, 0.992672
0.455600, 0.992676
0.455700, 0.992710
0.455800, 0.992725
0.455900, 0.992737
0.456000, 0.992764
0.456100, 0.992767
0.456200, 0.992786
0.456300, 0.992809
0.456400, 0.992825
0.456500, 0.992847
0.456600, 0.992870
0.456700, 0.992886
0.456800, 0.992905
0.456900, 0.992928
0.457000, 0.992931
0.457100, 0.992970
0.457200, 0.992989
0.457300, 0.992992
0.457400, 0.993011
0.457500, 0.993038
0.457600, 0.993050
0.457700, 0.993065
0.457800, 0.993080
0.457900, 0.993107
0.458000, 0.993114
0.458100, 0.993126
0.458200, 0.993149
0.458300, 0.993179
0.458400, 0.993191
0.458500, 0.993210
0.458600, 0.993221
0.458700, 0.993237
0.458800, 0.993267
0.458900, 0.993275
0.459000, 0.993286
0.459100, 0.993309
0.459200, 0.993328
0.459300, 0.993343
0.459400, 0.993355
0.459500, 0.993374
0.459600, 0.993389
0.459700, 0.993412
0.459800, 0.993431
0.459900, 0.993462
0.460000, 0.993450
0.460100, 0.993481
0.460200, 0.993496
0.460300, 0.993507
0.460400, 0.993538
0.460500, 0.993568
0.460600, 0.993572
0.460700, 0.993584
0.460800, 0.993607
0.460900, 0.993622
0.461000, 0.993633
0.461100, 0.993660
0.461200, 0.993675
0.461300, 0.993683
0.461400, 0.993710
0.461500, 0.993725
0.461600, 0.993736
0.461700, 0.993755
0.461800, 0.993771
0.461900, 0.993782
0.462000, 0.993809
0.462100, 0.993824
0.462200, 0.993828
0.462300, 0.993847
0.462400, 0.993877
0.462500, 0.993881
0.462600, 0.993900
0.462700, 0.993938
0.462800, 0.993938
0.462900, 0.993965
0.463000, 0.993969
0.463100, 0.993980
0.463200, 0.994003
0.463300, 0.994030
0.463400, 0.994030
0.463500, 0.994057
0.463600, 0.994072
0.463700, 0.994095
0.463800, 0.994095
0.463900, 0.994125
0.464000, 0.994141
0.464100, 0.994160
0.464200, 0.994171
0.464300, 0.994179
0.464400, 0.994217
0.464500, 0.994217
0.464600, 0.994236
0.464700, 0.994267
0.464800, 0.994286
0.464900, 0.994301
0.465000, 0.994324
0.465100, 0.994320
0.465200, 0.994347
0.465300, 0.994366
0.465400, 0.994370
0.465500, 0.994389
0.465600, 0.994404
0.465700, 0.994427
0.465800, 0.994434
0.465900, 0.994457
0.466000, 0.994480
0.466100, 0.994488
0.466200, 0.994503
0.466300, 0.994526
0.466400, 0.994541
0.466500, 0.994560
0.466600, 0.994568
0.466700, 0.994591
0.466800, 0.994610
0.466900, 0.994610
0.467000, 0.994629
0.467100, 0.994648
0.467200, 0.994675
0.467300, 0.994686
0.467400, 0.994701
0.467500, 0.994709
0.467600, 0.994736
0.467700, 0.994755
0.467800, 0.994766
0.467900, 0.994789
0.468000, 0.994793
0.468100, 0.994820
0.468200, 0.994846
0.468300, 0.994843
0.468400, 0.994869
0.468500, 0.994888
0.468600, 0.994896
0.468700, 0.994911
0.468800, 0.994942
0.468900, 0.994942
0.469000, 0.994961
0.469100, 0.994991
0.469200, 0.995007
0.469300, 0.995014
0.469400, 0.995033
0.469500, 0.995037
0.469600, 0.995052
0.469700, 0.995083
0.469800, 0.995094
0.469900, 0.995106
0.470000, 0.995129
0.470100, 0.995155
0.470200, 0.995159
0.470300, 0.995167
0.470400, 0.995182
0.470500, 0.995205
0.470600, 0.995224
0.470700, 0.995235
0.470800, 0.995255
0.470900, 0.995270
0.471000, 0.995281
0.471100, 0.995316
0.471200, 0.995312
0.471300, 0.995323
0.471400, 0.995350
0.471500, 0.995361
0.471600, 0.995380
0.471700, 0.995392
0.471800, 0.995422
0.471900, 0.995426
0.472000, 0.995445
0.472100, 0.995461
0.472200, 0.995487
0.472300, 0.995487
0.472400, 0.995510
0.472500, 0.995529
0.472600, 0.995556
0.472700, 0.995552
0.472800, 0.995583
0.472900, 0.995598
0.473000, 0.995613
0.473100, 0.995621
0.473200, 0.995644
0.473300, 0.995655
0.473400, 0.995678
0.473500, 0.995701
0.473600, 0.995716
0.473700, 0.995712
0.473800, 0.995743
0.473900, 0.995747
0.474000, 0.995773
0.474100, 0.995777
0.474200, 0.995800
0.474300, 0.995811
0.474400, 0.995827
0.474500, 0.995857
0.474600, 0.995872
0.474700, 0.995880
0.474800, 0.995895
0.474900, 0.995918
0.475000, 0.995937
0.475100, 0.995941
0.475200, 0.995968
0.475300, 0.995983
0.475400, 0.995991
0.475500, 0.996006
0.475600, 0.996040
0.475700, 0.996037
0.475800, 0.996048
0.475900, 0.996067
0.476000, 0.996094
0.476100, 0.996101
0.476200, 0.996124
0.476300, 0.996151
0.476400, 0.996159
0.476500, 0.996159
0.476600, 0.996170
0.476700, 0.996189
0.476800, 0.996220
0.476900, 0.996223
0.477000, 0.996265
0.477100, 0.996265
0.477200, 0.996288
0.477300, 0.996288
0.477400, 0.996311
0.477500, 0.996342
0.477600, 0.996342
0.477700, 0.996357
0.477800, 0.996380
0.477900, 0.996403
0.478000, 0.996403
0.478100, 0.996422
0.478200, 0.996441
0.478300, 0.996456
0.478400, 0.996471
0.478500, 0.996487
0.478600, 0.996502
0.478700, 0.996521
0.478800, 0.996548
0.478900, 0.996552
0.479000, 0.996571
0.479100, 0.996590
0.479200, 0.996616
0.479300, 0.996624
0.479400, 0.996632
0.479500, 0.996643
0.479600, 0.996655
0.479700, 0.996704
0.479800, 0.996712
0.479900, 0.996723
0.480000, 0.996738
0.480100, 0.996758
0.480200, 0.996765
0.480300, 0.996780
0.480400, 0.996807
0.480500, 0.996819
0.480600, 0.996841
0.480700, 0.996845
0.480800, 0.996868
0.480900, 0.996872
0.481000, 0.996891
0.481100, 0.996918
0.481200, 0.996929
0.481300, 0.996941
0.481400, 0.996964
0.481500, 0.996975
0.481600, 0.996994
0.481700, 0.997005
0.481800, 0.997021
0.481900, 0.997040
0.482000, 0.997066
0.482100, 0.997078
0.482200, 0.997101
0.482300, 0.997108
0.482400, 0.997124
0.482500, 0.997135
0.482600, 0.997162
0.482700, 0.997177
0.482800, 0.997185
0.482900, 0.997204
0.483000, 0.997231
0.483100, 0.997242
0.483200, 0.997257
0.483300, 0.997272
0.483400, 0.997272
0.483500, 0.997299
0.483600, 0.997326
0.483700, 0.997337
0.483800, 0.997356
0.483900, 0.997368
0.484000, 0.997402
0.484100, 0.997410
0.484200, 0.997425
0.484300, 0.997433
0.484400, 0.997459
0.484500, 0.997467
0.484600, 0.997490
0.484700, 0.997501
0.484800, 0.997524
0.484900, 0.997536
0.485000, 0.997562
0.485100, 0.997578
0.485200, 0.997593
0.485300, 0.997608
0.485400, 0.997620
0.485500, 0.997635
0.485600, 0.997650
0.485700, 0.997677
0.485800, 0.997692
0.485900, 0.997711
0.486000, 0.997719
0.486100, 0.997734
0.486200, 0.997757
0.486300, 0.997780
0.486400, 0.997807
0.486500, 0.997810
0.486600, 0.997818
0.486700, 0.997841
0.486800, 0.997856
0.486900, 0.997868
0.487000, 0.997887
0.487100, 0.997906
0.487200, 0.997925
0.487300, 0.997940
0.487400, 0.997955
0.487500, 0.997974
0.487600, 0.998005
0.487700, 0.998016
0.487800, 0.998039
0.487900, 0.998051
0.488000, 0.998062
0.488100, 0.998077
0.488200, 0.998104
0.488300, 0.998131
0.488400, 0.998131
0.488500, 0.998146
0.488600, 0.998173
0.488700, 0.998180
0.488800, 0.998203
0.488900, 0.998222
0.489000, 0.998241
0.489100, 0.998260
0.489200, 0.998268
0.489300, 0.998287
0.489400, 0.998306
0.489500, 0.998318
0.489600, 0.998341
0.489700, 0.998360
0.489800, 0.998383
0.489900, 0.998390
0.490000, 0.998417
0.490100, 0.998436
0.490200, 0.998440
0.490300, 0.998459
0.490400, 0.998482
0.490500, 0.998505
0.490600, 0.998512
0.490700, 0.998531
0.490800, 0.998547
0.490900, 0.998585
0.491000, 0.998589
0.491100, 0.998611
0.491200, 0.998627
0.491300, 0.998646
0.491400, 0.998657
0.491500, 0.998680
0.491600, 0.998699
0.491700, 0.998703
0.491800, 0.998730
0.491900, 0.998753
0.492000, 0.998775
0.492100, 0.998791
0.492200, 0.998814
0.492300, 0.998829
0.492400, 0.998833
0.492500, 0.998871
0.492600, 0.998882
0.492700, 0.998886
0.492800, 0.998917
0.492900, 0.998932
0.493000, 0.998951
0.493100, 0.998970
0.493200, 0.998989
0.493300, 0.999016
0.493400, 0.999031
0.493500, 0.999039
0.493600, 0.999073
0.493700, 0.999077
0.493800, 0.999104
0.493900, 0.999119
0.494000, 0.999138
0.494100, 0.999149
0.494200, 0.999172
0.494300, 0.999187
0.494400, 0.999195
0.494500, 0.999222
0.494600, 0.999252
0.494700, 0.999260
0.494800, 0.999279
0.494900, 0.999294
0.495000, 0.999329
0.495100, 0.999340
0.495200, 0.999363
0.495300, 0.999386
0.495400, 0.999393
0.495500, 0.999416
0.495600, 0.999443
0.495700, 0.999454
0.495800, 0.999477
0.495900, 0.999493
0.496000, 0.999516
0.496100, 0.999527
0.496200, 0.999542
0.496300, 0.999557
0.496400, 0.999580
0.496500, 0.999603
0.496600, 0.999630
0.496700, 0.999653
0.496800, 0.999680
0.496900, 0.999680
0.497000, 0.999714
0.497100, 0.999725
0.497200, 0.999744
0.497300, 0.999775
0.497400, 0.999786
0.497500, 0.999805
0.497600, 0.999828
0.497700, 0.999855
0.497800, 0.999870
0.497900, 0.999889
0.498000, 0.999905
0.498100, 0.999924
0.498200, 0.999947
0.498300, 0.999973
0.498400, 0.999981
0.498500, 1.000011
0.498600, 1.000034
0.498700, 1.000042
0.498800, 1.000069
0.498900, 1.000095
0.499000, 1.000099
0.499100, 1.000137
0.499200, 1.000137
0.499300, 1.000160
0.499400, 1.000191
0.499500, 1.000210
0.499600, 1.000229
0.499700, 1.000259
0.499800, 1.000271
0.499900, 1.000294
0.500000, 1.000328
0.500100, 1.000343
