0.000000, -0.006577
0.000100, -0.006317
0.000200, -0.006027
0.000300, -0.005753
0.000400, -0.005569
0.000500, -0.005310
0.000600, -0.005005
0.000700, -0.004761
0.000800, -0.004532
0.000900, -0.004242
0.001000, -0.003998
0.001100, -0.003784
0.001200, -0.003494
0.001300, -0.003235
0.001400, -0.002945
0.001500, -0.002701
0.001600, -0.002396
0.001700, -0.002182
0.001800, -0.001923
0.001900, -0.001648
0.002000, -0.001389
0.002100, -0.001099
0.002200, -0.000854
0.002300, -0.000565
0.002400, -0.000259
0.002500, 0.000015
0.002600, 0.000244
0.002700, 0.000549
0.002800, 0.000824
0.002900, 0.001038
0.003000, 0.001358
0.003100, 0.001648
0.003200, 0.001923
0.003300, 0.002274
0.003400, 0.002518
0.003500, 0.002762
0.003600, 0.003128
0.003700, 0.003311
0.003800, 0.003647
0.003900, 0.003891
0.004000, 0.004227
0.004100, 0.004532
0.004200, 0.004807
0.004300, 0.005127
0.004400, 0.005402
0.004500, 0.005722
0.004600, 0.006027
0.004700, 0.006302
0.004800, 0.006561
0.004900, 0.006836
0.005000, 0.007141
0.005100, 0.007431
0.005200, 0.007767
0.005300, 0.008041
0.005400, 0.008392
0.005500, 0.008728
0.005600, 0.008987
0.005700, 0.009262
0.005800, 0.009628
0.005900, 0.009949
0.006000, 0.010208
0.006100, 0.010544
0.006200, 0.010818
0.006300, 0.011154
0.006400, 0.011505
0.006500, 0.011795
0.006600, 0.012115
0.006700, 0.012405
0.006800, 0.012726
0.006900, 0.013062
0.007000, 0.013351
0.007100, 0.013687
0.007200, 0.014023
0.007300, 0.014343
0.007400, 0.014694
0.007500, 0.014999
0.007600, 0.015289
0.007700, 0.015610
0.007800, 0.015915
0.007900, 0.016312
0.008000, 0.016617
0.008100, 0.016937
0.008200, 0.017242
0.008300, 0.017624
0.008400, 0.017914
0.008500, 0.018265
0.008600, 0.018585
0.008700, 0.018906
0.008800, 0.019241
0.008900, 0.019577
0.009000, 0.019958
0.009100, 0.020233
0.009200, 0.020615
0.009300, 0.020950
0.009400, 0.021286
0.009500, 0.021561
0.009600, 0.022003
0.009700, 0.022324
0.009800, 0.022659
0.009900, 0.022995
0.010000, 0.023361
0.010100, 0.023697
0.010200, 0.024002
0.010300, 0.024414
0.010400, 0.024734
0.010500, 0.025101
0.010600, 0.025497
0.010700, 0.025772
0.010800, 0.026154
0.010900, 0.026474
0.011000, 0.026825
0.011100, 0.027191
0.011200, 0.027542
0.011300, 0.027893
0.011400, 0.028244
0.011500, 0.028641
0.011600, 0.029007
0.011700, 0.029343
0.011800, 0.029694
0.011900, 0.030045
0.012000, 0.030441
0.012100, 0.030716
0.012200, 0.031158
0.012300, 0.031509
0.012400, 0.031860
0.012500, 0.032242
0.012600, 0.032578
0.012700, 0.032974
0.012800, 0.033340
0.012900, 0.033707
0.013000, 0.034103
0.013100, 0.034470
0.013200, 0.034836
0.013300, 0.035233
0.013400, 0.035599
0.013500, 0.035965
0.013600, 0.036331
0.013700, 0.036697
0.013800, 0.037079
0.013900, 0.037460
0.014000, 0.037827
0.014100, 0.038223
0.014200, 0.038620
0.014300, 0.038956
0.014400, 0.039368
0.014500, 0.039703
0.014600, 0.040131
0.014700, 0.040482
0.014800, 0.040909
0.014900, 0.041229
0.015000, 0.041672
0.015100, 0.041992
0.015200, 0.042450
0.015300, 0.042831
0.015400, 0.043259
0.015500, 0.043625
0.015600, 0.043976
0.015700, 0.044357
0.015800, 0.044815
0.015900, 0.045242
0.016000, 0.045547
0.016100, 0.045959
0.016200, 0.046387
0.016300, 0.046738
0.016400, 0.047180
0.016500, 0.047531
0.016600, 0.047974
0.016700, 0.048294
0.016800, 0.048752
0.016900, 0.049194
0.017000, 0.049530
0.017100, 0.049942
0.017200, 0.050369
0.017300, 0.050797
0.017400, 0.051193
0.017500, 0.051575
0.017600, 0.051987
0.017700, 0.052383
0.017800, 0.052780
0.017900, 0.053192
0.018000, 0.053589
0.018100, 0.054031
0.018200, 0.054398
0.018300, 0.054840
0.018400, 0.055176
0.018500, 0.055679
0.018600, 0.056076
0.018700, 0.056503
0.018800, 0.056931
0.018900, 0.057312
0.019000, 0.057663
0.019100, 0.058167
0.019200, 0.058563
0.019300, 0.058929
0.019400, 0.059372
0.019500, 0.059814
0.019600, 0.060211
0.019700, 0.060623
0.019800, 0.061050
0.019900, 0.061478
0.020000, 0.061890
0.020100, 0.062332
0.020200, 0.062744
0.020300, 0.063187
0.020400, 0.063583
0.020500, 0.064011
0.020600, 0.064484
0.020700, 0.064865
0.020800, 0.065384
0.020900, 0.065735
0.021000, 0.066177
0.021100, 0.066559
0.021200, 0.067062
0.021300, 0.067459
0.021400, 0.067902
0.021500, 0.068314
0.021600, 0.068710
0.021700, 0.069183
0.021800, 0.069611
0.021900, 0.070084
0.022000, 0.070511
0.022100, 0.070938
0.022200, 0.071442
0.022300, 0.071823
0.022400, 0.072235
0.022500, 0.072632
0.022600, 0.073135
0.022700, 0.073578
0.022800, 0.073975
0.022900, 0.074448
0.023000, 0.074905
0.023100, 0.075317
0.023200, 0.075790
0.023300, 0.076218
0.023400, 0.076660
0.023500, 0.077103
0.023600, 0.077560
0.023700, 0.077972
0.023800, 0.078415
0.023900, 0.078888
0.024000, 0.079285
0.024100, 0.079803
0.024200, 0.080276
0.024300, 0.080673
0.024400, 0.081085
0.024500, 0.081558
0.024600, 0.082001
0.024700, 0.082474
0.024800, 0.082886
0.024900, 0.083405
0.025000, 0.083878
0.025100, 0.084290
0.025200, 0.084717
0.025300, 0.085175
0.025400, 0.085678
0.025500, 0.086136
0.025600, 0.086609
0.025700, 0.087021
0.025800, 0.087494
0.025900, 0.087997
0.026000, 0.088364
0.026100, 0.088882
0.026200, 0.089325
0.026300, 0.089783
0.026400, 0.090302
0.026500, 0.090698
0.026600, 0.091217
0.026700, 0.091644
0.026800, 0.092133
0.026900, 0.092560
0.027000, 0.093033
0.027100, 0.093536
0.027200, 0.093918
0.027300, 0.094467
0.027400, 0.094894
0.027500, 0.095352
0.027600, 0.095840
0.027700, 0.096313
0.027800, 0.096786
0.027900, 0.097260
0.028000, 0.097717
0.028100, 0.098175
0.028200, 0.098648
0.028300, 0.099106
0.028400, 0.099564
0.028500, 0.100037
0.028600, 0.100540
0.028700, 0.101059
0.028800, 0.101471
0.028900, 0.101990
0.029000, 0.102432
0.029100, 0.102921
0.029200, 0.103394
0.029300, 0.103851
0.029400, 0.104340
0.029500, 0.104813
0.029600, 0.105316
0.029700, 0.105789
0.029800, 0.106201
0.029900, 0.106735
0.030000, 0.107239
0.030100, 0.107697
0.030200, 0.108200
0.030300, 0.108643
0.030400, 0.109085
0.030500, 0.109604
0.030600, 0.110138
0.030700, 0.110611
0.030800, 0.111084
0.030900, 0.111572
0.031000, 0.112061
0.031100, 0.112518
0.031200, 0.113052
0.031300, 0.113510
0.031400, 0.114014
0.031500, 0.114548
0.031600, 0.114899
0.031700, 0.115509
0.031800, 0.115906
0.031900, 0.116440
0.032000, 0.116959
0.032100, 0.117416
0.032200, 0.117889
0.032300, 0.118439
0.032400, 0.118896
0.032500, 0.119385
0.032600, 0.119888
0.032700, 0.120392
0.032800, 0.120926
0.032900, 0.121399
0.033000, 0.121872
0.033100, 0.122345
0.033200, 0.122864
0.033300, 0.123337
0.033400, 0.123871
0.033500, 0.124344
0.033600, 0.124863
0.033700, 0.125336
0.033800, 0.125854
0.033900, 0.126373
0.034000, 0.126816
0.034100, 0.127396
0.034200, 0.127853
0.034300, 0.128326
0.034400, 0.128815
0.034500, 0.129349
0.034600, 0.129822
0.034700, 0.130356
0.034800, 0.130783
0.034900, 0.131363
0.035000, 0.131866
0.035100, 0.132370
0.035200, 0.132858
0.035300, 0.133423
0.035400, 0.133911
0.035500, 0.134399
0.035600, 0.134888
0.035700, 0.135422
0.035800, 0.135910
0.035900, 0.136444
0.036000, 0.136932
0.036100, 0.137390
0.036200, 0.137939
0.036300, 0.138428
0.036400, 0.138962
0.036500, 0.139435
0.036600, 0.139984
0.036700, 0.140533
0.036800, 0.141022
0.036900, 0.141479
0.037000, 0.142029
0.037100, 0.142548
0.037200, 0.143051
0.037300, 0.143585
0.037400, 0.144104
0.037500, 0.144562
0.037600, 0.145111
0.037700, 0.145615
0.037800, 0.146164
0.037900, 0.146667
0.038000, 0.147156
0.038100, 0.147644
0.038200, 0.148209
0.038300, 0.148682
0.038400, 0.149216
0.038500, 0.149704
0.038600, 0.150269
0.038700, 0.150772
0.038800, 0.151321
0.038900, 0.151810
0.039000, 0.152328
0.039100, 0.152847
0.039200, 0.153366
0.039300, 0.153900
0.039400, 0.154449
0.039500, 0.154968
0.039600, 0.155472
0.039700, 0.155975
0.039800, 0.156525
0.039900, 0.157013
0.040000, 0.157593
0.040100, 0.158035
0.040200, 0.158569
0.040300, 0.159119
0.040400, 0.159668
0.040500, 0.160172
0.040600, 0.160721
0.040700, 0.161240
0.040800, 0.161774
0.040900, 0.162231
0.041000, 0.162796
0.041100, 0.163315
0.041200, 0.163864
0.041300, 0.164368
0.041400, 0.164886
0.041500, 0.165482
0.041600, 0.165924
0.041700, 0.166458
0.041800, 0.167068
0.041900, 0.167618
0.042000, 0.168060
0.042100, 0.168579
0.042200, 0.169159
0.042300, 0.169708
0.042400, 0.170227
0.042500, 0.170792
0.042600, 0.171326
0.042700, 0.171783
0.042800, 0.172318
0.042900, 0.172867
0.043000, 0.173370
0.043100, 0.173965
0.043200, 0.174469
0.043300, 0.175018
0.043400, 0.175537
0.043500, 0.176056
0.043600, 0.176590
0.043700, 0.177139
0.043800, 0.177689
0.043900, 0.178192
0.044000, 0.178741
0.044100, 0.179291
0.044200, 0.179871
0.044300, 0.180374
0.044400, 0.180862
0.044500, 0.181458
0.044600, 0.181961
0.044700, 0.182541
0.044800, 0.182983
0.044900, 0.183578
0.045000, 0.184128
0.045100, 0.184662
0.045200, 0.185211
0.045300, 0.185776
0.045400, 0.186218
0.045500, 0.186768
0.045600, 0.187363
0.045700, 0.187897
0.045800, 0.188446
0.045900, 0.188965
0.046000, 0.189545
0.046100, 0.190063
0.046200, 0.190613
0.046300, 0.191116
0.046400, 0.191681
0.046500, 0.192245
0.046600, 0.192734
0.046700, 0.193344
0.046800, 0.193909
0.046900, 0.194397
0.047000, 0.194946
0.047100, 0.195496
0.047200, 0.196030
0.047300, 0.196594
0.047400, 0.197128
0.047500, 0.197632
0.047600, 0.198212
0.047700, 0.198807
0.047800, 0.199295
0.047900, 0.199860
0.048000, 0.200378
0.048100, 0.200943
0.048200, 0.201477
0.048300, 0.202026
0.048400, 0.202637
0.048500, 0.203079
0.048600, 0.203705
0.048700, 0.204254
0.048800, 0.204758
0.048900, 0.205307
0.049000, 0.205872
0.049100, 0.206436
0.049200, 0.206955
0.049300, 0.207504
0.049400, 0.208099
0.049500, 0.208649
0.049600, 0.209167
0.049700, 0.209732
0.049800, 0.210266
0.049900, 0.210800
0.050000, 0.211380
0.050100, 0.211945
0.050200, 0.212448
0.050300, 0.213028
0.050400, 0.213577
0.050500, 0.214096
0.050600, 0.214722
0.050700, 0.215271
0.050800, 0.215805
0.050900, 0.216354
0.051000, 0.216888
0.051100, 0.217468
0.051200, 0.218018
0.051300, 0.218521
0.051400, 0.219147
0.051500, 0.219681
0.051600, 0.220245
0.051700, 0.220779
0.051800, 0.221298
0.051900, 0.221970
0.052000, 0.222412
0.052100, 0.223007
0.052200, 0.223557
0.052300, 0.224136
0.052400, 0.224609
0.052500, 0.225235
0.052600, 0.225800
0.052700, 0.226318
0.052800, 0.226929
0.052900, 0.227463
0.053000, 0.227997
0.053100, 0.228577
0.053200, 0.229111
0.053300, 0.229630
0.053400, 0.230240
0.053500, 0.230804
0.053600, 0.231354
0.053700, 0.231918
0.053800, 0.232513
0.053900, 0.233063
0.054000, 0.233551
0.054100, 0.234131
0.054200, 0.234695
0.054300, 0.235275
0.054400, 0.235794
0.054500, 0.236359
0.054600, 0.236954
0.054700, 0.237518
0.054800, 0.238098
0.054900, 0.238602
0.055000, 0.239227
0.055100, 0.239777
0.055200, 0.240326
0.055300, 0.240860
0.055400, 0.241455
0.055500, 0.241974
0.055600, 0.242584
0.055700, 0.243134
0.055800, 0.243683
0.055900, 0.244232
0.056000, 0.244827
0.056100, 0.245392
0.056200, 0.245911
0.056300, 0.246475
0.056400, 0.247040
0.056500, 0.247589
0.056600, 0.248184
0.056700, 0.248779
0.056800, 0.249298
0.056900, 0.249893
0.057000, 0.250397
0.057100, 0.250961
0.057200, 0.251587
0.057300, 0.252136
0.057400, 0.252686
0.057500, 0.253235
0.057600, 0.253860
0.057700, 0.254395
0.057800, 0.254929
0.057900, 0.255524
0.058000, 0.256042
0.058100, 0.256622
0.058200, 0.257202
0.058300, 0.257736
0.058400, 0.258331
0.058500, 0.258896
0.058600, 0.259476
0.058700, 0.260040
0.058800, 0.260635
0.058900, 0.261154
0.059000, 0.261688
0.059100, 0.262329
0.059200, 0.262848
0.059300, 0.263397
0.059400, 0.263992
0.059500, 0.264526
0.059600, 0.265106
0.059700, 0.265686
0.059800, 0.266235
0.059900, 0.266785
0.060000, 0.267395
0.060100, 0.267944
0.060200, 0.268570
0.060300, 0.269089
0.060400, 0.269653
0.060500, 0.270248
0.060600, 0.270782
0.060700, 0.271332
0.060800, 0.271942
0.060900, 0.272491
0.061000, 0.273041
0.061100, 0.273682
0.061200, 0.274170
0.061300, 0.274719
0.061400, 0.275360
0.061500, 0.275925
0.061600, 0.276489
0.061700, 0.277039
0.061800, 0.277603
0.061900, 0.278183
0.062000, 0.278732
0.062100, 0.279282
0.062200, 0.279892
0.062300, 0.280411
0.062400, 0.281006
0.062500, 0.281601
0.062600, 0.282166
0.062700, 0.282761
0.062800, 0.283325
0.062900, 0.283875
0.063000, 0.284454
0.063100, 0.284988
0.063200, 0.285583
0.063300, 0.286102
0.063400, 0.286697
0.063500, 0.287262
0.063600, 0.287811
0.063700, 0.288376
0.063800, 0.288971
0.063900, 0.289551
0.064000, 0.290131
0.064100, 0.290665
0.064200, 0.291290
0.064300, 0.291885
0.064400, 0.292419
0.064500, 0.292999
0.064600, 0.293579
0.064700, 0.294174
0.064800, 0.294678
0.064900, 0.295258
0.065000, 0.295822
0.065100, 0.296448
0.065200, 0.296967
0.065300, 0.297531
0.065400, 0.298141
0.065500, 0.298691
0.065600, 0.299255
0.065700, 0.299835
0.065800, 0.300430
0.065900, 0.300995
0.066000, 0.301559
0.066100, 0.302124
0.066200, 0.302704
0.066300, 0.303284
0.066400, 0.303833
0.066500, 0.304428
0.066600, 0.304977
0.066700, 0.305573
0.066800, 0.306137
0.066900, 0.306656
0.067000, 0.307251
0.067100, 0.307785
0.067200, 0.308380
0.067300, 0.309021
0.067400, 0.309540
0.067500, 0.310074
0.067600, 0.310730
0.067700, 0.311234
0.067800, 0.311813
0.067900, 0.312454
0.068000, 0.312958
0.068100, 0.313553
0.068200, 0.314133
0.068300, 0.314697
0.068400, 0.315262
0.068500, 0.315842
0.068600, 0.316437
0.068700, 0.316971
0.068800, 0.317566
0.068900, 0.318085
0.069000, 0.318680
0.069100, 0.319260
0.069200, 0.319824
0.069300, 0.320419
0.069400, 0.320953
0.069500, 0.321548
0.069600, 0.322113
0.069700, 0.322739
0.069800, 0.323242
0.069900, 0.323853
0.070000, 0.324402
0.070100, 0.324951
0.070200, 0.325562
0.070300, 0.326141
0.070400, 0.326736
0.070500, 0.327316
0.070600, 0.327866
0.070700, 0.328430
0.070800, 0.328995
0.070900, 0.329590
0.071000, 0.330109
0.071100, 0.330719
0.071200, 0.331223
0.071300, 0.331833
0.071400, 0.332413
0.071500, 0.332993
0.071600, 0.333572
0.071700, 0.334122
0.071800, 0.334732
0.071900, 0.335297
0.072000, 0.335892
0.072100, 0.336426
0.072200, 0.337021
0.072300, 0.337555
0.072400, 0.338120
0.072500, 0.338745
0.072600, 0.339325
0.072700, 0.339874
0.072800, 0.340469
0.072900, 0.341019
0.073000, 0.341568
0.073100, 0.342117
0.073200, 0.342697
0.073300, 0.343307
0.073400, 0.343887
0.073500, 0.344452
0.073600, 0.344986
0.073700, 0.345566
0.073800, 0.346146
0.073900, 0.346725
0.074000, 0.347244
0.074100, 0.347870
0.074200, 0.348419
0.074300, 0.348984
0.074400, 0.349548
0.074500, 0.350143
0.074600, 0.350708
0.074700, 0.351288
0.074800, 0.351868
0.074900, 0.352448
0.075000, 0.352982
0.075100, 0.353561
0.075200, 0.354111
0.075300, 0.354706
0.075400, 0.355240
0.075500, 0.355865
0.075600, 0.356445
0.075700, 0.357010
0.075800, 0.357590
0.075900, 0.358139
0.076000, 0.358734
0.076100, 0.359314
0.076200, 0.359863
0.076300, 0.360443
0.076400, 0.361008
0.076500, 0.361572
0.076600, 0.362137
0.076700, 0.362701
0.076800, 0.363297
0.076900, 0.363785
0.077000, 0.364426
0.077100, 0.364975
0.077200, 0.365585
0.077300, 0.366104
0.077400, 0.366730
0.077500, 0.367279
0.077600, 0.367828
0.077700, 0.368423
0.077800, 0.368958
0.077900, 0.369553
0.078000, 0.370148
0.078100, 0.370682
0.078200, 0.371246
0.078300, 0.371857
0.078400, 0.372375
0.078500, 0.372955
0.078600, 0.373550
0.078700, 0.374054
0.078800, 0.374664
0.078900, 0.375229
0.079000, 0.375778
0.079100, 0.376389
0.079200, 0.376938
0.079300, 0.377533
0.079400, 0.378082
0.079500, 0.378647
0.079600, 0.379227
0.079700, 0.379791
0.079800, 0.380371
0.079900, 0.380951
0.080000, 0.381485
0.080100, 0.382065
0.080200, 0.382629
0.080300, 0.383240
0.080400, 0.383743
0.080500, 0.384338
0.080600, 0.384933
0.080700, 0.385483
0.080800, 0.386017
0.080900, 0.386627
0.081000, 0.387207
0.081100, 0.387726
0.081200, 0.388336
0.081300, 0.388870
0.081400, 0.389435
0.081500, 0.390045
0.081600, 0.390564
0.081700, 0.391144
0.081800, 0.391739
0.081900, 0.392273
0.082000, 0.392868
0.082100, 0.393372
0.082200, 0.393967
0.082300, 0.394547
0.082400, 0.395142
0.082500, 0.395676
0.082600, 0.396286
0.082700, 0.396835
0.082800, 0.397369
0.082900, 0.397903
0.083000, 0.398560
0.083100, 0.399078
0.083200, 0.399628
0.083300, 0.400208
0.083400, 0.400787
0.083500, 0.401367
0.083600, 0.401871
0.083700, 0.402451
0.083800, 0.403061
0.083900, 0.403625
0.084000, 0.404160
0.084100, 0.404678
0.084200, 0.405273
0.084300, 0.405838
0.084400, 0.406403
0.084500, 0.406967
0.084600, 0.407501
0.084700, 0.408112
0.084800, 0.408691
0.084900, 0.409225
0.085000, 0.409805
0.085100, 0.410339
0.085200, 0.410950
0.085300, 0.411499
0.085400, 0.412048
0.085500, 0.412598
0.085600, 0.413177
0.085700, 0.413727
0.085800, 0.414307
0.085900, 0.414825
0.086000, 0.415466
0.086100, 0.415970
0.086200, 0.416534
0.086300, 0.417084
0.086400, 0.417679
0.086500, 0.418228
0.086600, 0.418762
0.086700, 0.419357
0.086800, 0.419937
0.086900, 0.420471
0.087000, 0.421005
0.087100, 0.421600
0.087200, 0.422165
0.087300, 0.422745
0.087400, 0.423294
0.087500, 0.423874
0.087600, 0.424393
0.087700, 0.424942
0.087800, 0.425507
0.087900, 0.426071
0.088000, 0.426651
0.088100, 0.427231
0.088200, 0.427750
0.088300, 0.428345
0.088400, 0.428864
0.088500, 0.429413
0.088600, 0.429947
0.088700, 0.430542
0.088800, 0.431061
0.088900, 0.431686
0.089000, 0.432236
0.089100, 0.432785
0.089200, 0.433380
0.089300, 0.433899
0.089400, 0.434418
0.089500, 0.435013
0.089600, 0.435577
0.089700, 0.436157
0.089800, 0.436722
0.089900, 0.437210
0.090000, 0.437836
0.090100, 0.438354
0.090200, 0.438919
0.090300, 0.439484
0.090400, 0.440063
0.090500, 0.440598
0.090600, 0.441162
0.090700, 0.441681
0.090800, 0.442261
0.090900, 0.442764
0.091000, 0.443359
0.091100, 0.443939
0.091200, 0.444473
0.091300, 0.445023
0.091400, 0.445602
0.091500, 0.446075
0.091600, 0.446701
0.091700, 0.447266
0.091800, 0.447845
0.091900, 0.448349
0.092000, 0.448883
0.092100, 0.449478
0.092200, 0.449997
0.092300, 0.450546
0.092400, 0.451157
0.092500, 0.451691
0.092600, 0.452225
0.092700, 0.452789
0.092800, 0.453354
0.092900, 0.453842
0.093000, 0.454422
0.093100, 0.455002
0.093200, 0.455536
0.093300, 0.456070
0.093400, 0.456665
0.093500, 0.457184
0.093600, 0.457718
0.093700, 0.458328
0.093800, 0.458847
0.093900, 0.459396
0.094000, 0.459961
0.094100, 0.460510
0.094200, 0.461044
0.094300, 0.461639
0.094400, 0.462128
0.094500, 0.462677
0.094600, 0.463257
0.094700, 0.463806
0.094800, 0.464355
0.094900, 0.464874
0.095000, 0.465393
0.095100, 0.465927
0.095200, 0.466553
0.095300, 0.467102
0.095400, 0.467606
0.095500, 0.468231
0.095600, 0.468719
0.095700, 0.469315
0.095800, 0.469818
0.095900, 0.470337
0.096000, 0.470917
0.096100, 0.471466
0.096200, 0.472000
0.096300, 0.472549
0.096400, 0.473099
0.096500, 0.473648
0.096600, 0.474228
0.096700, 0.474716
0.096800, 0.475281
0.096900, 0.475845
0.097000, 0.476379
0.097100, 0.476959
0.097200, 0.477478
0.097300, 0.477982
0.097400, 0.478531
0.097500, 0.479126
0.097600, 0.479630
0.097700, 0.480209
0.097800, 0.480728
0.097900, 0.481262
0.098000, 0.481842
0.098100, 0.482346
0.098200, 0.482910
0.098300, 0.483459
0.098400, 0.484009
0.098500, 0.484512
0.098600, 0.485077
0.098700, 0.485580
0.098800, 0.486160
0.098900, 0.486664
0.099000, 0.487213
0.099100, 0.487762
0.099200, 0.488312
0.099300, 0.488831
0.099400, 0.489410
0.099500, 0.489914
0.099600, 0.490463
0.099700, 0.491013
0.099800, 0.491577
0.099900, 0.492142
0.100000, 0.492630
0.100100, 0.493164
0.100200, 0.493698
0.100300, 0.494247
0.100400, 0.494812
0.100500, 0.495300
0.100600, 0.495850
0.100700, 0.496368
0.100800, 0.496933
0.100900, 0.497513
0.101000, 0.498016
0.101100, 0.498550
0.101200, 0.499039
0.101300, 0.499680
0.101400, 0.500153
0.101500, 0.500687
0.101600, 0.501282
0.101700, 0.501770
0.101800, 0.502304
0.101900, 0.502808
0.102000, 0.503387
0.102100, 0.503922
0.102200, 0.504425
0.102300, 0.504990
0.102400, 0.505478
0.102500, 0.506042
0.102600, 0.506485
0.102700, 0.507126
0.102800, 0.507599
0.102900, 0.508255
0.103000, 0.508682
0.103100, 0.509262
0.103200, 0.509781
0.103300, 0.510284
0.103400, 0.510834
0.103500, 0.511368
0.103600, 0.511887
0.103700, 0.512466
0.103800, 0.512970
0.103900, 0.513443
0.104000, 0.514038
0.104100, 0.514572
0.104200, 0.515015
0.104300, 0.515610
0.104400, 0.516129
0.104500, 0.516693
0.104600, 0.517227
0.104700, 0.517700
0.104800, 0.518265
0.104900, 0.518829
0.105000, 0.519318
0.105100, 0.519821
0.105200, 0.520370
0.105300, 0.520920
0.105400, 0.521408
0.105500, 0.521988
0.105600, 0.522476
0.105700, 0.522980
0.105800, 0.523529
0.105900, 0.524078
0.106000, 0.524567
0.106100, 0.525101
0.106200, 0.525635
0.106300, 0.526154
0.106400, 0.526657
0.106500, 0.527222
0.106600, 0.527771
0.106700, 0.528214
0.106800, 0.528809
0.106900, 0.529282
0.107000, 0.529831
0.107100, 0.530350
0.107200, 0.530853
0.107300, 0.531418
0.107400, 0.531937
0.107500, 0.532455
0.107600, 0.532928
0.107700, 0.533508
0.107800, 0.533997
0.107900, 0.534500
0.108000, 0.535080
0.108100, 0.535568
0.108200, 0.536072
0.108300, 0.536636
0.108400, 0.537109
0.108500, 0.537613
0.108600, 0.538177
0.108700, 0.538651
0.108800, 0.539230
0.108900, 0.539719
0.109000, 0.540253
0.109100, 0.540802
0.109200, 0.541260
0.109300, 0.541794
0.109400, 0.542313
0.109500, 0.542877
0.109600, 0.543350
0.109700, 0.543854
0.109800, 0.544418
0.109900, 0.544922
0.110000, 0.545395
0.110100, 0.545944
0.110200, 0.546432
0.110300, 0.546982
0.110400, 0.547501
0.110500, 0.548019
0.110600, 0.548523
0.110700, 0.549011
0.110800, 0.549530
0.110900, 0.550079
0.111000, 0.550568
0.111100, 0.551056
0.111200, 0.551590
0.111300, 0.552124
0.111400, 0.552612
0.111500, 0.553101
0.111600, 0.553635
0.111700, 0.554153
0.111800, 0.554703
0.111900, 0.555145
0.112000, 0.555710
0.112100, 0.556183
0.112200, 0.556763
0.112300, 0.557220
0.112400, 0.557724
0.112500, 0.558197
0.112600, 0.558685
0.112700, 0.559250
0.112800, 0.559753
0.112900, 0.560287
0.113000, 0.560791
0.113100, 0.561310
0.113200, 0.561844
0.113300, 0.562363
0.113400, 0.562820
0.113500, 0.563339
0.113600, 0.563828
0.113700, 0.564331
0.113800, 0.564850
0.113900, 0.565384
0.114000, 0.565903
0.114100, 0.566360
0.114200, 0.566895
0.114300, 0.567398
0.114400, 0.567886
0.114500, 0.568420
0.114600, 0.568878
0.114700, 0.569458
0.114800, 0.569885
0.114900, 0.570343
0.115000, 0.570969
0.115100, 0.571426
0.115200, 0.571960
0.115300, 0.572433
0.115400, 0.572891
0.115500, 0.573456
0.115600, 0.573914
0.115700, 0.574387
0.115800, 0.574890
0.115900, 0.575378
0.116000, 0.575897
0.116100, 0.576462
0.116200, 0.576965
0.116300, 0.577454
0.116400, 0.577972
0.116500, 0.578400
0.116600, 0.578949
0.116700, 0.579422
0.116800, 0.579956
0.116900, 0.580414
0.117000, 0.580948
0.117100, 0.581375
0.117200, 0.581955
0.117300, 0.582382
0.117400, 0.582886
0.117500, 0.583405
0.117600, 0.583923
0.117700, 0.584427
0.117800, 0.584885
0.117900, 0.585388
0.118000, 0.585892
0.118100, 0.586380
0.118200, 0.586884
0.118300, 0.587418
0.118400, 0.587814
0.118500, 0.588318
0.118600, 0.588867
0.118700, 0.589371
0.118800, 0.589859
0.118900, 0.590347
0.119000, 0.590820
0.119100, 0.591324
0.119200, 0.591797
0.119300, 0.592270
0.119400, 0.592773
0.119500, 0.593277
0.119600, 0.593796
0.119700, 0.594284
0.119800, 0.594772
0.119900, 0.595261
0.120000, 0.595688
0.120100, 0.596237
0.120200, 0.596695
0.120300, 0.597229
0.120400, 0.597717
0.120500, 0.598160
0.120600, 0.598633
0.120700, 0.599136
0.120800, 0.599670
0.120900, 0.600098
0.121000, 0.600647
0.121100, 0.601074
0.121200, 0.601593
0.121300, 0.602112
0.121400, 0.602478
0.121500, 0.603027
0.121600, 0.603516
0.121700, 0.604080
0.121800, 0.604477
0.121900, 0.604950
0.122000, 0.605515
0.122100, 0.605972
0.122200, 0.606445
0.122300, 0.606857
0.122400, 0.607407
0.122500, 0.607910
0.122600, 0.608307
0.122700, 0.608856
0.122800, 0.609268
0.122900, 0.609848
0.123000, 0.610321
0.123100, 0.610779
0.123200, 0.611206
0.123300, 0.611771
0.123400, 0.612198
0.123500, 0.612717
0.123600, 0.613190
0.123700, 0.613647
0.123800, 0.614120
0.123900, 0.614594
0.124000, 0.615051
0.124100, 0.615570
0.124200, 0.616043
0.124300, 0.616501
0.124400, 0.617020
0.124500, 0.617508
0.124600, 0.617966
0.124700, 0.618408
0.124800, 0.618958
0.124900, 0.619431
0.125000, 0.619873
0.125100, 0.620300
0.125200, 0.620789
0.125300, 0.621262
0.125400, 0.621719
0.125500, 0.622177
0.125600, 0.622665
0.125700, 0.623169
0.125800, 0.623611
0.125900, 0.624115
0.126000, 0.624557
0.126100, 0.625061
0.126200, 0.625534
0.126300, 0.625992
0.126400, 0.626480
0.126500, 0.626953
0.126600, 0.627441
0.126700, 0.627884
0.126800, 0.628296
0.126900, 0.628815
0.127000, 0.629288
0.127100, 0.629745
0.127200, 0.630188
0.127300, 0.630692
0.127400, 0.631134
0.127500, 0.631622
0.127600, 0.632080
0.127700, 0.632568
0.127800, 0.633057
0.127900, 0.633484
0.128000, 0.633972
0.128100, 0.634430
0.128200, 0.634872
0.128300, 0.635345
0.128400, 0.635803
0.128500, 0.636307
0.128600, 0.636734
0.128700, 0.637222
0.128800, 0.637695
0.128900, 0.638138
0.129000, 0.638657
0.129100, 0.639099
0.129200, 0.639542
0.129300, 0.639969
0.129400, 0.640442
0.129500, 0.640961
0.129600, 0.641342
0.129700, 0.641861
0.129800, 0.642319
0.129900, 0.642731
0.130000, 0.643204
0.130100, 0.643707
0.130200, 0.644135
0.130300, 0.644577
0.130400, 0.645050
0.130500, 0.645523
0.130600, 0.645950
0.130700, 0.646347
0.130800, 0.646896
0.130900, 0.647324
0.131000, 0.647812
0.131100, 0.648239
0.131200, 0.648682
0.131300, 0.649155
0.131400, 0.649597
0.131500, 0.650055
0.131600, 0.650497
0.131700, 0.650986
0.131800, 0.651459
0.131900, 0.651886
0.132000, 0.652390
0.132100, 0.652832
0.132200, 0.653229
0.132300, 0.653702
0.132400, 0.654160
0.132500, 0.654633
0.132600, 0.655060
0.132700, 0.655518
0.132800, 0.655991
0.132900, 0.656433
0.133000, 0.656876
0.133100, 0.657288
0.133200, 0.657776
0.133300, 0.658203
0.133400, 0.658691
0.133500, 0.659088
0.133600, 0.659561
0.133700, 0.660034
0.133800, 0.660461
0.133900, 0.660934
0.134000, 0.661362
0.134100, 0.661865
0.134200, 0.662262
0.134300, 0.662704
0.134400, 0.663162
0.134500, 0.663635
0.134600, 0.664017
0.134700, 0.664505
0.134800, 0.664932
0.134900, 0.665375
0.135000, 0.665802
0.135100, 0.666275
0.135200, 0.666748
0.135300, 0.667114
0.135400, 0.667603
0.135500, 0.667984
0.135600, 0.668472
0.135700, 0.668915
0.135800, 0.669327
0.135900, 0.669785
0.136000, 0.670212
0.136100, 0.670685
0.136200, 0.671127
0.136300, 0.671570
0.136400, 0.672028
0.136500, 0.672455
0.136600, 0.672867
0.136700, 0.673325
0.136800, 0.673782
0.136900, 0.674194
0.137000, 0.674637
0.137100, 0.675079
0.137200, 0.675522
0.137300, 0.675949
0.137400, 0.676392
0.137500, 0.676819
0.137600, 0.677246
0.137700, 0.677689
0.137800, 0.678146
0.137900, 0.678574
0.138000, 0.679016
0.138100, 0.679413
0.138200, 0.679871
0.138300, 0.680252
0.138400, 0.680740
0.138500, 0.681137
0.138600, 0.681595
0.138700, 0.682007
0.138800, 0.682465
0.138900, 0.682907
0.139000, 0.683334
0.139100, 0.683807
0.139200, 0.684204
0.139300, 0.684647
0.139400, 0.685059
0.139500, 0.685471
0.139600, 0.685913
0.139700, 0.686371
0.139800, 0.686737
0.139900, 0.687180
0.140000, 0.687622
0.140100, 0.688110
0.140200, 0.688477
0.140300, 0.688873
0.140400, 0.689346
0.140500, 0.689774
0.140600, 0.690201
0.140700, 0.690567
0.140800, 0.691025
0.140900, 0.691467
0.141000, 0.691895
0.141100, 0.692322
0.141200, 0.692703
0.141300, 0.693207
0.141400, 0.693573
0.141500, 0.693970
0.141600, 0.694397
0.141700, 0.694885
0.141800, 0.695236
0.141900, 0.695663
0.142000, 0.696136
0.142100, 0.696594
0.142200, 0.696976
0.142300, 0.697372
0.142400, 0.697815
0.142500, 0.698242
0.142600, 0.698654
0.142700, 0.699081
0.142800, 0.699509
0.142900, 0.699890
0.143000, 0.700363
0.143100, 0.700760
0.143200, 0.701126
0.143300, 0.701599
0.143400, 0.701981
0.143500, 0.702377
0.143600, 0.702850
0.143700, 0.703278
0.143800, 0.703705
0.143900, 0.704071
0.144000, 0.704468
0.144100, 0.704880
0.144200, 0.705292
0.144300, 0.705750
0.144400, 0.706177
0.144500, 0.706604
0.144600, 0.706970
0.144700, 0.707382
0.144800, 0.707794
0.144900, 0.708237
0.145000, 0.708618
0.145100, 0.709045
0.145200, 0.709457
0.145300, 0.709854
0.145400, 0.710266
0.145500, 0.710678
0.145600, 0.711136
0.145700, 0.711517
0.145800, 0.711884
0.145900, 0.712265
0.146000, 0.712723
0.146100, 0.713135
0.146200, 0.713577
0.146300, 0.713928
0.146400, 0.714340
0.146500, 0.714722
0.146600, 0.715118
0.146700, 0.715515
0.146800, 0.715988
0.146900, 0.716415
0.147000, 0.716736
0.147100, 0.717163
0.147200, 0.717590
0.147300, 0.718033
0.147400, 0.718399
0.147500, 0.718811
0.147600, 0.719223
0.147700, 0.719620
0.147800, 0.720016
0.147900, 0.720383
0.148000, 0.720764
0.148100, 0.721252
0.148200, 0.721634
0.148300, 0.721985
0.148400, 0.722412
0.148500, 0.722839
0.148600, 0.723251
0.148700, 0.723618
0.148800, 0.724014
0.148900, 0.724426
0.149000, 0.724854
0.149100, 0.725235
0.149200, 0.725601
0.149300, 0.726059
0.149400, 0.726471
0.149500, 0.726822
0.149600, 0.727203
0.149700, 0.727585
0.149800, 0.727982
0.149900, 0.728424
0.150000, 0.728806
0.150100, 0.729141
0.150200, 0.729584
0.150300, 0.729950
0.150400, 0.730377
0.150500, 0.730759
0.150600, 0.731125
0.150700, 0.731522
0.150800, 0.731949
0.150900, 0.732346
0.151000, 0.732742
0.151100, 0.733093
0.151200, 0.733536
0.151300, 0.733902
0.151400, 0.734299
0.151500, 0.734665
0.151600, 0.735092
0.151700, 0.735489
0.151800, 0.735825
0.151900, 0.736237
0.152000, 0.736618
0.152100, 0.737030
0.152200, 0.737411
0.152300, 0.737808
0.152400, 0.738129
0.152500, 0.738571
0.152600, 0.738937
0.152700, 0.739349
0.152800, 0.739716
0.152900, 0.740097
0.153000, 0.740433
0.153100, 0.740906
0.153200, 0.741241
0.153300, 0.741623
0.153400, 0.742004
0.153500, 0.742371
0.153600, 0.742828
0.153700, 0.743195
0.153800, 0.743546
0.153900, 0.743942
0.154000, 0.744278
0.154100, 0.744720
0.154200, 0.745102
0.154300, 0.745529
0.154400, 0.745834
0.154500, 0.746216
0.154600, 0.746613
0.154700, 0.747040
0.154800, 0.747360
0.154900, 0.747726
0.155000, 0.748093
0.155100, 0.748535
0.155200, 0.748840
0.155300, 0.749268
0.155400, 0.749603
0.155500, 0.750015
0.155600, 0.750397
0.155700, 0.750748
0.155800, 0.751129
0.155900, 0.751495
0.156000, 0.751877
0.156100, 0.752258
0.156200, 0.752625
0.156300, 0.752975
0.156400, 0.753403
0.156500, 0.753723
0.156600, 0.754120
0.156700, 0.754456
0.156800, 0.754898
0.156900, 0.755219
0.157000, 0.755585
0.157100, 0.756012
0.157200, 0.756332
0.157300, 0.756744
0.157400, 0.757156
0.157500, 0.757462
0.157600, 0.757812
0.157700, 0.758224
0.157800, 0.758560
0.157900, 0.758881
0.158000, 0.759323
0.158100, 0.759674
0.158200, 0.760056
0.158300, 0.760391
0.158400, 0.760818
0.158500, 0.761139
0.158600, 0.761505
0.158700, 0.761917
0.158800, 0.762268
0.158900, 0.762589
0.159000, 0.762985
0.159100, 0.763290
0.159200, 0.763687
0.159300, 0.764038
0.159400, 0.764481
0.159500, 0.764771
0.159600, 0.765121
0.159700, 0.765533
0.159800, 0.765930
0.159900, 0.766296
0.160000, 0.766617
0.160100, 0.766968
0.160200, 0.767334
0.160300, 0.767685
0.160400, 0.768051
0.160500, 0.768402
0.160600, 0.768738
0.160700, 0.769150
0.160800, 0.769485
0.160900, 0.769836
0.161000, 0.770187
0.161100, 0.770599
0.161200, 0.770996
0.161300, 0.771271
0.161400, 0.771637
0.161500, 0.772018
0.161600, 0.772354
0.161700, 0.772720
0.161800, 0.773026
0.161900, 0.773422
0.162000, 0.773788
0.162100, 0.774124
0.162200, 0.774521
0.162300, 0.774918
0.162400, 0.775162
0.162500, 0.775543
0.162600, 0.775864
0.162700, 0.776215
0.162800, 0.776596
0.162900, 0.776978
0.163000, 0.777298
0.163100, 0.777679
0.163200, 0.778000
0.163300, 0.778351
0.163400, 0.778732
0.163500, 0.779037
0.163600, 0.779343
0.163700, 0.779755
0.163800, 0.780106
0.163900, 0.780487
0.164000, 0.780807
0.164100, 0.781189
0.164200, 0.781509
0.164300, 0.781830
0.164400, 0.782227
0.164500, 0.782516
0.164600, 0.782883
0.164700, 0.783218
0.164800, 0.783569
0.164900, 0.783936
0.165000, 0.784256
0.165100, 0.784653
0.165200, 0.784943
0.165300, 0.785294
0.165400, 0.785614
0.165500, 0.786011
0.165600, 0.786346
0.165700, 0.786713
0.165800, 0.787003
0.165900, 0.787384
0.166000, 0.787659
0.166100, 0.787994
0.166200, 0.788391
0.166300, 0.788666
0.166400, 0.789093
0.166500, 0.789429
0.166600, 0.789734
0.166700, 0.790054
0.166800, 0.790390
0.166900, 0.790741
0.167000, 0.791077
0.167100, 0.791473
0.167200, 0.791779
0.167300, 0.792114
0.167400, 0.792496
0.167500, 0.792770
0.167600, 0.793076
0.167700, 0.793381
0.167800, 0.793732
0.167900, 0.794098
0.168000, 0.794418
0.168100, 0.794754
0.168200, 0.795074
0.168300, 0.795456
0.168400, 0.795761
0.168500, 0.796112
0.168600, 0.796448
0.168700, 0.796799
0.168800, 0.797089
0.168900, 0.797485
0.169000, 0.797760
0.169100, 0.798080
0.169200, 0.798447
0.169300, 0.798767
0.169400, 0.799118
0.169500, 0.799423
0.169600, 0.799759
0.169700, 0.800095
0.169800, 0.800415
0.169900, 0.800735
0.170000, 0.801102
0.170100, 0.801392
0.170200, 0.801712
0.170300, 0.802078
0.170400, 0.802353
0.170500, 0.802673
0.170600, 0.803024
0.170700, 0.803375
0.170800, 0.803711
0.170900, 0.804001
0.171000, 0.804337
0.171100, 0.804596
0.171200, 0.804962
0.171300, 0.805313
0.171400, 0.805618
0.171500, 0.805908
0.171600, 0.806274
0.171700, 0.806580
0.171800, 0.806915
0.171900, 0.807251
0.172000, 0.807526
0.172100, 0.807861
0.172200, 0.808167
0.172300, 0.808563
0.172400, 0.808884
0.172500, 0.809143
0.172600, 0.809464
0.172700, 0.809845
0.172800, 0.810089
0.172900, 0.810425
0.173000, 0.810745
0.173100, 0.811111
0.173200, 0.811340
0.173300, 0.811737
0.173400, 0.812027
0.173500, 0.812286
0.173600, 0.812668
0.173700, 0.812927
0.173800, 0.813217
0.173900, 0.813614
0.174000, 0.813828
0.174100, 0.814240
0.174200, 0.814560
0.174300, 0.814865
0.174400, 0.815140
0.174500, 0.815475
0.174600, 0.815796
0.174700, 0.816132
0.174800, 0.816406
0.174900, 0.816696
0.175000, 0.817017
0.175100, 0.817322
0.175200, 0.817612
0.175300, 0.817978
0.175400, 0.818283
0.175500, 0.818619
0.175600, 0.818878
0.175700, 0.819214
0.175800, 0.819519
0.175900, 0.819855
0.176000, 0.820129
0.176100, 0.820450
0.176200, 0.820740
0.176300, 0.821014
0.176400, 0.821320
0.176500, 0.821686
0.176600, 0.822021
0.176700, 0.822250
0.176800, 0.822617
0.176900, 0.822891
0.177000, 0.823166
0.177100, 0.823547
0.177200, 0.823807
0.177300, 0.824142
0.177400, 0.824463
0.177500, 0.824692
0.177600, 0.824982
0.177700, 0.825287
0.177800, 0.825592
0.177900, 0.825912
0.178000, 0.826218
0.178100, 0.826569
0.178200, 0.826797
0.178300, 0.827133
0.178400, 0.827454
0.178500, 0.827713
0.178600, 0.828033
0.178700, 0.828323
0.178800, 0.828598
0.178900, 0.828934
0.179000, 0.829208
0.179100, 0.829544
0.179200, 0.829773
0.179300, 0.830154
0.179400, 0.830444
0.179500, 0.830688
0.179600, 0.831055
0.179700, 0.831284
0.179800, 0.831619
0.179900, 0.831894
0.180000, 0.832214
0.180100, 0.832458
0.180200, 0.832733
0.180300, 0.833038
0.180400, 0.833389
0.180500, 0.833633
0.180600, 0.833969
0.180700, 0.834229
0.180800, 0.834503
0.180900, 0.834839
0.181000, 0.835083
0.181100, 0.835388
0.181200, 0.835709
0.181300, 0.836014
0.181400, 0.836258
0.181500, 0.836578
0.181600, 0.836823
0.181700, 0.837097
0.181800, 0.837402
0.181900, 0.837723
0.182000, 0.838013
0.182100, 0.838318
0.182200, 0.838623
0.182300, 0.838898
0.182400, 0.839172
0.182500, 0.839417
0.182600, 0.839691
0.182700, 0.840012
0.182800, 0.840271
0.182900, 0.840591
0.183000, 0.840866
0.183100, 0.841141
0.183200, 0.841415
0.183300, 0.841721
0.183400, 0.841995
0.183500, 0.842300
0.183600, 0.842575
0.183700, 0.842804
0.183800, 0.843140
0.183900, 0.843460
0.184000, 0.843689
0.184100, 0.843964
0.184200, 0.844254
0.184300, 0.844513
0.184400, 0.844803
0.184500, 0.845062
0.184600, 0.845337
0.184700, 0.845642
0.184800, 0.845886
0.184900, 0.846176
0.185000, 0.846527
0.185100, 0.846786
0.185200, 0.847046
0.185300, 0.847305
0.185400, 0.847610
0.185500, 0.847885
0.185600, 0.848145
0.185700, 0.848434
0.185800, 0.848709
0.185900, 0.848969
0.186000, 0.849258
0.186100, 0.849518
0.186200, 0.849792
0.186300, 0.850128
0.186400, 0.850342
0.186500, 0.850616
0.186600, 0.850876
0.186700, 0.851181
0.186800, 0.851440
0.186900, 0.851746
0.187000, 0.852005
0.187100, 0.852295
0.187200, 0.852585
0.187300, 0.852844
0.187400, 0.853104
0.187500, 0.853363
0.187600, 0.853607
0.187700, 0.853851
0.187800, 0.854141
0.187900, 0.854416
0.188000, 0.854660
0.188100, 0.854980
0.188200, 0.855240
0.188300, 0.855499
0.188400, 0.855804
0.188500, 0.856049
0.188600, 0.856308
0.188700, 0.856598
0.188800, 0.856842
0.188900, 0.857086
0.189000, 0.857346
0.189100, 0.857651
0.189200, 0.857925
0.189300, 0.858185
0.189400, 0.858414
0.189500, 0.858734
0.189600, 0.858994
0.189700, 0.859253
0.189800, 0.859512
0.189900, 0.859695
0.190000, 0.860031
0.190100, 0.860306
0.190200, 0.860504
0.190300, 0.860779
0.190400, 0.861099
0.190500, 0.861313
0.190600, 0.861603
0.190700, 0.861877
0.190800, 0.862076
0.190900, 0.862320
0.191000, 0.862671
0.191100, 0.862823
0.191200, 0.863144
0.191300, 0.863419
0.191400, 0.863647
0.191500, 0.863892
0.191600, 0.864151
0.191700, 0.864410
0.191800, 0.864670
0.191900, 0.864960
0.192000, 0.865189
0.192100, 0.865433
0.192200, 0.865692
0.192300, 0.865936
0.192400, 0.866241
0.192500, 0.866455
0.192600, 0.866745
0.192700, 0.866974
0.192800, 0.867233
0.192900, 0.867508
0.193000, 0.867722
0.193100, 0.867950
0.193200, 0.868225
0.193300, 0.868515
0.193400, 0.868698
0.193500, 0.868973
0.193600, 0.869293
0.193700, 0.869492
0.193800, 0.869720
0.193900, 0.869980
0.194000, 0.870239
0.194100, 0.870407
0.194200, 0.870758
0.194300, 0.871033
0.194400, 0.871246
0.194500, 0.871521
0.194600, 0.871750
0.194700, 0.872009
0.194800, 0.872177
0.194900, 0.872513
0.195000, 0.872757
0.195100, 0.872986
0.195200, 0.873230
0.195300, 0.873474
0.195400, 0.873657
0.195500, 0.873978
0.195600, 0.874207
0.195700, 0.874451
0.195800, 0.874634
0.195900, 0.874939
0.196000, 0.875153
0.196100, 0.875412
0.196200, 0.875656
0.196300, 0.875931
0.196400, 0.876129
0.196500, 0.876343
0.196600, 0.876648
0.196700, 0.876831
0.196800, 0.877090
0.196900, 0.877335
0.197000, 0.877609
0.197100, 0.877838
0.197200, 0.878082
0.197300, 0.878296
0.197400, 0.878571
0.197500, 0.878815
0.197600, 0.879044
0.197700, 0.879227
0.197800, 0.879486
0.197900, 0.879730
0.198000, 0.879944
0.198100, 0.880157
0.198200, 0.880432
0.198300, 0.880692
0.198400, 0.880951
0.198500, 0.881165
0.198600, 0.881393
0.198700, 0.881638
0.198800, 0.881882
0.198900, 0.882141
0.199000, 0.882355
0.199100, 0.882568
0.199200, 0.882812
0.199300, 0.883026
0.199400, 0.883270
0.199500, 0.883514
0.199600, 0.883789
0.199700, 0.883942
0.199800, 0.884216
0.199900, 0.884445
0.200000, 0.884705
0.200100, 0.884903
0.200200, 0.885071
0.200300, 0.885330
0.200400, 0.885574
0.200500, 0.885834
0.200600, 0.886017
0.200700, 0.886276
0.200800, 0.886459
0.200900, 0.886688
0.201000, 0.886963
0.201100, 0.887177
0.201200, 0.887436
0.201300, 0.887665
0.201400, 0.887924
0.201500, 0.888031
0.201600, 0.888336
0.201700, 0.888550
0.201800, 0.888763
0.201900, 0.888977
0.202000, 0.889236
0.202100, 0.889450
0.202200, 0.889679
0.202300, 0.889923
0.202400, 0.890076
0.202500, 0.890366
0.202600, 0.890564
0.202700, 0.890808
0.202800, 0.890961
0.202900, 0.891220
0.203000, 0.891464
0.203100, 0.891693
0.203200, 0.891907
0.203300, 0.892105
0.203400, 0.892365
0.203500, 0.892563
0.203600, 0.892776
0.203700, 0.893036
0.203800, 0.893219
0.203900, 0.893463
0.204000, 0.893707
0.204100, 0.893906
0.204200, 0.894104
0.204300, 0.894363
0.204400, 0.894562
0.204500, 0.894775
0.204600, 0.895020
0.204700, 0.895157
0.204800, 0.895355
0.204900, 0.895660
0.205000, 0.895874
0.205100, 0.896103
0.205200, 0.896286
0.205300, 0.896530
0.205400, 0.896698
0.205500, 0.896927
0.205600, 0.897110
0.205700, 0.897339
0.205800, 0.897552
0.205900, 0.897751
0.206000, 0.897995
0.206100, 0.898193
0.206200, 0.898392
0.206300, 0.898621
0.206400, 0.898865
0.206500, 0.899048
0.206600, 0.899292
0.206700, 0.899475
0.206800, 0.899673
0.206900, 0.899902
0.207000, 0.900116
0.207100, 0.900360
0.207200, 0.900558
0.207300, 0.900757
0.207400, 0.900925
0.207500, 0.901184
0.207600, 0.901367
0.207700, 0.901550
0.207800, 0.901779
0.207900, 0.901947
0.208000, 0.902222
0.208100, 0.902374
0.208200, 0.902618
0.208300, 0.902817
0.208400, 0.903030
0.208500, 0.903244
0.208600, 0.903412
0.208700, 0.903595
0.208800, 0.903870
0.208900, 0.904053
0.209000, 0.904266
0.209100, 0.904449
0.209200, 0.904633
0.209300, 0.904861
0.209400, 0.905060
0.209500, 0.905243
0.209600, 0.905533
0.209700, 0.905655
0.209800, 0.905899
0.209900, 0.906067
0.210000, 0.906326
0.210100, 0.906479
0.210200, 0.906647
0.210300, 0.906891
0.210400, 0.907120
0.210500, 0.907272
0.210600, 0.907486
0.210700, 0.907715
0.210800, 0.907852
0.210900, 0.908066
0.211000, 0.908279
0.211100, 0.908432
0.211200, 0.908722
0.211300, 0.908859
0.211400, 0.909042
0.211500, 0.909271
0.211600, 0.909439
0.211700, 0.909683
0.211800, 0.909836
0.211900, 0.910049
0.212000, 0.910217
0.212100, 0.910416
0.212200, 0.910599
0.212300, 0.910797
0.212400, 0.911026
0.212500, 0.911255
0.212600, 0.911438
0.212700, 0.911606
0.212800, 0.911804
0.212900, 0.912018
0.213000, 0.912186
0.213100, 0.912384
0.213200, 0.912552
0.213300, 0.912766
0.213400, 0.912964
0.213500, 0.913193
0.213600, 0.913361
0.213700, 0.913513
0.213800, 0.913696
0.213900, 0.913879
0.214000, 0.914078
0.214100, 0.914307
0.214200, 0.914520
0.214300, 0.914719
0.214400, 0.914886
0.214500, 0.915085
0.214600, 0.915237
0.214700, 0.915405
0.214800, 0.915604
0.214900, 0.915817
0.215000, 0.916016
0.215100, 0.916214
0.215200, 0.916351
0.215300, 0.916534
0.215400, 0.916763
0.215500, 0.916916
0.215600, 0.917114
0.215700, 0.917328
0.215800, 0.917480
0.215900, 0.917679
0.216000, 0.917862
0.216100, 0.918015
0.216200, 0.918228
0.216300, 0.918442
0.216400, 0.918579
0.216500, 0.918777
0.216600, 0.918900
0.216700, 0.919113
0.216800, 0.919327
0.216900, 0.919525
0.217000, 0.919708
0.217100, 0.919891
0.217200, 0.920090
0.217300, 0.920242
0.217400, 0.920410
0.217500, 0.920563
0.217600, 0.920792
0.217700, 0.921005
0.217800, 0.921143
0.217900, 0.921295
0.218000, 0.921478
0.218100, 0.921677
0.218200, 0.921814
0.218300, 0.922058
0.218400, 0.922180
0.218500, 0.922394
0.218600, 0.922577
0.218700, 0.922775
0.218800, 0.922913
0.218900, 0.923096
0.219000, 0.923264
0.219100, 0.923447
0.219200, 0.923599
0.219300, 0.923813
0.219400, 0.923965
0.219500, 0.924164
0.219600, 0.924347
0.219700, 0.924500
0.219800, 0.924698
0.219900, 0.924850
0.220000, 0.925018
0.220100, 0.925171
0.220200, 0.925323
0.220300, 0.925552
0.220400, 0.925720
0.220500, 0.925858
0.220600, 0.926086
0.220700, 0.926193
0.220800, 0.926346
0.220900, 0.926575
0.221000, 0.926743
0.221100, 0.926926
0.221200, 0.927094
0.221300, 0.927292
0.221400, 0.927353
0.221500, 0.927597
0.221600, 0.927734
0.221700, 0.927948
0.221800, 0.928085
0.221900, 0.928268
0.222000, 0.928391
0.222100, 0.928589
0.222200, 0.928772
0.222300, 0.928940
0.222400, 0.929077
0.222500, 0.929245
0.222600, 0.929443
0.222700, 0.929626
0.222800, 0.929733
0.222900, 0.929947
0.223000, 0.930115
0.223100, 0.930298
0.223200, 0.930435
0.223300, 0.930557
0.223400, 0.930801
0.223500, 0.930923
0.223600, 0.931091
0.223700, 0.931198
0.223800, 0.931427
0.223900, 0.931564
0.224000, 0.931793
0.224100, 0.931915
0.224200, 0.932068
0.224300, 0.932251
0.224400, 0.932419
0.224500, 0.932541
0.224600, 0.932755
0.224700, 0.932892
0.224800, 0.933060
0.224900, 0.933258
0.225000, 0.933380
0.225100, 0.933548
0.225200, 0.933685
0.225300, 0.933868
0.225400, 0.934021
0.225500, 0.934189
0.225600, 0.934296
0.225700, 0.934540
0.225800, 0.934616
0.225900, 0.934814
0.226000, 0.934937
0.226100, 0.935074
0.226200, 0.935303
0.226300, 0.935425
0.226400, 0.935577
0.226500, 0.935730
0.226600, 0.935898
0.226700, 0.936050
0.226800, 0.936234
0.226900, 0.936371
0.227000, 0.936523
0.227100, 0.936707
0.227200, 0.936874
0.227300, 0.936951
0.227400, 0.937164
0.227500, 0.937256
0.227600, 0.937469
0.227700, 0.937592
0.227800, 0.937790
0.227900, 0.937881
0.228000, 0.938049
0.228100, 0.938202
0.228200, 0.938339
0.228300, 0.938522
0.228400, 0.938644
0.228500, 0.938858
0.228600, 0.938919
0.228700, 0.939117
0.228800, 0.939270
0.228900, 0.939423
0.229000, 0.939590
0.229100, 0.939697
0.229200, 0.939896
0.229300, 0.940033
0.229400, 0.940155
0.229500, 0.940353
0.229600, 0.940491
0.229700, 0.940628
0.229800, 0.940796
0.229900, 0.940918
0.230000, 0.941086
0.230100, 0.941223
0.230200, 0.941315
0.230300, 0.941528
0.230400, 0.941666
0.230500, 0.941742
0.230600, 0.941986
0.230700, 0.942062
0.230800, 0.942200
0.230900, 0.942352
0.231000, 0.942505
0.231100, 0.942673
0.231200, 0.942841
0.231300, 0.942963
0.231400, 0.943115
0.231500, 0.943237
0.231600, 0.943375
0.231700, 0.943573
0.231800, 0.943680
0.231900, 0.943787
0.232000, 0.943924
0.232100, 0.944077
0.232200, 0.944260
0.232300, 0.944397
0.232400, 0.944504
0.232500, 0.944733
0.232600, 0.944824
0.232700, 0.944931
0.232800, 0.945114
0.232900, 0.945251
0.233000, 0.945389
0.233100, 0.945541
0.233200, 0.945618
0.233300, 0.945786
0.233400, 0.945831
0.233500, 0.946060
0.233600, 0.946182
0.233700, 0.946350
0.233800, 0.946533
0.233900, 0.946564
0.234000, 0.946762
0.234100, 0.946838
0.234200, 0.947067
0.234300, 0.947144
0.234400, 0.947311
0.234500, 0.947449
0.234600, 0.947632
0.234700, 0.947769
0.234800, 0.947845
0.234900, 0.947952
0.235000, 0.948135
0.235100, 0.948273
0.235200, 0.948380
0.235300, 0.948502
0.235400, 0.948730
0.235500, 0.948822
0.235600, 0.948929
0.235700, 0.949051
0.235800, 0.949203
0.235900, 0.949341
0.236000, 0.949432
0.236100, 0.949554
0.236200, 0.949738
0.236300, 0.949844
0.236400, 0.949982
0.236500, 0.950119
0.236600, 0.950241
0.236700, 0.950424
0.236800, 0.950546
0.236900, 0.950668
0.237000, 0.950745
0.237100, 0.950912
0.237200, 0.951080
0.237300, 0.951187
0.237400, 0.951309
0.237500, 0.951416
0.237600, 0.951584
0.237700, 0.951691
0.237800, 0.951859
0.237900, 0.951935
0.238000, 0.952118
0.238100, 0.952209
0.238200, 0.952301
0.238300, 0.952454
0.238400, 0.952576
0.238500, 0.952744
0.238600, 0.952835
0.238700, 0.952972
0.238800, 0.953079
0.238900, 0.953262
0.239000, 0.953354
0.239100, 0.953445
0.239200, 0.953583
0.239300, 0.953690
0.239400, 0.953842
0.239500, 0.953964
0.239600, 0.954071
0.239700, 0.954193
0.239800, 0.954330
0.239900, 0.954483
0.240000, 0.954620
0.240100, 0.954727
0.240200, 0.954803
0.240300, 0.954956
0.240400, 0.955124
0.240500, 0.955139
0.240600, 0.955322
0.240700, 0.955429
0.240800, 0.955536
0.240900, 0.955734
0.241000, 0.955765
0.241100, 0.955902
0.241200, 0.956039
0.241300, 0.956192
0.241400, 0.956268
0.241500, 0.956314
0.241600, 0.956543
0.241700, 0.956619
0.241800, 0.956757
0.241900, 0.956848
0.242000, 0.956985
0.242100, 0.957138
0.242200, 0.957214
0.242300, 0.957367
0.242400, 0.957428
0.242500, 0.957596
0.242600, 0.957687
0.242700, 0.957855
0.242800, 0.957962
0.242900, 0.958069
0.243000, 0.958160
0.243100, 0.958282
0.243200, 0.958420
0.243300, 0.958481
0.243400, 0.958679
0.243500, 0.958679
0.243600, 0.958862
0.243700, 0.959015
0.243800, 0.959106
0.243900, 0.959244
0.244000, 0.959381
0.244100, 0.959427
0.244200, 0.959534
0.244300, 0.959656
0.244400, 0.959778
0.244500, 0.959915
0.244600, 0.960022
0.244700, 0.960159
0.244800, 0.960236
0.244900, 0.960342
0.245000, 0.960464
0.245100, 0.960602
0.245200, 0.960709
0.245300, 0.960800
0.245400, 0.960922
0.245500, 0.960938
0.245600, 0.961136
0.245700, 0.961212
0.245800, 0.961334
0.245900, 0.961502
0.246000, 0.961578
0.246100, 0.961685
0.246200, 0.961761
0.246300, 0.961868
0.246400, 0.961975
0.246500, 0.962143
0.246600, 0.962219
0.246700, 0.962372
0.246800, 0.962494
0.246900, 0.962570
0.247000, 0.962677
0.247100, 0.962753
0.247200, 0.962860
0.247300, 0.962997
0.247400, 0.963058
0.247500, 0.963181
0.247600, 0.963303
0.247700, 0.963409
0.247800, 0.963486
0.247900, 0.963593
0.248000, 0.963730
0.248100, 0.963821
0.248200, 0.963928
0.248300, 0.964020
0.248400, 0.964127
0.248500, 0.964264
0.248600, 0.964355
0.248700, 0.964447
0.248800, 0.964554
0.248900, 0.964645
0.249000, 0.964706
0.249100, 0.964859
0.249200, 0.964951
0.249300, 0.965042
0.249400, 0.965179
0.249500, 0.965240
0.249600, 0.965363
0.249700, 0.965469
0.249800, 0.965622
0.249900, 0.965714
0.250000, 0.965698
0.250100, 0.965897
0.250200, 0.965973
0.250300, 0.966110
0.250400, 0.966156
0.250500, 0.966248
0.250600, 0.966415
0.250700, 0.966492
0.250800, 0.966537
0.250900, 0.966644
0.251000, 0.966812
0.251100, 0.966843
0.251200, 0.967010
0.251300, 0.967102
0.251400, 0.967194
0.251500, 0.967255
0.251600, 0.967407
0.251700, 0.967468
0.251800, 0.967590
0.251900, 0.967636
0.252000, 0.967773
0.252100, 0.967850
0.252200, 0.967926
0.252300, 0.968033
0.252400, 0.968140
0.252500, 0.968246
0.252600, 0.968338
0.252700, 0.968414
0.252800, 0.968521
0.252900, 0.968658
0.253000, 0.968719
0.253100, 0.968811
0.253200, 0.968918
0.253300, 0.968933
0.253400, 0.969070
0.253500, 0.969177
0.253600, 0.969269
0.253700, 0.969391
0.253800, 0.969421
0.253900, 0.969528
0.254000, 0.969650
0.254100, 0.969711
0.254200, 0.969818
0.254300, 0.969925
0.254400, 0.970016
0.254500, 0.970123
0.254600, 0.970245
0.254700, 0.970291
0.254800, 0.970398
0.254900, 0.970474
0.255000, 0.970596
0.255100, 0.970642
0.255200, 0.970764
0.255300, 0.970795
0.255400, 0.970947
0.255500, 0.971054
0.255600, 0.971100
0.255700, 0.971176
0.255800, 0.971283
0.255900, 0.971390
0.256000, 0.971466
0.256100, 0.971573
0.256200, 0.971588
0.256300, 0.971725
0.256400, 0.971771
0.256500, 0.971878
0.256600, 0.972015
0.256700, 0.972076
0.256800, 0.972122
0.256900, 0.972244
0.257000, 0.972305
0.257100, 0.972412
0.257200, 0.972534
0.257300, 0.972595
0.257400, 0.972687
0.257500, 0.972748
0.257600, 0.972885
0.257700, 0.972961
0.257800, 0.973022
0.257900, 0.973129
0.258000, 0.973175
0.258100, 0.973282
0.258200, 0.973343
0.258300, 0.973419
0.258400, 0.973465
0.258500, 0.973602
0.258600, 0.973709
0.258700, 0.973770
0.258800, 0.973846
0.258900, 0.973953
0.259000, 0.974060
0.259100, 0.974091
0.259200, 0.974197
0.259300, 0.974304
0.259400, 0.974319
0.259500, 0.974426
0.259600, 0.974518
0.259700, 0.974594
0.259800, 0.974716
0.259900, 0.974762
0.260000, 0.974854
0.260100, 0.974899
0.260200, 0.975021
0.260300, 0.975128
0.260400, 0.975143
0.260500, 0.975235
0.260600, 0.975327
0.260700, 0.975372
0.260800, 0.975494
0.260900, 0.975571
0.261000, 0.975616
0.261100, 0.975739
0.261200, 0.975754
0.261300, 0.975876
0.261400, 0.975937
0.261500, 0.975967
0.261600, 0.976089
0.261700, 0.976151
0.261800, 0.976242
0.261900, 0.976318
0.262000, 0.976410
0.262100, 0.976501
0.262200, 0.976578
0.262300, 0.976639
0.262400, 0.976715
0.262500, 0.976776
0.262600, 0.976852
0.262700, 0.976959
0.262800, 0.977036
0.262900, 0.977036
0.263000, 0.977158
0.263100, 0.977249
0.263200, 0.977341
0.263300, 0.977386
0.263400, 0.977493
0.263500, 0.977570
0.263600, 0.977600
0.263700, 0.977676
0.263800, 0.977768
0.263900, 0.977829
0.264000, 0.977921
0.264100, 0.977966
0.264200, 0.978073
0.264300, 0.978134
0.264400, 0.978180
0.264500, 0.978210
0.264600, 0.978317
0.264700, 0.978470
0.264800, 0.978470
0.264900, 0.978546
0.265000, 0.978653
0.265100, 0.978699
0.265200, 0.978760
0.265300, 0.978836
0.265400, 0.978897
0.265500, 0.978958
0.265600, 0.979019
0.265700, 0.979095
0.265800, 0.979172
0.265900, 0.979248
0.266000, 0.979324
0.266100, 0.979401
0.266200, 0.979462
0.266300, 0.979507
0.266400, 0.979553
0.266500, 0.979660
0.266600, 0.979752
0.266700, 0.979858
0.266800, 0.979874
0.266900, 0.979919
0.267000, 0.980011
0.267100, 0.980103
0.267200, 0.980148
0.267300, 0.980255
0.267400, 0.980270
0.267500, 0.980347
0.267600, 0.980453
0.267700, 0.980515
0.267800, 0.980545
0.267900, 0.980621
0.268000, 0.980698
0.268100, 0.980743
0.268200, 0.980804
0.268300, 0.980804
0.268400, 0.980957
0.268500, 0.981003
0.268600, 0.981064
0.268700, 0.981094
0.268800, 0.981186
0.268900, 0.981247
0.269000, 0.981339
0.269100, 0.981415
0.269200, 0.981476
0.269300, 0.981461
0.269400, 0.981552
0.269500, 0.981613
0.269600, 0.981705
0.269700, 0.981812
0.269800, 0.981827
0.269900, 0.981903
0.270000, 0.981888
0.270100, 0.981979
0.270200, 0.982117
0.270300, 0.982162
0.270400, 0.982162
0.270500, 0.982269
0.270600, 0.982300
0.270700, 0.982361
0.270800, 0.982422
0.270900, 0.982468
0.271000, 0.982574
0.271100, 0.982651
0.271200, 0.982651
0.271300, 0.982727
0.271400, 0.982819
0.271500, 0.982849
0.271600, 0.982956
0.271700, 0.983017
0.271800, 0.983017
0.271900, 0.983139
0.272000, 0.983139
0.272100, 0.983231
0.272200, 0.983292
0.272300, 0.983368
0.272400, 0.983368
0.272500, 0.983459
0.272600, 0.983490
0.272700, 0.983521
0.272800, 0.983582
0.272900, 0.983658
0.273000, 0.983765
0.273100, 0.983749
0.273200, 0.983902
0.273300, 0.983902
0.273400, 0.983963
0.273500, 0.983994
0.273600, 0.984085
0.273700, 0.984131
0.273800, 0.984192
0.273900, 0.984207
0.274000, 0.984283
0.274100, 0.984344
0.274200, 0.984375
0.274300, 0.984467
0.274400, 0.984497
0.274500, 0.984573
0.274600, 0.984604
0.274700, 0.984711
0.274800, 0.984741
0.274900, 0.984818
0.275000, 0.984833
0.275100, 0.984879
0.275200, 0.984894
0.275300, 0.985001
0.275400, 0.985046
0.275500, 0.985138
0.275600, 0.985153
0.275700, 0.985184
0.275800, 0.985245
0.275900, 0.985260
0.276000, 0.985336
0.276100, 0.985458
0.276200, 0.985443
0.276300, 0.985504
0.276400, 0.985535
0.276500, 0.985626
0.276600, 0.985641
0.276700, 0.985733
0.276800, 0.985764
0.276900, 0.985825
0.277000, 0.985886
0.277100, 0.985886
0.277200, 0.985931
0.277300, 0.985992
0.277400, 0.986115
0.277500, 0.986115
0.277600, 0.986160
0.277700, 0.986206
0.277800, 0.986267
0.277900, 0.986298
0.278000, 0.986328
0.278100, 0.986389
0.278200, 0.986435
0.278300, 0.986511
0.278400, 0.986526
0.278500, 0.986588
0.278600, 0.986603
0.278700, 0.986633
0.278800, 0.986755
0.278900, 0.986786
0.279000, 0.986862
0.279100, 0.986877
0.279200, 0.986954
0.279300, 0.986984
0.279400, 0.987030
0.279500, 0.987030
0.279600, 0.987061
0.279700, 0.987183
0.279800, 0.987213
0.279900, 0.987228
0.280000, 0.987305
0.280100, 0.987305
0.280200, 0.987427
0.280300, 0.987427
0.280400, 0.987457
0.280500, 0.987564
0.280600, 0.987564
0.280700, 0.987595
0.280800, 0.987671
0.280900, 0.987686
0.281000, 0.987717
0.281100, 0.987732
0.281200, 0.987778
0.281300, 0.987885
0.281400, 0.987885
0.281500, 0.987946
0.281600, 0.988052
0.281700, 0.988052
0.281800, 0.988068
0.281900, 0.988083
0.282000, 0.988129
0.282100, 0.988190
0.282200, 0.988281
0.282300, 0.988281
0.282400, 0.988327
0.282500, 0.988403
0.282600, 0.988373
0.282700, 0.988464
0.282800, 0.988449
0.282900, 0.988525
0.283000, 0.988556
0.283100, 0.988617
0.283200, 0.988678
0.283300, 0.988678
0.283400, 0.988754
0.283500, 0.988785
0.283600, 0.988800
0.283700, 0.988861
0.283800, 0.988876
0.283900, 0.988968
0.284000, 0.988983
0.284100, 0.989044
0.284200, 0.989090
0.284300, 0.989075
0.284400, 0.989120
0.284500, 0.989136
0.284600, 0.989197
0.284700, 0.989212
0.284800, 0.989273
0.284900, 0.989334
0.285000, 0.989365
0.285100, 0.989395
0.285200, 0.989456
0.285300, 0.989502
0.285400, 0.989487
0.285500, 0.989517
0.285600, 0.989563
0.285700, 0.989609
0.285800, 0.989685
0.285900, 0.989670
0.286000, 0.989700
0.286100, 0.989792
0.286200, 0.989792
0.286300, 0.989838
0.286400, 0.989838
0.286500, 0.989899
0.286600, 0.989929
0.286700, 0.989975
0.286800, 0.990036
0.286900, 0.990021
0.287000, 0.990036
0.287100, 0.990112
0.287200, 0.990112
0.287300, 0.990204
0.287400, 0.990234
0.287500, 0.990219
0.287600, 0.990234
0.287700, 0.990295
0.287800, 0.990341
0.287900, 0.990402
0.288000, 0.990387
0.288100, 0.990433
0.288200, 0.990448
0.288300, 0.990524
0.288400, 0.990555
0.288500, 0.990540
0.288600, 0.990570
0.288700, 0.990570
0.288800, 0.990662
0.288900, 0.990707
0.289000, 0.990707
0.289100, 0.990753
0.289200, 0.990845
0.289300, 0.990784
0.289400, 0.990860
0.289500, 0.990891
0.289600, 0.990891
0.289700, 0.990967
0.289800, 0.991013
0.289900, 0.991028
0.290000, 0.991104
0.290100, 0.991043
0.290200, 0.991119
0.290300, 0.991119
0.290400, 0.991150
0.290500, 0.991196
0.290600, 0.991196
0.290700, 0.991287
0.290800, 0.991272
0.290900, 0.991302
0.291000, 0.991348
0.291100, 0.991318
0.291200, 0.991394
0.291300, 0.991394
0.291400, 0.991455
0.291500, 0.991516
0.291600, 0.991547
0.291700, 0.991547
0.291800, 0.991531
0.291900, 0.991592
0.292000, 0.991608
0.292100, 0.991653
0.292200, 0.991684
0.292300, 0.991699
0.292400, 0.991714
0.292500, 0.991745
0.292600, 0.991745
0.292700, 0.991760
0.292800, 0.991852
0.292900, 0.991852
0.293000, 0.991837
0.293100, 0.991898
0.293200, 0.991913
0.293300, 0.991943
0.293400, 0.992004
0.293500, 0.991943
0.293600, 0.992035
0.293700, 0.992065
0.293800, 0.992081
0.293900, 0.992081
0.294000, 0.992111
0.294100, 0.992157
0.294200, 0.992142
0.294300, 0.992142
0.294400, 0.992203
0.294500, 0.992218
0.294600, 0.992233
0.294700, 0.992264
0.294800, 0.992310
0.294900, 0.992310
0.295000, 0.992371
0.295100, 0.992340
0.295200, 0.992401
0.295300, 0.992401
0.295400, 0.992371
0.295500, 0.992447
0.295600, 0.992493
0.295700, 0.992523
0.295800, 0.992493
0.295900, 0.992569
0.296000, 0.992554
0.296100, 0.992569
0.296200, 0.992615
0.296300, 0.992661
0.296400, 0.992645
0.296500, 0.992691
0.296600, 0.992706
0.296700, 0.992676
0.296800, 0.992752
0.296900, 0.992783
0.297000, 0.992752
0.297100, 0.992752
0.297200, 0.992874
0.297300, 0.992813
0.297400, 0.992844
0.297500, 0.992874
0.297600, 0.992889
0.297700, 0.992950
0.297800, 0.992950
0.297900, 0.992935
0.298000, 0.992981
0.298100, 0.993042
0.298200, 0.992981
0.298300, 0.992996
0.298400, 0.993027
0.298500, 0.993042
0.298600, 0.993088
0.298700, 0.993057
0.298800, 0.993103
0.298900, 0.993134
0.299000, 0.993195
0.299100, 0.993149
0.299200, 0.993179
0.299300, 0.993195
0.299400, 0.993164
0.299500, 0.993195
0.299600, 0.993225
0.299700, 0.993286
0.299800, 0.993301
0.299900, 0.993317
0.300000, 0.993332
0.300100, 0.993332
0.300200, 0.993362
0.300300, 0.993347
0.300400, 0.993378
0.300500, 0.993408
0.300600, 0.993408
0.300700, 0.993439
0.300800, 0.993408
0.300900, 0.993454
0.301000, 0.993469
0.301100, 0.993500
0.301200, 0.993515
0.301300, 0.993530
0.301400, 0.993591
0.301500, 0.993530
0.301600, 0.993561
0.301700, 0.993591
0.301800, 0.993607
0.301900, 0.993576
0.302000, 0.993591
0.302100, 0.993576
0.302200, 0.993683
0.302300, 0.993668
0.302400, 0.993652
0.302500, 0.993713
0.302600, 0.993668
0.302700, 0.993713
0.302800, 0.993729
0.302900, 0.993698
0.303000, 0.993713
0.303100, 0.993759
0.303200, 0.993774
0.303300, 0.993805
0.303400, 0.993790
0.303500, 0.993820
0.303600, 0.993866
0.303700, 0.993851
0.303800, 0.993881
0.303900, 0.993835
0.304000, 0.993820
0.304100, 0.993820
0.304200, 0.993835
0.304300, 0.993881
0.304400, 0.993896
0.304500, 0.993896
0.304600, 0.993896
0.304700, 0.993927
0.304800, 0.993973
0.304900, 0.993942
0.305000, 0.994003
0.305100, 0.993958
0.305200, 0.994034
0.305300, 0.994034
0.305400, 0.993973
0.305500, 0.994003
0.305600, 0.994064
0.305700, 0.994019
0.305800, 0.994049
0.305900, 0.994034
0.306000, 0.994049
0.306100, 0.994064
0.306200, 0.994064
0.306300, 0.994110
0.306400, 0.994080
0.306500, 0.994064
0.306600, 0.994125
0.306700, 0.994080
0.306800, 0.994095
0.306900, 0.994125
0.307000, 0.994125
0.307100, 0.994141
0.307200, 0.994156
0.307300, 0.994141
0.307400, 0.994125
0.307500, 0.994186
0.307600, 0.994141
0.307700, 0.994171
0.307800, 0.994202
0.307900, 0.994202
0.308000, 0.994217
0.308100, 0.994232
0.308200, 0.994202
0.308300, 0.994217
0.308400, 0.994278
0.308500, 0.994232
0.308600, 0.994232
0.308700, 0.994232
0.308800, 0.994232
0.308900, 0.994217
0.309000, 0.994232
0.309100, 0.994217
0.309200, 0.994263
0.309300, 0.994217
0.309400, 0.994278
0.309500, 0.994263
0.309600, 0.994308
0.309700, 0.994232
0.309800, 0.994217
0.309900, 0.994293
0.310000, 0.994308
0.310100, 0.994263
0.310200, 0.994354
0.310300, 0.994278
0.310400, 0.994308
0.310500, 0.994308
0.310600, 0.994308
0.310700, 0.994370
0.310800, 0.994278
0.310900, 0.994308
0.311000, 0.994308
0.311100, 0.994370
0.311200, 0.994308
0.311300, 0.994339
0.311400, 0.994354
0.311500, 0.994354
0.311600, 0.994339
0.311700, 0.994339
0.311800, 0.994370
0.311900, 0.994278
0.312000, 0.994324
0.312100, 0.994339
0.312200, 0.994385
0.312300, 0.994354
0.312400, 0.994324
0.312500, 0.994354
0.312600, 0.994339
0.312700, 0.994324
0.312800, 0.994385
0.312900, 0.994324
0.313000, 0.994339
0.313100, 0.994354
0.313200, 0.994308
0.313300, 0.994324
0.313400, 0.994370
0.313500, 0.994385
0.313600, 0.994293
0.313700, 0.994339
0.313800, 0.994308
0.313900, 0.994385
0.314000, 0.994324
0.314100, 0.994324
0.314200, 0.994324
0.314300, 0.994324
0.314400, 0.994339
0.314500, 0.994293
0.314600, 0.994339
0.314700, 0.994339
0.314800, 0.994339
0.314900, 0.994324
0.315000, 0.994339
0.315100, 0.994308
0.315200, 0.994324
0.315300, 0.994324
0.315400, 0.994324
0.315500, 0.994339
0.315600, 0.994278
0.315700, 0.994339
0.315800, 0.994308
0.315900, 0.994293
0.316000, 0.994308
0.316100, 0.994293
0.316200, 0.994308
0.316300, 0.994278
0.316400, 0.994263
0.316500, 0.994308
0.316600, 0.994308
0.316700, 0.994293
0.316800, 0.994278
0.316900, 0.994278
0.317000, 0.994217
0.317100, 0.994247
0.317200, 0.994232
0.317300, 0.994217
0.317400, 0.994247
0.317500, 0.994232
0.317600, 0.994202
0.317700, 0.994202
0.317800, 0.994217
0.317900, 0.994278
0.318000, 0.994202
0.318100, 0.994247
0.318200, 0.994186
0.318300, 0.994202
0.318400, 0.994217
0.318500, 0.994202
0.318600, 0.994186
0.318700, 0.994171
0.318800, 0.994141
0.318900, 0.994110
0.319000, 0.994110
0.319100, 0.994141
0.319200, 0.994125
0.319300, 0.994110
0.319400, 0.994141
0.319500, 0.994080
0.319600, 0.994095
0.319700, 0.994064
0.319800, 0.994080
0.319900, 0.994064
0.320000, 0.994095
0.320100, 0.994049
0.320200, 0.994049
0.320300, 0.994064
0.320400, 0.994019
0.320500, 0.994034
0.320600, 0.994019
0.320700, 0.994049
0.320800, 0.994003
0.320900, 0.993973
0.321000, 0.993973
0.321100, 0.993988
0.321200, 0.994003
0.321300, 0.993973
0.321400, 0.993958
0.321500, 0.993958
0.321600, 0.993927
0.321700, 0.993866
0.321800, 0.993942
0.321900, 0.993896
0.322000, 0.993927
0.322100, 0.993896
0.322200, 0.993896
0.322300, 0.993881
0.322400, 0.993820
0.322500, 0.993851
0.322600, 0.993820
0.322700, 0.993835
0.322800, 0.993805
0.322900, 0.993790
0.323000, 0.993805
0.323100, 0.993774
0.323200, 0.993774
0.323300, 0.993713
0.323400, 0.993713
0.323500, 0.993759
0.323600, 0.993744
0.323700, 0.993729
0.323800, 0.993729
0.323900, 0.993683
0.324000, 0.993668
0.324100, 0.993698
0.324200, 0.993668
0.324300, 0.993668
0.324400, 0.993683
0.324500, 0.993637
0.324600, 0.993652
0.324700, 0.993607
0.324800, 0.993607
0.324900, 0.993546
0.325000, 0.993515
0.325100, 0.993530
0.325200, 0.993515
0.325300, 0.993500
0.325400, 0.993469
0.325500, 0.993484
0.325600, 0.993454
0.325700, 0.993484
0.325800, 0.993454
0.325900, 0.993439
0.326000, 0.993439
0.326100, 0.993362
0.326200, 0.993378
0.326300, 0.993393
0.326400, 0.993347
0.326500, 0.993301
0.326600, 0.993317
0.326700, 0.993286
0.326800, 0.993271
0.326900, 0.993286
0.327000, 0.993271
0.327100, 0.993256
0.327200, 0.993179
0.327300, 0.993164
0.327400, 0.993210
0.327500, 0.993179
0.327600, 0.993179
0.327700, 0.993134
0.327800, 0.993179
0.327900, 0.993118
0.328000, 0.993103
0.328100, 0.993073
0.328200, 0.993103
0.328300, 0.993042
0.328400, 0.993042
0.328500, 0.993042
0.328600, 0.992981
0.328700, 0.992981
0.328800, 0.992950
0.328900, 0.992981
0.329000, 0.992935
0.329100, 0.992905
0.329200, 0.992844
0.329300, 0.992859
0.329400, 0.992889
0.329500, 0.992844
0.329600, 0.992813
0.329700, 0.992752
0.329800, 0.992783
0.329900, 0.992737
0.330000, 0.992752
0.330100, 0.992767
0.330200, 0.992722
0.330300, 0.992676
0.330400, 0.992706
0.330500, 0.992645
0.330600, 0.992645
0.330700, 0.992615
0.330800, 0.992584
0.330900, 0.992569
0.331000, 0.992599
0.331100, 0.992538
0.331200, 0.992554
0.331300, 0.992538
0.331400, 0.992493
0.331500, 0.992447
0.331600, 0.992432
0.331700, 0.992462
0.331800, 0.992371
0.331900, 0.992340
0.332000, 0.992386
0.332100, 0.992386
0.332200, 0.992325
0.332300, 0.992279
0.332400, 0.992310
0.332500, 0.992249
0.332600, 0.992233
0.332700, 0.992218
0.332800, 0.992218
0.332900, 0.992172
0.333000, 0.992142
0.333100, 0.992111
0.333200, 0.992142
0.333300, 0.992065
0.333400, 0.992020
0.333500, 0.992065
0.333600, 0.992004
0.333700, 0.991989
0.333800, 0.991989
0.333900, 0.991943
0.334000, 0.991943
0.334100, 0.991882
0.334200, 0.991928
0.334300, 0.991867
0.334400, 0.991852
0.334500, 0.991776
0.334600, 0.991776
0.334700, 0.991821
0.334800, 0.991745
0.334900, 0.991745
0.335000, 0.991745
0.335100, 0.991684
0.335200, 0.991638
0.335300, 0.991684
0.335400, 0.991638
0.335500, 0.991608
0.335600, 0.991577
0.335700, 0.991516
0.335800, 0.991516
0.335900, 0.991486
0.336000, 0.991455
0.336100, 0.991440
0.336200, 0.991486
0.336300, 0.991409
0.336400, 0.991379
0.336500, 0.991318
0.336600, 0.991318
0.336700, 0.991287
0.336800, 0.991302
0.336900, 0.991272
0.337000, 0.991211
0.337100, 0.991196
0.337200, 0.991180
0.337300, 0.991165
0.337400, 0.991135
0.337500, 0.991089
0.337600, 0.991074
0.337700, 0.991058
0.337800, 0.991013
0.337900, 0.991028
0.338000, 0.990967
0.338100, 0.990982
0.338200, 0.990906
0.338300, 0.990829
0.338400, 0.990875
0.338500, 0.990814
0.338600, 0.990799
0.338700, 0.990753
0.338800, 0.990723
0.338900, 0.990723
0.339000, 0.990707
0.339100, 0.990707
0.339200, 0.990646
0.339300, 0.990601
0.339400, 0.990631
0.339500, 0.990555
0.339600, 0.990601
0.339700, 0.990479
0.339800, 0.990494
0.339900, 0.990494
0.340000, 0.990387
0.340100, 0.990417
0.340200, 0.990356
0.340300, 0.990341
0.340400, 0.990280
0.340500, 0.990265
0.340600, 0.990280
0.340700, 0.990219
0.340800, 0.990128
0.340900, 0.990128
0.341000, 0.990173
0.341100, 0.990067
0.341200, 0.990097
0.341300, 0.990082
0.341400, 0.989975
0.341500, 0.989975
0.341600, 0.989975
0.341700, 0.989960
0.341800, 0.989853
0.341900, 0.989807
0.342000, 0.989807
0.342100, 0.989807
0.342200, 0.989746
0.342300, 0.989716
0.342400, 0.989700
0.342500, 0.989700
0.342600, 0.989655
0.342700, 0.989624
0.342800, 0.989563
0.342900, 0.989563
0.343000, 0.989517
0.343100, 0.989456
0.343200, 0.989471
0.343300, 0.989456
0.343400, 0.989410
0.343500, 0.989395
0.343600, 0.989395
0.343700, 0.989334
0.343800, 0.989288
0.343900, 0.989227
0.344000, 0.989166
0.344100, 0.989120
0.344200, 0.989197
0.344300, 0.989120
0.344400, 0.989120
0.344500, 0.989059
0.344600, 0.988998
0.344700, 0.988998
0.344800, 0.988968
0.344900, 0.988922
0.345000, 0.988892
0.345100, 0.988831
0.345200, 0.988785
0.345300, 0.988785
0.345400, 0.988770
0.345500, 0.988754
0.345600, 0.988708
0.345700, 0.988678
0.345800, 0.988647
0.345900, 0.988571
0.346000, 0.988556
0.346100, 0.988495
0.346200, 0.988510
0.346300, 0.988464
0.346400, 0.988419
0.346500, 0.988373
0.346600, 0.988342
0.346700, 0.988342
0.346800, 0.988251
0.346900, 0.988220
0.347000, 0.988235
0.347100, 0.988190
0.347200, 0.988129
0.347300, 0.988083
0.347400, 0.988022
0.347500, 0.988022
0.347600, 0.987961
0.347700, 0.987961
0.347800, 0.987961
0.347900, 0.987885
0.348000, 0.987854
0.348100, 0.987793
0.348200, 0.987717
0.348300, 0.987762
0.348400, 0.987717
0.348500, 0.987671
0.348600, 0.987579
0.348700, 0.987610
0.348800, 0.987534
0.348900, 0.987488
0.349000, 0.987457
0.349100, 0.987473
0.349200, 0.987350
0.349300, 0.987396
0.349400, 0.987320
0.349500, 0.987320
0.349600, 0.987274
0.349700, 0.987228
0.349800, 0.987198
0.349900, 0.987183
0.350000, 0.987091
0.350100, 0.987106
0.350200, 0.987061
0.350300, 0.987045
0.350400, 0.986969
0.350500, 0.986938
0.350600, 0.986908
0.350700, 0.986832
0.350800, 0.986816
0.350900, 0.986816
0.351000, 0.986725
0.351100, 0.986649
0.351200, 0.986664
0.351300, 0.986633
0.351400, 0.986572
0.351500, 0.986572
0.351600, 0.986542
0.351700, 0.986481
0.351800, 0.986450
0.351900, 0.986328
0.352000, 0.986359
0.352100, 0.986298
0.352200, 0.986313
0.352300, 0.986252
0.352400, 0.986221
0.352500, 0.986176
0.352600, 0.986069
0.352700, 0.986069
0.352800, 0.986069
0.352900, 0.985977
0.353000, 0.985931
0.353100, 0.985886
0.353200, 0.985840
0.353300, 0.985840
0.353400, 0.985779
0.353500, 0.985748
0.353600, 0.985703
0.353700, 0.985657
0.353800, 0.985596
0.353900, 0.985565
0.354000, 0.985535
0.354100, 0.985489
0.354200, 0.985504
0.354300, 0.985413
0.354400, 0.985397
0.354500, 0.985275
0.354600, 0.985306
0.354700, 0.985214
0.354800, 0.985199
0.354900, 0.985184
0.355000, 0.985123
0.355100, 0.985062
0.355200, 0.985046
0.355300, 0.985001
0.355400, 0.984985
0.355500, 0.984894
0.355600, 0.984833
0.355700, 0.984772
0.355800, 0.984772
0.355900, 0.984741
0.356000, 0.984695
0.356100, 0.984650
0.356200, 0.984604
0.356300, 0.984528
0.356400, 0.984543
0.356500, 0.984451
0.356600, 0.984436
0.356700, 0.984390
0.356800, 0.984344
0.356900, 0.984299
0.357000, 0.984222
0.357100, 0.984192
0.357200, 0.984146
0.357300, 0.984116
0.357400, 0.984055
0.357500, 0.984024
0.357600, 0.983978
0.357700, 0.983902
0.357800, 0.983932
0.357900, 0.983856
0.358000, 0.983826
0.358100, 0.983749
0.358200, 0.983749
0.358300, 0.983673
0.358400, 0.983627
0.358500, 0.983551
0.358600, 0.983490
0.358700, 0.983521
0.358800, 0.983429
0.358900, 0.983383
0.359000, 0.983383
0.359100, 0.983292
0.359200, 0.983231
0.359300, 0.983215
0.359400, 0.983170
0.359500, 0.983154
0.359600, 0.983078
0.359700, 0.983017
0.359800, 0.983017
0.359900, 0.982941
0.360000, 0.982788
0.360100, 0.982834
0.360200, 0.982773
0.360300, 0.982773
0.360400, 0.982681
0.360500, 0.982666
0.360600, 0.982605
0.360700, 0.982574
0.360800, 0.982513
0.360900, 0.982483
0.361000, 0.982452
0.361100, 0.982391
0.361200, 0.982285
0.361300, 0.982254
0.361400, 0.982224
0.361500, 0.982193
0.361600, 0.982101
0.361700, 0.982056
0.361800, 0.982025
0.361900, 0.981949
0.362000, 0.981964
0.362100, 0.981888
0.362200, 0.981827
0.362300, 0.981735
0.362400, 0.981674
0.362500, 0.981659
0.362600, 0.981628
0.362700, 0.981583
0.362800, 0.981552
0.362900, 0.981445
0.363000, 0.981430
0.363100, 0.981369
0.363200, 0.981308
0.363300, 0.981262
0.363400, 0.981247
0.363500, 0.981216
0.363600, 0.981125
0.363700, 0.981110
0.363800, 0.981003
0.363900, 0.980957
0.364000, 0.980942
0.364100, 0.980865
0.364200, 0.980850
0.364300, 0.980789
0.364400, 0.980743
0.364500, 0.980667
0.364600, 0.980652
0.364700, 0.980606
0.364800, 0.980515
0.364900, 0.980515
0.365000, 0.980408
0.365100, 0.980377
0.365200, 0.980301
0.365300, 0.980255
0.365400, 0.980225
0.365500, 0.980118
0.365600, 0.980118
0.365700, 0.980057
0.365800, 0.980026
0.365900, 0.979950
0.366000, 0.979919
0.366100, 0.979858
0.366200, 0.979813
0.366300, 0.979752
0.366400, 0.979660
0.366500, 0.979614
0.366600, 0.979584
0.366700, 0.979507
0.366800, 0.979477
0.366900, 0.979416
0.367000, 0.979401
0.367100, 0.979355
0.367200, 0.979233
0.367300, 0.979263
0.367400, 0.979187
0.367500, 0.979111
0.367600, 0.979065
0.367700, 0.979004
0.367800, 0.978912
0.367900, 0.978897
0.368000, 0.978851
0.368100, 0.978806
0.368200, 0.978745
0.368300, 0.978699
0.368400, 0.978607
0.368500, 0.978592
0.368600, 0.978485
0.368700, 0.978470
0.368800, 0.978439
0.368900, 0.978333
0.369000, 0.978333
0.369100, 0.978271
0.369200, 0.978149
0.369300, 0.978180
0.369400, 0.978088
0.369500, 0.978027
0.369600, 0.977966
0.369700, 0.977921
0.369800, 0.977859
0.369900, 0.977829
0.370000, 0.977722
0.370100, 0.977707
0.370200, 0.977631
0.370300, 0.977600
0.370400, 0.977524
0.370500, 0.977448
0.370600, 0.977417
0.370700, 0.977341
0.370800, 0.977310
0.370900, 0.977203
0.371000, 0.977203
0.371100, 0.977142
0.371200, 0.977066
0.371300, 0.977020
0.371400, 0.976913
0.371500, 0.976898
0.371600, 0.976791
0.371700, 0.976791
0.371800, 0.976700
0.371900, 0.976624
0.372000, 0.976608
0.372100, 0.976562
0.372200, 0.976532
0.372300, 0.976456
0.372400, 0.976379
0.372500, 0.976303
0.372600, 0.976212
0.372700, 0.976227
0.372800, 0.976151
0.372900, 0.976074
0.373000, 0.975983
0.373100, 0.975952
0.373200, 0.975922
0.373300, 0.975800
0.373400, 0.975845
0.373500, 0.975723
0.373600, 0.975647
0.373700, 0.975555
0.373800, 0.975555
0.373900, 0.975479
0.374000, 0.975418
0.374100, 0.975342
0.374200, 0.975281
0.374300, 0.975250
0.374400, 0.975220
0.374500, 0.975143
0.374600, 0.975037
0.374700, 0.975052
0.374800, 0.974960
0.374900, 0.974915
0.375000, 0.974792
0.375100, 0.974808
0.375200, 0.974686
0.375300, 0.974670
0.375400, 0.974548
0.375500, 0.974518
0.375600, 0.974472
0.375700, 0.974350
0.375800, 0.974365
0.375900, 0.974289
0.376000, 0.974213
0.376100, 0.974152
0.376200, 0.974106
0.376300, 0.973999
0.376400, 0.973923
0.376500, 0.973907
0.376600, 0.973801
0.376700, 0.973770
0.376800, 0.973709
0.376900, 0.973679
0.377000, 0.973557
0.377100, 0.973526
0.377200, 0.973465
0.377300, 0.973419
0.377400, 0.973328
0.377500, 0.973297
0.377600, 0.973267
0.377700, 0.973175
0.377800, 0.973053
0.377900, 0.973053
0.378000, 0.972946
0.378100, 0.972885
0.378200, 0.972839
0.378300, 0.972717
0.378400, 0.972733
0.378500, 0.972626
0.378600, 0.972549
0.378700, 0.972549
0.378800, 0.972473
0.378900, 0.972382
0.379000, 0.972275
0.379100, 0.972275
0.379200, 0.972168
0.379300, 0.972107
0.379400, 0.972107
0.379500, 0.972031
0.379600, 0.971939
0.379700, 0.971848
0.379800, 0.971817
0.379900, 0.971741
0.380000, 0.971664
0.380100, 0.971619
0.380200, 0.971558
0.380300, 0.971466
0.380400, 0.971390
0.380500, 0.971329
0.380600, 0.971313
0.380700, 0.971222
0.380800, 0.971146
0.380900, 0.971085
0.381000, 0.971008
0.381100, 0.970947
0.381200, 0.970856
0.381300, 0.970795
0.381400, 0.970749
0.381500, 0.970657
0.381600, 0.970566
0.381700, 0.970535
0.381800, 0.970490
0.381900, 0.970398
0.382000, 0.970352
0.382100, 0.970276
0.382200, 0.970215
0.382300, 0.970154
0.382400, 0.970047
0.382500, 0.969955
0.382600, 0.969940
0.382700, 0.969910
0.382800, 0.969772
0.382900, 0.969757
0.383000, 0.969650
0.383100, 0.969604
0.383200, 0.969574
0.383300, 0.969498
0.383400, 0.969391
0.383500, 0.969345
0.383600, 0.969315
0.383700, 0.969177
0.383800, 0.969147
0.383900, 0.969101
0.384000, 0.968933
0.384100, 0.968903
0.384200, 0.968811
0.384300, 0.968781
0.384400, 0.968750
0.384500, 0.968658
0.384600, 0.968597
0.384700, 0.968552
0.384800, 0.968414
0.384900, 0.968369
0.385000, 0.968277
0.385100, 0.968231
0.385200, 0.968216
0.385300, 0.968109
0.385400, 0.968048
0.385500, 0.967911
0.385600, 0.967896
0.385700, 0.967789
0.385800, 0.967728
0.385900, 0.967667
0.386000, 0.967590
0.386100, 0.967484
0.386200, 0.967438
0.386300, 0.967392
0.386400, 0.967331
0.386500, 0.967209
0.386600, 0.967148
0.386700, 0.967072
0.386800, 0.967026
0.386900, 0.966965
0.387000, 0.966843
0.387100, 0.966766
0.387200, 0.966721
0.387300, 0.966644
0.387400, 0.966599
0.387500, 0.966537
0.387600, 0.966461
0.387700, 0.966339
0.387800, 0.966263
0.387900, 0.966232
0.388000, 0.966110
0.388100, 0.966095
0.388200, 0.966003
0.388300, 0.965927
0.388400, 0.965881
0.388500, 0.965820
0.388600, 0.965729
0.388700, 0.965637
0.388800, 0.965546
0.388900, 0.965530
0.389000, 0.965469
0.389100, 0.965347
0.389200, 0.965271
0.389300, 0.965179
0.389400, 0.965118
0.389500, 0.965073
0.389600, 0.964966
0.389700, 0.964859
0.389800, 0.964798
0.389900, 0.964706
0.390000, 0.964706
0.390100, 0.964569
0.390200, 0.964539
0.390300, 0.964447
0.390400, 0.964417
0.390500, 0.964294
0.390600, 0.964249
0.390700, 0.964157
0.390800, 0.964035
0.390900, 0.963974
0.391000, 0.963928
0.391100, 0.963791
0.391200, 0.963806
0.391300, 0.963684
0.391400, 0.963638
0.391500, 0.963577
0.391600, 0.963425
0.391700, 0.963379
0.391800, 0.963303
0.391900, 0.963242
0.392000, 0.963165
0.392100, 0.963058
0.392200, 0.963013
0.392300, 0.962967
0.392400, 0.962891
0.392500, 0.962723
0.392600, 0.962692
0.392700, 0.962601
0.392800, 0.962494
0.392900, 0.962463
0.393000, 0.962402
0.393100, 0.962326
0.393200, 0.962204
0.393300, 0.962158
0.393400, 0.962036
0.393500, 0.962021
0.393600, 0.961929
0.393700, 0.961823
0.393800, 0.961731
0.393900, 0.961655
0.394000, 0.961563
0.394100, 0.961517
0.394200, 0.961411
0.394300, 0.961395
0.394400, 0.961288
0.394500, 0.961212
0.394600, 0.961136
0.394700, 0.961060
0.394800, 0.960968
0.394900, 0.960876
0.395000, 0.960815
0.395100, 0.960693
0.395200, 0.960617
0.395300, 0.960571
0.395400, 0.960449
0.395500, 0.960388
0.395600, 0.960358
0.395700, 0.960220
0.395800, 0.960129
0.395900, 0.960098
0.396000, 0.959976
0.396100, 0.959961
0.396200, 0.959885
0.396300, 0.959763
0.396400, 0.959641
0.396500, 0.959625
0.396600, 0.959534
0.396700, 0.959442
0.396800, 0.959366
0.396900, 0.959274
0.397000, 0.959183
0.397100, 0.959076
0.397200, 0.959045
0.397300, 0.958939
0.397400, 0.958878
0.397500, 0.958755
0.397600, 0.958740
0.397700, 0.958633
0.397800, 0.958527
0.397900, 0.958450
0.398000, 0.958374
0.398100, 0.958298
0.398200, 0.958191
0.398300, 0.958115
0.398400, 0.958054
0.398500, 0.957962
0.398600, 0.957855
0.398700, 0.957779
0.398800, 0.957718
0.398900, 0.957611
0.399000, 0.957504
0.399100, 0.957428
0.399200, 0.957352
0.399300, 0.957245
0.399400, 0.957214
0.399500, 0.957092
0.399600, 0.957016
0.399700, 0.956940
0.399800, 0.956833
0.399900, 0.956772
0.400000, 0.956680
0.400100, 0.956650
0.400200, 0.956573
0.400300, 0.956390
0.400400, 0.956345
0.400500, 0.956268
0.400600, 0.956161
0.400700, 0.956100
0.400800, 0.955978
0.400900, 0.955872
0.401000, 0.955902
0.401100, 0.955704
0.401200, 0.955673
0.401300, 0.955551
0.401400, 0.955460
0.401500, 0.955368
0.401600, 0.955292
0.401700, 0.955231
0.401800, 0.955154
0.401900, 0.955017
0.402000, 0.954956
0.402100, 0.954865
0.402200, 0.954788
0.402300, 0.954727
0.402400, 0.954605
0.402500, 0.954575
0.402600, 0.954453
0.402700, 0.954391
0.402800, 0.954269
0.402900, 0.954163
0.403000, 0.954117
0.403100, 0.953995
0.403200, 0.953903
0.403300, 0.953857
0.403400, 0.953781
0.403500, 0.953629
0.403600, 0.953522
0.403700, 0.953522
0.403800, 0.953400
0.403900, 0.953262
0.404000, 0.953156
0.404100, 0.953125
0.404200, 0.952957
0.404300, 0.952942
0.404400, 0.952866
0.404500, 0.952759
0.404600, 0.952698
0.404700, 0.952560
0.404800, 0.952484
0.404900, 0.952347
0.405000, 0.952301
0.405100, 0.952240
0.405200, 0.952133
0.405300, 0.952042
0.405400, 0.951950
0.405500, 0.951859
0.405600, 0.951736
0.405700, 0.951660
0.405800, 0.951584
0.405900, 0.951523
0.406000, 0.951401
0.406100, 0.951340
0.406200, 0.951263
0.406300, 0.951111
0.406400, 0.951065
0.406500, 0.950989
0.406600, 0.950897
0.406700, 0.950790
0.406800, 0.950684
0.406900, 0.950546
0.407000, 0.950455
0.407100, 0.950378
0.407200, 0.950302
0.407300, 0.950180
0.407400, 0.950150
0.407500, 0.950012
0.407600, 0.949921
0.407700, 0.949829
0.407800, 0.949722
0.407900, 0.949677
0.408000, 0.949539
0.408100, 0.949417
0.408200, 0.949371
0.408300, 0.949249
0.408400, 0.949158
0.408500, 0.949051
0.408600, 0.948959
0.408700, 0.948883
0.408800, 0.948807
0.408900, 0.948746
0.409000, 0.948624
0.409100, 0.948517
0.409200, 0.948380
0.409300, 0.948288
0.409400, 0.948227
0.409500, 0.948151
0.409600, 0.948029
0.409700, 0.947952
0.409800, 0.947861
0.409900, 0.947739
0.410000, 0.947693
0.410100, 0.947647
0.410200, 0.947464
0.410300, 0.947342
0.410400, 0.947266
0.410500, 0.947189
0.410600, 0.947113
0.410700, 0.946976
0.410800, 0.946884
0.410900, 0.946823
0.411000, 0.946762
0.411100, 0.946625
0.411200, 0.946503
0.411300, 0.946381
0.411400, 0.946320
0.411500, 0.946243
0.411600, 0.946136
0.411700, 0.946014
0.411800, 0.945892
0.411900, 0.945786
0.412000, 0.945724
0.412100, 0.945633
0.412200, 0.945587
0.412300, 0.945465
0.412400, 0.945343
0.412500, 0.945206
0.412600, 0.945175
0.412700, 0.945068
0.412800, 0.945007
0.412900, 0.944855
0.413000, 0.944763
0.413100, 0.944626
0.413200, 0.944565
0.413300, 0.944412
0.413400, 0.944351
0.413500, 0.944244
0.413600, 0.944168
0.413700, 0.944016
0.413800, 0.943985
0.413900, 0.943832
0.414000, 0.943756
0.414100, 0.943649
0.414200, 0.943542
0.414300, 0.943466
0.414400, 0.943344
0.414500, 0.943268
0.414600, 0.943130
0.414700, 0.943085
0.414800, 0.942963
0.414900, 0.942825
0.415000, 0.942764
0.415100, 0.942627
0.415200, 0.942535
0.415300, 0.942444
0.415400, 0.942322
0.415500, 0.942291
0.415600, 0.942154
0.415700, 0.942017
0.415800, 0.941940
0.415900, 0.941864
0.416000, 0.941788
0.416100, 0.941620
0.416200, 0.941559
0.416300, 0.941391
0.416400, 0.941360
0.416500, 0.941208
0.416600, 0.941132
0.416700, 0.941025
0.416800, 0.940918
0.416900, 0.940796
0.417000, 0.940689
0.417100, 0.940613
0.417200, 0.940491
0.417300, 0.940384
0.417400, 0.940277
0.417500, 0.940216
0.417600, 0.940109
0.417700, 0.939972
0.417800, 0.939850
0.417900, 0.939774
0.418000, 0.939682
0.418100, 0.939560
0.418200, 0.939468
0.418300, 0.939285
0.418400, 0.939270
0.418500, 0.939163
0.418600, 0.939041
0.418700, 0.938904
0.418800, 0.938858
0.418900, 0.938721
0.419000, 0.938568
0.419100, 0.938461
0.419200, 0.938431
0.419300, 0.938278
0.419400, 0.938156
0.419500, 0.938049
0.419600, 0.938019
0.419700, 0.937866
0.419800, 0.937759
0.419900, 0.937668
0.420000, 0.937531
0.420100, 0.937485
0.420200, 0.937347
0.420300, 0.937180
0.420400, 0.937073
0.420500, 0.937012
0.420600, 0.936874
0.420700, 0.936783
0.420800, 0.936691
0.420900, 0.936584
0.421000, 0.936493
0.421100, 0.936356
0.421200, 0.936234
0.421300, 0.936172
0.421400, 0.936081
0.421500, 0.935944
0.421600, 0.935806
0.421700, 0.935730
0.421800, 0.935577
0.421900, 0.935455
0.422000, 0.935379
0.422100, 0.935242
0.422200, 0.935165
0.422300, 0.935059
0.422400, 0.934967
0.422500, 0.934830
0.422600, 0.934753
0.422700, 0.934616
0.422800, 0.934494
0.422900, 0.934372
0.423000, 0.934311
0.423100, 0.934189
0.423200, 0.934036
0.423300, 0.934006
0.423400, 0.933868
0.423500, 0.933716
0.423600, 0.933670
0.423700, 0.933502
0.423800, 0.933411
0.423900, 0.933273
0.424000, 0.933182
0.424100, 0.933060
0.424200, 0.932892
0.424300, 0.932877
0.424400, 0.932739
0.424500, 0.932678
0.424600, 0.932495
0.424700, 0.932388
0.424800, 0.932281
0.424900, 0.932175
0.425000, 0.932083
0.425100, 0.931900
0.425200, 0.931808
0.425300, 0.931702
0.425400, 0.931595
0.425500, 0.931488
0.425600, 0.931412
0.425700, 0.931274
0.425800, 0.931168
0.425900, 0.931061
0.426000, 0.930939
0.426100, 0.930817
0.426200, 0.930664
0.426300, 0.930573
0.426400, 0.930481
0.426500, 0.930420
0.426600, 0.930222
0.426700, 0.930099
0.426800, 0.930008
0.426900, 0.929901
0.427000, 0.929825
0.427100, 0.929611
0.427200, 0.929535
0.427300, 0.929428
0.427400, 0.929321
0.427500, 0.929184
0.427600, 0.929092
0.427700, 0.929016
0.427800, 0.928833
0.427900, 0.928711
0.428000, 0.928619
0.428100, 0.928497
0.428200, 0.928375
0.428300, 0.928238
0.428400, 0.928146
0.428500, 0.928040
0.428600, 0.927872
0.428700, 0.927811
0.428800, 0.927704
0.428900, 0.927536
0.429000, 0.927475
0.429100, 0.927322
0.429200, 0.927139
0.429300, 0.927109
0.429400, 0.926987
0.429500, 0.926819
0.429600, 0.926758
0.429700, 0.926651
0.429800, 0.926544
0.429900, 0.926422
0.430000, 0.926270
0.430100, 0.926086
0.430200, 0.926025
0.430300, 0.925858
0.430400, 0.925751
0.430500, 0.925690
0.430600, 0.925491
0.430700, 0.925415
0.430800, 0.925308
0.430900, 0.925171
0.431000, 0.925064
0.431100, 0.924942
0.431200, 0.924820
0.431300, 0.924683
0.431400, 0.924561
0.431500, 0.924484
0.431600, 0.924347
0.431700, 0.924240
0.431800, 0.924072
0.431900, 0.923965
0.432000, 0.923813
0.432100, 0.923706
0.432200, 0.923630
0.432300, 0.923523
0.432400, 0.923340
0.432500, 0.923248
0.432600, 0.923141
0.432700, 0.923004
0.432800, 0.922852
0.432900, 0.922729
0.433000, 0.922653
0.433100, 0.922485
0.433200, 0.922394
0.433300, 0.922272
0.433400, 0.922089
0.433500, 0.921997
0.433600, 0.921906
0.433700, 0.921799
0.433800, 0.921631
0.433900, 0.921509
0.434000, 0.921371
0.434100, 0.921249
0.434200, 0.921112
0.434300, 0.921021
0.434400, 0.920883
0.434500, 0.920792
0.434600, 0.920639
0.434700, 0.920471
0.434800, 0.920364
0.434900, 0.920212
0.435000, 0.920166
0.435100, 0.920029
0.435200, 0.919937
0.435300, 0.919724
0.435400, 0.919678
0.435500, 0.919525
0.435600, 0.919388
0.435700, 0.919250
0.435800, 0.919128
0.435900, 0.919006
0.436000, 0.918869
0.436100, 0.918793
0.436200, 0.918625
0.436300, 0.918457
0.436400, 0.918396
0.436500, 0.918274
0.436600, 0.918137
0.436700, 0.918015
0.436800, 0.917847
0.436900, 0.917755
0.437000, 0.917633
0.437100, 0.917465
0.437200, 0.917343
0.437300, 0.917252
0.437400, 0.917160
0.437500, 0.916992
0.437600, 0.916824
0.437700, 0.916718
0.437800, 0.916595
0.437900, 0.916443
0.438000, 0.916275
0.438100, 0.916229
0.438200, 0.916092
0.438300, 0.915924
0.438400, 0.915802
0.438500, 0.915649
0.438600, 0.915527
0.438700, 0.915466
0.438800, 0.915314
0.438900, 0.915146
0.439000, 0.915039
0.439100, 0.914871
0.439200, 0.914780
0.439300, 0.914612
0.439400, 0.914490
0.439500, 0.914322
0.439600, 0.914276
0.439700, 0.914124
0.439800, 0.913971
0.439900, 0.913849
0.440000, 0.913712
0.440100, 0.913559
0.440200, 0.913452
0.440300, 0.913284
0.440400, 0.913177
0.440500, 0.913040
0.440600, 0.912933
0.440700, 0.912766
0.440800, 0.912643
0.440900, 0.912521
0.441000, 0.912384
0.441100, 0.912216
0.441200, 0.912140
0.441300, 0.911972
0.441400, 0.911835
0.441500, 0.911728
0.441600, 0.911575
0.441700, 0.911392
0.441800, 0.911270
0.441900, 0.911224
0.442000, 0.911041
0.442100, 0.910904
0.442200, 0.910767
0.442300, 0.910660
0.442400, 0.910507
0.442500, 0.910385
0.442600, 0.910248
0.442700, 0.910110
0.442800, 0.909958
0.442900, 0.909836
0.443000, 0.909729
0.443100, 0.909561
0.443200, 0.909454
0.443300, 0.909271
0.443400, 0.909149
0.443500, 0.908997
0.443600, 0.908829
0.443700, 0.908737
0.443800, 0.908630
0.443900, 0.908478
0.444000, 0.908310
0.444100, 0.908173
0.444200, 0.908020
0.444300, 0.907898
0.444400, 0.907791
0.444500, 0.907623
0.444600, 0.907516
0.444700, 0.907349
0.444800, 0.907242
0.444900, 0.907089
0.445000, 0.906967
0.445100, 0.906799
0.445200, 0.906631
0.445300, 0.906570
0.445400, 0.906403
0.445500, 0.906250
0.445600, 0.906128
0.445700, 0.905945
0.445800, 0.905792
0.445900, 0.905640
0.446000, 0.905518
0.446100, 0.905411
0.446200, 0.905273
0.446300, 0.905075
0.446400, 0.905014
0.446500, 0.904816
0.446600, 0.904663
0.446700, 0.904572
0.446800, 0.904358
0.446900, 0.904312
0.447000, 0.904175
0.447100, 0.903992
0.447200, 0.903900
0.447300, 0.903671
0.447400, 0.903564
0.447500, 0.903412
0.447600, 0.903305
0.447700, 0.903152
0.447800, 0.903000
0.447900, 0.902878
0.448000, 0.902771
0.448100, 0.902527
0.448200, 0.902451
0.448300, 0.902267
0.448400, 0.902206
0.448500, 0.902008
0.448600, 0.901810
0.448700, 0.901733
0.448800, 0.901550
0.448900, 0.901398
0.449000, 0.901276
0.449100, 0.901169
0.449200, 0.901001
0.449300, 0.900894
0.449400, 0.900711
0.449500, 0.900513
0.449600, 0.900452
0.449700, 0.900299
0.449800, 0.900146
0.449900, 0.899979
0.450000, 0.899872
0.450100, 0.899658
0.450200, 0.899567
0.450300, 0.899368
0.450400, 0.899231
0.450500, 0.899094
0.450600, 0.898956
0.450700, 0.898804
0.450800, 0.898651
0.450900, 0.898544
0.451000, 0.898361
0.451100, 0.898193
0.451200, 0.898071
0.451300, 0.897873
0.451400, 0.897705
0.451500, 0.897598
0.451600, 0.897476
0.451700, 0.897354
0.451800, 0.897186
0.451900, 0.897018
0.452000, 0.896912
0.452100, 0.896744
0.452200, 0.896606
0.452300, 0.896454
0.452400, 0.896317
0.452500, 0.896133
0.452600, 0.895966
0.452700, 0.895844
0.452800, 0.895660
0.452900, 0.895554
0.453000, 0.895401
0.453100, 0.895233
0.453200, 0.895096
0.453300, 0.894958
0.453400, 0.894791
0.453500, 0.894623
0.453600, 0.894455
0.453700, 0.894394
0.453800, 0.894211
0.453900, 0.894058
0.454000, 0.893799
0.454100, 0.893723
0.454200, 0.893600
0.454300, 0.893387
0.454400, 0.893295
0.454500, 0.893082
0.454600, 0.892975
0.454700, 0.892807
0.454800, 0.892685
0.454900, 0.892517
0.455000, 0.892380
0.455100, 0.892212
0.455200, 0.892059
0.455300, 0.891891
0.455400, 0.891754
0.455500, 0.891586
0.455600, 0.891479
0.455700, 0.891266
0.455800, 0.891159
0.455900, 0.890961
0.456000, 0.890808
0.456100, 0.890686
0.456200, 0.890472
0.456300, 0.890366
0.456400, 0.890213
0.456500, 0.890076
0.456600, 0.889862
0.456700, 0.889740
0.456800, 0.889587
0.456900, 0.889404
0.457000, 0.889282
0.457100, 0.889114
0.457200, 0.888962
0.457300, 0.888748
0.457400, 0.888626
0.457500, 0.888474
0.457600, 0.888306
0.457700, 0.888153
0.457800, 0.888016
0.457900, 0.887878
0.458000, 0.887665
0.458100, 0.887558
0.458200, 0.887436
0.458300, 0.887207
0.458400, 0.887054
0.458500, 0.886917
0.458600, 0.886749
0.458700, 0.886581
0.458800, 0.886459
0.458900, 0.886246
0.459000, 0.886108
0.459100, 0.885956
0.459200, 0.885803
0.459300, 0.885666
0.459400, 0.885498
0.459500, 0.885300
0.459600, 0.885147
0.459700, 0.885071
0.459800, 0.884857
0.459900, 0.884689
0.460000, 0.884506
0.460100, 0.884293
0.460200, 0.884216
0.460300, 0.883987
0.460400, 0.883881
0.460500, 0.883728
0.460600, 0.883575
0.460700, 0.883362
0.460800, 0.883224
0.460900, 0.883072
0.461000, 0.882904
0.461100, 0.882751
0.461200, 0.882614
0.461300, 0.882385
0.461400, 0.882248
0.461500, 0.882095
0.461600, 0.881943
0.461700, 0.881836
0.461800, 0.881592
0.461900, 0.881454
0.462000, 0.881317
0.462100, 0.881134
0.462200, 0.880997
0.462300, 0.880768
0.462400, 0.880661
0.462500, 0.880463
0.462600, 0.880310
0.462700, 0.880157
0.462800, 0.879959
0.462900, 0.879791
0.463000, 0.879623
0.463100, 0.879486
0.463200, 0.879303
0.463300, 0.879150
0.463400, 0.878983
0.463500, 0.878784
0.463600, 0.878647
0.463700, 0.878479
0.463800, 0.878311
0.463900, 0.878128
0.464000, 0.877975
0.464100, 0.877838
0.464200, 0.877655
0.464300, 0.877441
0.464400, 0.877304
0.464500, 0.877136
0.464600, 0.876999
0.464700, 0.876816
0.464800, 0.876678
0.464900, 0.876450
0.465000, 0.876312
0.465100, 0.876144
0.465200, 0.875977
0.465300, 0.875809
0.465400, 0.875626
0.465500, 0.875443
0.465600, 0.875275
0.465700, 0.875137
0.465800, 0.874985
0.465900, 0.874786
0.466000, 0.874603
0.466100, 0.874451
0.466200, 0.874283
0.466300, 0.874100
0.466400, 0.873962
0.466500, 0.873764
0.466600, 0.873581
0.466700, 0.873444
0.466800, 0.873245
0.466900, 0.873062
0.467000, 0.872894
0.467100, 0.872726
0.467200, 0.872543
0.467300, 0.872391
0.467400, 0.872238
0.467500, 0.872025
0.467600, 0.871887
0.467700, 0.871719
0.467800, 0.871552
0.467900, 0.871368
0.468000, 0.871170
0.468100, 0.871048
0.468200, 0.870834
0.468300, 0.870682
0.468400, 0.870499
0.468500, 0.870377
0.468600, 0.870178
0.468700, 0.869949
0.468800, 0.869827
0.468900, 0.869614
0.469000, 0.869522
0.469100, 0.869293
0.469200, 0.869080
0.469300, 0.868912
0.469400, 0.868744
0.469500, 0.868591
0.469600, 0.868439
0.469700, 0.868195
0.469800, 0.868088
0.469900, 0.867920
0.470000, 0.867661
0.470100, 0.867569
0.470200, 0.867401
0.470300, 0.867172
0.470400, 0.867020
0.470500, 0.866837
0.470600, 0.866684
0.470700, 0.866516
0.470800, 0.866302
0.470900, 0.866119
0.471000, 0.865982
0.471100, 0.865768
0.471200, 0.865585
0.471300, 0.865417
0.471400, 0.865204
0.471500, 0.865051
0.471600, 0.864853
0.471700, 0.864700
0.471800, 0.864517
0.471900, 0.864334
0.472000, 0.864182
0.472100, 0.863968
0.472200, 0.863785
0.472300, 0.863663
0.472400, 0.863464
0.472500, 0.863251
0.472600, 0.863098
0.472700, 0.862915
0.472800, 0.862732
0.472900, 0.862564
0.473000, 0.862335
0.473100, 0.862228
0.473200, 0.862030
0.473300, 0.861832
0.473400, 0.861572
0.473500, 0.861450
0.473600, 0.861313
0.473700, 0.861053
0.473800, 0.860962
0.473900, 0.860718
0.474000, 0.860535
0.474100, 0.860367
0.474200, 0.860229
0.474300, 0.860016
0.474400, 0.859756
0.474500, 0.859650
0.474600, 0.859482
0.474700, 0.859268
0.474800, 0.859085
0.474900, 0.858902
0.475000, 0.858704
0.475100, 0.858566
0.475200, 0.858353
0.475300, 0.858093
0.475400, 0.857986
0.475500, 0.857773
0.475600, 0.857620
0.475700, 0.857437
0.475800, 0.857224
0.475900, 0.857040
0.476000, 0.856857
0.476100, 0.856720
0.476200, 0.856522
0.476300, 0.856339
0.476400, 0.856079
0.476500, 0.855972
0.476600, 0.855774
0.476700, 0.855621
0.476800, 0.855362
0.476900, 0.855255
0.477000, 0.855011
0.477100, 0.854843
0.477200, 0.854675
0.477300, 0.854462
0.477400, 0.854263
0.477500, 0.854080
0.477600, 0.853928
0.477700, 0.853683
0.477800, 0.853516
0.477900, 0.853348
0.478000, 0.853104
0.478100, 0.852936
0.478200, 0.852768
0.478300, 0.852554
0.478400, 0.852386
0.478500, 0.852234
0.478600, 0.852036
0.478700, 0.851837
0.478800, 0.851700
0.478900, 0.851440
0.479000, 0.851288
0.479100, 0.851074
0.479200, 0.850861
0.479300, 0.850708
0.479400, 0.850555
0.479500, 0.850281
0.479600, 0.850113
0.479700, 0.849915
0.479800, 0.849731
0.479900, 0.849548
0.480000, 0.849319
0.480100, 0.849167
0.480200, 0.848984
0.480300, 0.848724
0.480400, 0.848587
0.480500, 0.848373
0.480600, 0.848221
0.480700, 0.847992
0.480800, 0.847809
0.480900, 0.847626
0.481000, 0.847443
0.481100, 0.847183
0.481200, 0.847015
0.481300, 0.846817
0.481400, 0.846619
0.481500, 0.846405
0.481600, 0.846237
0.481700, 0.846054
0.481800, 0.845840
0.481900, 0.845673
0.482000, 0.845490
0.482100, 0.845291
0.482200, 0.845032
0.482300, 0.844940
0.482400, 0.844650
0.482500, 0.844482
0.482600, 0.844299
0.482700, 0.844086
0.482800, 0.843918
0.482900, 0.843735
0.483000, 0.843552
0.483100, 0.843292
0.483200, 0.843140
0.483300, 0.842896
0.483400, 0.842697
0.483500, 0.842560
0.483600, 0.842285
0.483700, 0.842102
0.483800, 0.841949
0.483900, 0.841721
0.484000, 0.841537
0.484100, 0.841339
0.484200, 0.841110
0.484300, 0.840958
0.484400, 0.840759
0.484500, 0.840485
0.484600, 0.840302
0.484700, 0.840118
0.484800, 0.839981
0.484900, 0.839722
0.485000, 0.839539
0.485100, 0.839325
0.485200, 0.839157
0.485300, 0.838943
0.485400, 0.838745
0.485500, 0.838486
0.485600, 0.838287
0.485700, 0.838120
0.485800, 0.837921
0.485900, 0.837692
0.486000, 0.837524
0.486100, 0.837311
0.486200, 0.837143
0.486300, 0.836975
0.486400, 0.836731
0.486500, 0.836517
0.486600, 0.836349
0.486700, 0.836121
0.486800, 0.835922
0.486900, 0.835709
0.487000, 0.835526
0.487100, 0.835327
0.487200, 0.835144
0.487300, 0.834885
0.487400, 0.834702
0.487500, 0.834457
0.487600, 0.834290
0.487700, 0.834122
0.487800, 0.833923
0.487900, 0.833679
0.488000, 0.833466
0.488100, 0.833267
0.488200, 0.833084
0.488300, 0.832855
0.488400, 0.832642
0.488500, 0.832458
0.488600, 0.832275
0.488700, 0.832047
0.488800, 0.831802
0.488900, 0.831665
0.489000, 0.831436
0.489100, 0.831238
0.489200, 0.831039
0.489300, 0.830750
0.489400, 0.830582
0.489500, 0.830414
0.489600, 0.830170
0.489700, 0.829910
0.489800, 0.829742
0.489900, 0.829514
0.490000, 0.829330
0.490100, 0.829193
0.490200, 0.828934
0.490300, 0.828735
0.490400, 0.828506
0.490500, 0.828278
0.490600, 0.828094
0.490700, 0.827850
0.490800, 0.827713
0.490900, 0.827454
0.491000, 0.827240
0.491100, 0.827026
0.491200, 0.826813
0.491300, 0.826614
0.491400, 0.826401
0.491500, 0.826126
0.491600, 0.825943
0.491700, 0.825760
0.491800, 0.825562
0.491900, 0.825378
0.492000, 0.825165
0.492100, 0.824966
0.492200, 0.824753
0.492300, 0.824524
0.492400, 0.824280
0.492500, 0.824097
0.492600, 0.823883
0.492700, 0.823654
0.492800, 0.823471
0.492900, 0.823242
0.493000, 0.823029
0.493100, 0.822769
0.493200, 0.822617
0.493300, 0.822403
0.493400, 0.822113
0.493500, 0.821945
0.493600, 0.821701
0.493700, 0.821503
0.493800, 0.821320
0.493900, 0.821121
0.494000, 0.820923
0.494100, 0.820663
0.494200, 0.820450
0.494300, 0.820282
0.494400, 0.820038
0.494500, 0.819809
0.494600, 0.819534
0.494700, 0.819336
0.494800, 0.819168
0.494900, 0.818970
0.495000, 0.818741
0.495100, 0.818497
0.495200, 0.818314
0.495300, 0.818100
0.495400, 0.817902
0.495500, 0.817657
0.495600, 0.817444
0.495700, 0.817169
0.495800, 0.816971
0.495900, 0.816772
0.496000, 0.816467
0.496100, 0.816376
0.496200, 0.816101
0.496300, 0.815887
0.496400, 0.815704
0.496500, 0.815445
0.496600, 0.815262
0.496700, 0.815018
0.496800, 0.814819
0.496900, 0.814590
0.497000, 0.814377
0.497100, 0.814133
0.497200, 0.813965
0.497300, 0.813690
0.497400, 0.813507
0.497500, 0.813232
0.497600, 0.813019
0.497700, 0.812805
0.497800, 0.812622
0.497900, 0.812317
0.498000, 0.812180
0.498100, 0.811951
0.498200, 0.811722
0.498300, 0.811478
0.498400, 0.811234
0.498500, 0.811020
0.498600, 0.810822
0.498700, 0.810593
0.498800, 0.810349
0.498900, 0.810165
0.499000, 0.809937
0.499100, 0.809723
0.499200, 0.809525
0.499300, 0.809250
0.499400, 0.809021
0.499500, 0.808823
0.499600, 0.808563
0.499700, 0.808380
0.499800, 0.808151
0.499900, 0.807892
0.500000, 0.807739
0.500100, 0.807480
