0.0;0.8609751676635853
0.00021372088053002778;0.8610657966286025
0.00021376656690893543;0.9444444444444444
0.00042744176106005556;0.9988218234547761
0.0006411626415900834;0.9992749682798623
0.0006412997007268063;0.9993655972448795
0.0008548835221201111;0.9994562262098967
0.0008550662676357417;0.9997281131049484
0.0012823252831801668;0.9994562262098967
0.0017097670442402222;0.9995468551749139
0.0019234879247702502;0.9997281131049484
0.001923899102180419;0.9998187420699656
0.0021372088053002777;0.9999093710349828
0.0021376656690893546;0.9995468551749139
0.00235143223599829;0.9997281131049484
0.0027789653698161608;0.9998187420699656
0.0034195340884804444;0.9999093710349828
0.0036340316374519027;1.0
0.0038469758495405003;0.9995468551749139
0.003847798204360838;0.9997281131049484
0.004489097905087645;0.9989124524197933
0.004915580252190639;0.9984593075947072
0.005556742893780722;0.9985499365597245
0.005984184654840778;0.9980967917346384
0.007266509938020945;0.9981874206996556
0.007481829841812741;0.9977342758745695
0.007907672579611029;0.9973717600145007
0.008762556101731139;0.9969186151894145
0.00897819581017529;0.9970092441544317
0.009619495510902095;0.9967373572593801
0.009831160504381278;0.9968279862243973
0.00983326207781103;0.9970092441544317
0.010044881384911306;0.9956498096791735
0.010258602265441334;0.9952872938191046
0.010472323145971362;0.9954685517491391
0.010688328345446772;0.9951966648540874
0.011970927746900385;0.9952872938191046
0.01218469431380932;0.9953779227841218
0.012823252831801668;0.9949247779590357
0.013253527148353997;0.9950154069240529
0.01346441547339175;0.9945622620989668
0.013467293715262932;0.994652891063984
0.013681060282171868;0.994199746238898
0.014319298995511862;0.9942903752039152
0.01453301987604189;0.9943810041689324
0.014746740756571917;0.9945622620989668
0.014963659683625482;0.9941091172738807
0.015177426250534417;0.9936559724487947
0.016029066039752085;0.9937466014138119
0.016242786920282113;0.9932934565887258
0.01646002565198803;0.9928403117636396
0.016670228681342165;0.9923871669385536
0.01709767044240222;0.9919340221134675
0.017525112203462277;0.9914808772883814
0.01816627484505236;0.9907558455682436
0.01881145788798632;0.9908464745332608
0.019025224454895254;0.9903933297081747
0.0192348792477025;0.9899401848830887
0.01944860012823253;0.9895776690230198
0.01966652415562206;0.989668297988037
0.019880290722530995;0.9897589269530542
0.020521590423257803;0.989305782127968
0.020730925411412696;0.988852637302882
0.021799529814062833;0.9883994924777959
0.02201325069459286;0.9884901214428131
0.022231722958529286;0.9886713793728475
0.022868134216712972;0.9887620083378648
0.023081855097243;0.9889432662678992
0.023728088926891835;0.9884901214428131
0.02436938862761864;0.988036976617727
0.024583155194527577;0.987583831792641
0.024791622141483224;0.9877650897226754
0.025010688328345448;0.9873119448975892
0.025432784783073308;0.9874025738626064
0.02671511006625347;0.9874932028276238
0.0269288309467835;0.9866775421424687
0.027142551827313528;0.9862243973173827
0.027569993588373583;0.9863150262823999
0.028003420265070543;0.9864056552474171
0.02885231887155375;0.985952510422331
0.02907225309961522;0.9860431393873482
0.029493481513143835;0.9855899945622622
0.029707202393673863;0.985136849737176
0.02992092327420389;0.9847743338771071
0.029927319367250963;0.9839586731919522
0.03013464415473392;0.9840493021569694
0.030141085934159897;0.9841399311219866
0.030348365035263947;0.9836867862969005
0.030775806796324003;0.9837774152619178
0.030782385634886705;0.9828711256117455
0.030989527676854027;0.9820554649265906
0.030996152201795638;0.9821460938916078
0.031203248557384055;0.9816929490665217
0.03184441119897414;0.9817835780315389
0.03205813207950417;0.9818742069965561
0.032492518170158184;0.9819648359615734
0.03269929472109425;0.9815116911364872
0.03291301560162428;0.9796991118361428
0.033126736482154306;0.9792459670110567
0.03376789912374439;0.9794272249410911
0.0337751175716118;0.9795178539061083
0.03483650352639453;0.9791553380460395
0.035050224406924554;0.9787021932209534
0.035263945287454586;0.9783396773608846
0.03569901667379222;0.9779771615008157
0.03633254969010472;0.9776146456407467
0.036340316374519024;0.977705274605764
0.036546270570634753;0.9772521297806779
0.0367678495083369;0.9767989849555918
0.037187433212224834;0.976889613920609
0.037401154092754865;0.9769802428856262
0.03825603761487497;0.9760739532354541
0.03847798204360838;0.9761645822004713
0.03889720025646506;0.9762552111654885
0.03932464201752511;0.9763458401305057
0.03975208377858517;0.976436469095523
0.040179525539645225;0.9759833242704369
0.04039324642017525;0.9755301794453507
0.04124812994229536;0.9756208084103679
0.04125694741342454;0.9751676635852818
0.04167557170335542;0.9747145187601958
0.04210301346441547;0.9742613739351097
0.042316734344945504;0.9733550842849374
0.042325780247969215;0.9734457132499547
0.042539546814878156;0.9735363422149719
0.04274417610600555;0.9730831973898858
0.042957896986535585;0.9726300525647997
0.04317161786706561;0.9721769077397137
0.043599059628125665;0.9717237629146275
0.04360837964942283;0.9703643284393693
0.04402650138918572;0.9699111836142831
0.04424967935014964;0.9700018125793003
0.04445394315024578;0.9695486677542142
0.04466766403077581;0.9696392967192314
0.04489097905087644;0.9691861518941454
0.045095105791835864;0.9687330070690593
0.045318512184694314;0.9682798622439732
0.04552254755289592;0.9675548305238354
0.04553227875160325;0.9666485408736633
0.045736268433425945;0.9661953960485771
0.045949989313955976;0.9652891063984049
0.046591151955546056;0.9649265905383361
0.04680487283607609;0.96447344571325
0.04701859371660611;0.964110929853181
0.047873477238726224;0.9638390429581294
0.04808719811925625;0.9639296719231466
0.048514639880316304;0.9635671560630777
0.048525010688328346;0.9631140112379917
0.04894208164137636;0.9626608664129056
0.049369523402436416;0.96284212434294
0.04979696516349647;0.9629327533079572
0.049807610089781955;0.9627514953779228
0.050021376656690895;0.9622983505528366
0.05043812780508656;0.962388979517854
0.050651848685616584;0.9625702374478884
0.0506626763574177;0.9622077215878194
0.050865569566146615;0.9613014319376473
0.05087644292432664;0.9608482871125612
0.05129301132720667;0.9609389160775784
0.051303976058144504;0.9610295450425956
0.051517742625053445;0.9606670291825268
0.05172045308826673;0.960757658147544
0.05173150919196238;0.9603045133224578
0.052147894849326776;0.9594888526373029
0.052372808892689186;0.9590357078122168
0.05258657545959812;0.9585825629871307
0.05300277837144689;0.9581294181620446
0.05321649925197692;0.9577669023019757
0.05322787516032493;0.9579481602320101
0.05343022013250694;0.9580387891970273
0.05344164172723386;0.9581294181620446
0.053857661893567;0.9576762733369585
0.05386917486105173;0.9577669023019757
0.05407138277409703;0.9573137574768896
0.054285103654627055;0.9564074678267174
0.05451047456177854;0.9565887257567519
0.05471254541568711;0.9562262098966829
0.05472424112868747;0.9553199202465108
0.055151774262505344;0.9544136305963385
0.0553537080572772;0.9545042595613558
0.05556742893780722;0.954594888526373
0.05579307396323215;0.9538698568062353
0.05599487069886728;0.9539604857712525
0.056006840530141086;0.9541417437012869
0.05684975422098739;0.9536885988762008
0.057063475101517415;0.953779227841218
0.057503206498503635;0.9538698568062353
0.05791835862363753;0.9539604857712525
0.05813207950416756;0.9536885988762008
0.05834580038469758;0.9532354540511148
0.058559521265227614;0.9527823092260287
0.05857203933304831;0.9528729381910459
0.05877324214575764;0.9529635671560631
0.05898696302628767;0.9526010512959942
0.059414404787347726;0.9527823092260287
0.05962812566787775;0.9530541961210803
0.059640872167592986;0.9532354540511148
0.059854638734501926;0.953326083016132
0.060055567428937806;0.9529635671560631
0.06049593843522873;0.9530541961210803
0.06069673007052789;0.9526010512959942
0.061551613592648005;0.951694761645822
0.06156477126977341;0.9514228747507704
0.06177853783668234;0.9509697299256843
0.061979055353708054;0.9505165851005981
0.062192776234238085;0.9506978430306325
0.06240649711476811;0.9502446982055465
0.06262021799529814;0.9499728113104948
0.06263360410431809;0.950063440275512
0.06283393887582817;0.9501540692405293
0.06327490380504489;0.9497915533804604
0.06348867037195383;0.9493384085553743
0.06368882239794828;0.949610295450426
0.06370243693886277;0.9491571506253399
0.0639162035057717;0.9487040058002537
0.06411626415900834;0.9483414899401849
0.06434373663958957;0.9474352002900127
0.06454370592006839;0.9475258292550299
0.0645575032064985;0.9476164582200471
0.06498503634031637;0.9473445713249955
0.0653985894421885;0.9474352002900127
0.06541256947413425;0.9470726844299439
0.06562633604104318;0.9467101685698749
0.06603975208377859;0.9462570237447888
0.06646719384483864;0.9458038789197027
0.0668946356058987;0.9444444444444444
0.06690893544249679;0.9440819285843756
0.06710835648642872;0.9437194127243067
0.06732207736695875;0.9432662678992206
0.06733646857631466;0.9434475258292551
0.06817696088907886;0.9435381547942723
0.06819153484395041;0.9430850099691862
0.06840530141085935;0.9431756389342034
0.06860440265013892;0.9432662678992206
0.06881812353066895;0.9433568968642378
0.06903184441119897;0.9434475258292551
0.06904660111158614;0.9429943810041689
0.06947413424540402;0.9420880913539967
0.06967300705278906;0.9411818017038246
0.07032920051303976;0.9408192858437556
0.0705429670799487;0.9404567699836868
0.0707416114554392;0.940547398948704
0.07095533233596922;0.9406380279137212
0.07097050021376657;0.939731738263549
0.07138277409702928;0.938916077578394
0.07139803334758443;0.9384629327533079
0.07159649497755931;0.9375566431031358
0.07181021585808933;0.937647272068153
0.07202393673861936;0.9373753851731014
0.0722376576191494;0.9374660141381186
0.07246686618212911;0.9375566431031358
0.07309254114126951;0.9371034982780496
0.07330626202179953;0.936831611382998
0.07332193244976486;0.9369222403480152
0.07351998290232956;0.9370128693130324
0.0735356990166738;0.9373753851731014
0.07394742466338962;0.9374660141381186
0.07480230818550973;0.9370128693130324
0.07503206498503634;0.9365597244879463
0.07524583155194528;0.9366503534529635
0.07545959811885421;0.9367409824179808
0.07565719170762984;0.936831611382998
0.07587091258815987;0.9365597244879463
0.07608463346868989;0.9358346927678086
0.07610089781958101;0.9359253217328258
0.07672579611027998;0.936015950697843
0.07674219752030782;0.9356534348377742
0.07695596408721676;0.9352909189777052
0.07738349722103463;0.9353815479427225
0.07759726378794357;0.9349284031176364
0.07800812139346014;0.9344752582925503
0.07802479692176144;0.933115823817292
0.07822184227399016;0.9327533079572231
0.0784355631545202;0.9319376472720682
0.07886300491558025;0.9315751314119993
0.07929044667664031;0.9316657603770165
0.07930739632321505;0.9317563893420338
0.07950416755717034;0.9313032445169476
0.07952116289012398;0.9313938734819648
0.07971788843770036;0.9309407286568787
0.07973492945703292;0.9304875838317926
0.07994869602394186;0.930215696936741
0.08014533019876043;0.9297625521116549
0.08016246259085079;0.9288562624614827
0.08035905107929045;0.9289468914264999
0.08058999572466866;0.9290375203915171
0.08100021372088052;0.928584375566431
0.08101752885848654;0.9286750045314482
0.08121393460141056;0.9288562624614827
0.08185509724300064;0.9290375203915171
0.08206881812353067;0.9286750045314482
0.0822825390040607;0.9287656334964655
0.08249625988459072;0.9288562624614827
0.08270998076512075;0.9290375203915171
0.08272766139375802;0.9291281493565343
0.08292370164565079;0.9293094072865687
0.08294142796066695;0.929400036251586
0.08313742252618081;0.9289468914264999
0.08335114340671083;0.9284937466014138
0.08336896109448483;0.9280406017763277
0.08356486428724086;0.9275874569512416
0.0837785851677709;0.9271343121261555
0.08401026079521162;0.9272249410911727
0.08422402736212056;0.9268624252311038
0.0844377939290295;0.9264092804060178
0.08463346868989101;0.926499909371035
0.08484718957042103;0.9266811673010694
0.08506091045095106;0.9267717962660866
0.08527463133148108;0.9263186514410006
0.08570207309254115;0.9264092804060178
0.08572039333048312;0.9266811673010694
0.08636169303120991;0.9258655066159145
0.08655695661466126;0.9254123617908283
0.08657545959811885;0.9255936197208627
0.08700299273193672;0.9256842486858801
0.08719811925625133;0.9253217328258111
0.08721675929884566;0.9254123617908283
0.08762556101731139;0.9249592169657422
0.08764429243266353;0.9240529273155701
0.0880718255664814;0.9241435562805873
0.08828559213339034;0.9242341852456045
0.0884804445394315;0.9233278955954323
0.08890788630049155;0.921968461120174
0.08933532806155162;0.9220590900851913
0.08954904894208164;0.9221497190502085
0.08956819153484395;0.9217872031901395
0.08976276982261167;0.9204277687148813
0.09019021158367173;0.9205183976798985
0.09042325780247969;0.9202465107848469
0.09061765334473178;0.9197933659597607
0.09063702436938863;0.9193402211346746
0.09085079093629757;0.9184339314845025
0.09104509510579184;0.9185245604495197
0.0910645575032065;0.9180714156244336
0.09125881598632186;0.9167119811491753
0.09127832407011544;0.9163494652891064
0.09191962377084224;0.9158963204640203
0.09213339033775117;0.9150806597788653
0.092327420388972;0.9151712887438825
0.09256092347156905;0.9143556280587276
0.09275486215003206;0.9135399673735726
0.09277469003847798;0.9130868225484865
0.09296858303056209;0.9126336777234004
0.09320222317229586;0.9121805328983144
0.09339602479162214;0.9117273880732282
0.0938234665526822;0.9112742432481421
0.09384352287302265;0.9114555011781765
0.09403718743321222;0.9110023563530905
0.09425090831374225;0.9111836142831249
0.09467835007480231;0.9102773246329527
0.09510579183586236;0.9095522929128149
0.09531951271639238;0.9090991480877288
0.09533988884138521;0.9086460032626428
0.09553323359692242;0.90873663222766
0.09555365540829415;0.907920971542505
0.09574695447745245;0.9074678267174189
0.09596067535798247;0.9070146818923328
0.09598118854211202;0.9065615370672467
0.0961743962385125;0.906652166032264
0.09662248824283882;0.906289650172195
0.09724300064116265;0.9063802791372123
0.09745672152169267;0.9060177632771433
0.09747755451047456;0.9052927315570056
0.09788416328275272;0.9048395867319196
0.09790508764429243;0.9049302156969368
0.09809788416328276;0.905020844661954
0.09811885421120137;0.9051114736269712
0.09831160504381278;0.9046583288018851
0.09854638734501923;0.9048395867319196
0.09895276768540287;0.9044770708718507
0.09897392047883712;0.9046583288018851
0.09940145361265498;0.9042051839767989
0.09961522017956391;0.9037520391517129
0.10004275331338179;0.9032988943266268
0.10023509296858303;0.903389523291644
0.10025651988029072;0.9036614101866957
0.10108997649070314;0.9037520391517129
0.10130369737123317;0.9023926046764545
0.1013253527148354;0.9014863150262824
0.10153911928174433;0.9010331702011963
0.10215858089335328;0.9005800253761103
0.1023723017738833;0.899673735725938
0.10258602265441334;0.8997643646909552
0.10279974353494337;0.8994018488308864
0.10282171868319795;0.8989487040058003
0.10301346441547339;0.8991299619358347
0.10322718529600342;0.8987674460757659
0.10365462705706348;0.8983143012506797
0.10367678495083368;0.8978611564255936
0.1038683479375935;0.8979517853906108
0.10429578969865355;0.898042414355628
0.10431808465156049;0.8972267536704731
0.10450951057918359;0.8973173826354903
0.10472323145971361;0.8969548667754215
0.10474561778537837;0.8970454957404387
0.10493695234024364;0.8971361247054559
0.10515067322077366;0.8968642378104043
0.1053643941013037;0.8969548667754215
0.10538691748610517;0.8972267536704731
0.10600555674289378;0.8974080116005075
0.10621927762342381;0.8974986405655248
0.10624198375374092;0.897589269530542
0.10643299850395384;0.8972267536704731
0.10645575032064986;0.8968642378104043
0.10666951688755878;0.8965017219503353
0.10688328345446772;0.8962298350552836
0.10707416114554393;0.8957766902301976
0.10728788202607395;0.8953235454051115
0.10731081658828559;0.8939641109298532
0.10835648642872409;0.8931484502446982
0.10837964942283027;0.8932390792097155
0.1085934159897392;0.8927859343846293
0.10878392818978415;0.8926046764545948
0.10902094912355707;0.8921515316295088
0.10923471569046601;0.8917890157694399
0.10942509083137422;0.8908827261192677
0.10963881171190425;0.890973355084285
0.10966224882428388;0.8905202102591988
0.10987601539119282;0.8900670654341127
0.11006625347296431;0.8897951785390611
0.11027997435349433;0.8898858075040783
0.1107074161145544;0.8900670654341127
0.1109448482257375;0.89015769439913
0.11134857875614447;0.8903389523291644
0.11156229963667451;0.8898858075040783
0.1115861479264643;0.8894326626789922
0.11179991449337323;0.8895232916440095
0.11198974139773456;0.8891607757839406
0.11201368106028217;0.8892514047489578
0.11222744762719111;0.8887982599238716
0.11263090403932464;0.8883451150987856
0.11286874732791792;0.8874388254486134
0.11308251389482685;0.8875294544136306
0.11327206668091473;0.8876200833786478
0.11329628046173579;0.8871669385535618
0.11348578756144476;0.8868044226934928
0.11369950844197478;0.8858981330433207
0.1139132293225048;0.8855356171832518
0.1139375801624626;0.885626246148269
0.11412695020303483;0.8852637302882002
0.11415134672937152;0.884810585463114
0.11455439196409489;0.8849918433931484
0.11476811284462492;0.8840855537429763
0.11519555460568498;0.8836324089178902
0.115409275486215;0.883179264092804
0.11583671724727505;0.8822729744426319
0.11607524583155195;0.8818198296175458
0.11626415900833512;0.881910458582563
0.11628901239846089;0.8814573137574769
0.11647787988886514;0.8806416530723219
0.11650277896536981;0.8808229110023563
0.11669160076939517;0.8804603951422875
0.1169053216499252;0.8800072503172014
0.11735784523300556;0.8791009606670291
0.11757161179991449;0.8786478158419431
0.11776020517204532;0.8778321551567881
0.11799914493373237;0.877379010331702
0.1188542112013681;0.8769258655066159
0.11904253045522548;0.8764727206815298
0.11906797776827704;0.8762008337864782
0.1192562513357555;0.8757476889613921
0.11946997221628552;0.8748413993112198
0.11968369309681556;0.8743882544861338
0.11992304403591278;0.8739351096610477
0.12053857661893567;0.8740257386260649
0.12077811030354853;0.8731194489758927
0.12099187687045745;0.8732100779409099
0.12117973926052575;0.8733913358709443
0.1212056434373664;0.8730288200108755
0.12139346014105579;0.8725756751857894
0.12182090190211584;0.8722131593257205
0.1218469431380932;0.8713974986405655
0.12203462278264586;0.8709443538154794
0.1222483436631759;0.8704912089903933
0.12267578542423595;0.8705818379554106
0.12288950630476597;0.8701286931303245
0.12310322718529601;0.8697661772702556
0.12331694806582603;0.8694036614101867
0.12334330910645575;0.8689505165851006
0.12353066894635606;0.8680442269349284
0.12355707567336469;0.8664129055646185
0.1248396750748183;0.8665035345296357
0.12502671511006624;0.8657785028094979
0.12524043599059628;0.8649628421243429
0.12526720820863618;0.8645096972992569
0.12545415687112632;0.864147181439188
0.1254809747755451;0.8634221497190502
0.12590850790936298;0.8629690048939641
0.12609531951271638;0.8626064890338953
0.12630904039324642;0.8626971179989125
0.12652276127377646;0.8623346021388436
0.12737764479589656;0.8609751676635853
0.12740487387772553;0.8610657966286025
0.1275913656764266;0.8606126518035164
0.1278050865569566;0.8601595069784304
0.1278324070115434;0.8597063621533442
0.12801880743748664;0.8593438462932753
0.12825994014536127;0.8584375566431032
0.1284737067122702;0.857984411818017
0.12868747327917915;0.8581656697480515
0.12887369095960674;0.8578937828529998
0.12890123984608806;0.857984411818017
0.129115006412997;0.8575312669929309
0.12930113272066682;0.8576218959579481
0.12954253954681488;0.8572593800978793
0.13015601624278691;0.8568968642378104
0.13061137238135956;0.8565343483777416
0.130797178884377;0.8560812035526554
0.1308251389482685;0.8556280587275693
0.13103890551517744;0.8551749139024832
0.13125267208208635;0.8552655428675005
0.13186578328702714;0.8549030270074316
0.13232150491663103;0.8545405111473627
0.13250694592861723;0.85463114011238
0.13253527148353997;0.8539061083922421
0.13272066680914726;0.8530904477070872
0.13293438768967727;0.8519122711618633
0.1331765711842668;0.8510966104767084
0.13357555033126736;0.8511872394417256
0.13360410431808464;0.8507340946166395
0.1337892712117974;0.8502809497915533
0.13381787088499358;0.8503715787565705
0.13424540401881147;0.8499184339314845
0.1344304338533875;0.8491027732463295
0.13467293715262932;0.8487402573862607
0.13507159649497755;0.8478339677360884
0.13552800342026508;0.8479245967011056
0.135741769987174;0.8480152256661229
0.13616930312099187;0.8481058546311401
0.13656764265868776;0.8481964835961573
0.13659683625480976;0.8478339677360884
0.1370243693886276;0.8473808229110024
0.13720880530027785;0.8471089360159507
0.13723813595553655;0.8466557911908646
0.13742252618080786;0.8467464201558819
0.1378499679418679;0.8469276780859163
0.13787943565626337;0.846021388435744
0.138491130583458;0.845568243610658
0.13891857234451807;0.8451150987855719
0.13894826849080805;0.8448432118905203
0.13913229322504808;0.8449338408555375
0.13934601410557812;0.8444806960304513
0.13955973498610813;0.844752582925503
0.13958956819153484;0.8438462932753308
0.13977345586663817;0.8424868588000725
0.13980333475844378;0.8420337139749864
0.1406283393887583;0.8421243429400036
0.14126950203034835;0.8417618270799347
0.14151346729371525;0.8413086822548487
0.1417272338606242;0.8413993112198659
0.14191066467193844;0.841036795359797
0.14194100042753313;0.8403117636396592
0.14215476699444207;0.8394054739894871
0.142368533561351;0.8394961029545043
0.14255182731352853;0.8395867319195215
0.14276554819405857;0.8391335870944354
0.14279606669516887;0.8386804422693492
0.14297926907458858;0.8383179264092804
0.14322359982898675;0.8374116367591082
0.1434373663958957;0.836505347108936
0.14365113296280463;0.8360522022838499
0.1438341525967087;0.8355990574587638
0.14407866609662248;0.8351459126336778
0.14426159435776875;0.8343302519485227
0.14450619923044036;0.8339677360884539
0.14490275699935884;0.8335145912633678
0.14493373236425822;0.8330614464382817
0.14511647787988888;0.8326083016131955
0.1453301987604189;0.8321551567881095
0.1453612654980761;0.8323364147181439
0.14554391964094893;0.8318832698930578
0.14557503206498504;0.8314301250679718
0.14578879863189398;0.8306144643828167
0.14618508228253901;0.8301613195577306
0.14621633176571183;0.8288925140474895
0.14639880316306902;0.8284393692224035
0.14661252404359906;0.828258111292369
0.1466438648995297;0.8283487402573863
0.1470399658046591;0.8284393692224035
0.14746740756571916;0.8286206271524379
0.1476811284462492;0.8287112561174551
0.1477126977340744;0.828258111292369
0.14789484932677924;0.8278955954323002
0.14814023086789227;0.8279862243973174
0.1483539974348012;0.8281674823273518
0.1485360119683693;0.8277143375022658
0.14856776400171012;0.8278955954323002
0.14874973284889934;0.8279862243973174
0.14878153056861906;0.8275330795722313
0.14896345372942937;0.8257205002718869
0.148995297135528;0.8258111292369041
0.14917717460995938;0.8259017582019214
0.14920906370243694;0.8256298713068697
0.14960461637101946;0.8258111292369041
0.1500320581320795;0.8253579844118181
0.15006412997007268;0.8254486133768353
0.15024577901260952;0.8256298713068697
0.15027789653698162;0.8252673554468007
0.15045949989313956;0.8253579844118181
0.1506732207736696;0.8254486133768353
0.15070542967079947;0.8249954685517491
0.1508869416541996;0.8250860975167663
0.15110066253472965;0.8242704368316114
0.15131438341525968;0.8238172920065253
0.1515281042957897;0.8233641471814392
0.15174182517631973;0.8234547761464565
0.1519880290722531;0.8235454051114737
0.15216926693737978;0.8230922602863875
0.15302415045949988;0.8231828892514047
0.15305686190679776;0.8228203733913358
0.15345159222055996;0.822457857531267
0.15366531310108997;0.8221859706362153
0.15387903398162;0.8218234547761465
0.15409275486215004;0.8219140837411637
0.15430647574268005;0.8216421968461121
0.15433946130825138;0.8207359071959398
0.1545201966232101;0.8204640203008882
0.15455322787516032;0.8191045858256298
0.1547339175037401;0.8186514410005438
0.15476699444206926;0.8178357803153888
0.15494763838427014;0.8173826354903027
0.15516135926480018;0.8169294906652166
0.15519452757588714;0.8160232010150444
0.1553750801453302;0.8155700561899583
0.15540829414279606;0.8151169113648722
0.15558880102586023;0.813757476889614
0.155622060709705;0.8138481058546312
0.15580252190639027;0.8134855899945622
0.15583582727661394;0.8126699293094073
0.15601624278692028;0.8122167844843212
0.15644368454798033;0.8118542686242524
0.15647712697734073;0.8114917527641834
0.1569046601111586;0.8115823817292006
0.15708484718957041;0.8107667210440457
0.15711842667806755;0.8103135762189596
0.15729856807010045;0.8098604313938735
0.15751228895063046;0.8099510603588908
0.1577260098311605;0.8090447707087185
0.15775972637879435;0.8077759651984774
0.15793973071169054;0.8078665941634946
0.1579734929457033;0.8074134493384085
0.15815345159222055;0.8070509334783397
0.1583671724727506;0.8066884176182708
0.15858089335328063;0.8062352727931847
0.15879461423381064;0.8057821279680986
0.15882855921333902;0.8039695486677542
0.15900833511434068;0.8035164038426681
0.1592560923471569;0.8022475983324271
0.15943577687540073;0.8024288562624615
0.15946985891406584;0.8019757114373753
0.15964949775593076;0.8016131955773065
0.15989739204788372;0.8011600507522204
0.1600769395169908;0.8012506797172376
0.16011115861479264;0.8013413086822548
0.16029066039752085;0.7999818742069965
0.16050438127805086;0.7996193583469277
0.1609318230391109;0.7988943266267899
0.1611799914493373;0.7985318107667211
0.161359264800171;0.7980786659416349
0.16200042744176105;0.7981692949066521
0.16221414832229109;0.7982599238716693
0.162248824283882;0.7973536342214972
0.16242786920282112;0.7969004893964111
0.1628901239846088;0.7969911183614283
0.1630690318444112;0.7960848287112561
0.16328275272494122;0.79563168388617
0.1633176571184267;0.7947253942359979
0.1635314236853356;0.7942722494109117
0.16371019448600127;0.7943628783759289
0.16435135712759136;0.79400036251586
0.1645650780081214;0.793547217690774
0.16477879888865143;0.7921877832155156
0.16499251976918144;0.7913721225303607
0.16520624064971148;0.7910096066702919
0.16545532278751604;0.7911002356353091
0.16566908935442498;0.7907377197752402
0.1658828559213339;0.7908283487402574
0.16627484505236162;0.7910096066702919
0.16648856593289163;0.7907377197752402
0.16670228681342167;0.790284574950154
0.16695168875587857;0.7903752039151712
0.1671654553227875;0.7899220590900852
0.1675571703355418;0.7894689142649991
0.16780675502351433;0.7895595432300163
0.16798461209660184;0.7896501721950335
0.16819833297713185;0.7882907377197752
0.16823428815733218;0.7879282218597063
0.16844805472424113;0.7874750770346203
0.16862577473819193;0.7875657059996375
0.168875587858059;0.7876563349646547
0.16926693737978202;0.7877469639296719
0.16930312099187686;0.7873844480696031
0.1695168875587858;0.786931303244517
0.16969437914084207;0.7864781584194308
0.16990810002137208;0.786568787384448
0.16994442069260368;0.786115642559362
0.17012182090190212;0.7862969004893964
0.17054926266296216;0.7854812398042414
0.1707629835434922;0.7855718687692587
0.17079948696023942;0.7852093529091898
0.17101325352714836;0.7843030632590176
0.1714041461850823;0.7843936922240348
0.17144078666096624;0.784484321189052
0.1716178670656123;0.7840311763639659
0.17165455322787515;0.7835780315388798
0.1718683197947841;0.7831248867137938
0.17204530882667238;0.7823092260286387
0.17208208636169303;0.7814029363784666
0.17229585292860197;0.7809497915533805
0.1725096194955109;0.7804966467282943
0.17272338606241983;0.7806779046583288
0.17293715262932877;0.7797716150081566
0.1731139132293225;0.7794090991480878
0.17332763410985252;0.7789559543230016
0.17354135499038256;0.7785028094979155
0.1737922188969645;0.7776871488127606
0.1739687967514426;0.7773246329526917
0.17439623851250266;0.7768714881276055
0.17503740115409275;0.7769621170926228
0.17525112203462279;0.7765089722675367
0.17528858486532706;0.7760558274424506
0.175502351432236;0.7761464564074678
0.17589228467621287;0.7758745695124162
0.17592988456605388;0.7760558274424506
0.17635741769987173;0.7761464564074678
0.17653344731780296;0.7752401667572957
0.17657118426678067;0.7748776508972267
0.17674716819833297;0.7739713612470546
0.176960889078863;0.7735182164219685
0.17738833083992306;0.7730650715968823
0.1774262505344164;0.7732463295269169
0.1778157726009831;0.7733369584919341
0.17802949348151315;0.7728838136668479
0.17824321436204318;0.772068152981693
0.17828131680205217;0.7721587819467102
0.17867065612310323;0.7717056371216241
0.17870884993587002;0.7713431212615552
0.17888437700363324;0.7714337502265725
0.17909809788416328;0.7707087185064346
0.1791363830696879;0.770436831611383
0.17931181876469332;0.7707087185064346
0.17935014963659685;0.7702555736813486
0.17952553964522333;0.7693492840311764
0.17956391620350576;0.7688961392060902
0.17973926052575337;0.7689867681711074
0.1799529814062834;0.7686242523110386
0.17999144933732364;0.7681711074859525
0.18016670228681342;0.7677179626608664
0.18038042316734346;0.7672648178357803
0.18059414404787347;0.7663585281856081
0.18063274903805046;0.765452238535436
0.1808078649284035;0.7655428675004532
0.18084651560495937;0.7656334964654704
0.18102158580893354;0.7652709806054014
0.18123530668946355;0.7649990937103498
0.18127404873877725;0.765089722675367
0.1814878153056862;0.7647272068152982
0.1816627484505236;0.7648178357803154
0.18187646933105364;0.7644553199202465
0.18209019021158368;0.7640021750951604
0.182129115006413;0.7640928040601777
0.18255664814023087;0.7636396592350916
0.18273135285317377;0.7631865144100054
0.1827704147071398;0.7632771433750226
0.18298418127404875;0.7633677723400398
0.18315879461423382;0.7629146275149538
0.1834117144078666;0.763005256479971
0.18362548097477555;0.762189595794816
0.1838392475416845;0.76173645096973
0.18405301410859343;0.7612833061446438
0.18422739901688395;0.7608301613195577
0.18426678067550234;0.7609207902845749
0.184654840777944;0.7611020482146094
0.18469431380932022;0.7606489033895233
0.18490808037622916;0.7597426137393511
0.1851218469431381;0.759289468914265
0.1852960034195341;0.7593800978792822
0.18593716606112418;0.7594707268442994
0.1861508869416542;0.7596519847743338
0.18619067977768278;0.7588363240891789
0.18636460782218423;0.7589269530541961
0.18640444634459172;0.7582019213340584
0.18657832870271426;0.7577487765089723
0.18683197947840957;0.7572956316838861
0.1870057704637743;0.7568424868588001
0.18721949134430435;0.7556643103135762
0.18725951261222745;0.754758020663404
0.18743321222483436;0.7548486496284212
0.1874732791791364;0.7543955048033352
0.1876469331053644;0.7539423599782491
0.18807437486642445;0.7530360703280768
0.1882880957469545;0.7521297806779047
0.18854211201368107;0.7517672648178357
0.18871553750801454;0.7513141199927497
0.18875587858059;0.7508609751676636
0.18896964514749892;0.751042233097698
0.18935670014960462;0.7512234910277324
0.18957042103013463;0.7507703462026464
0.18961094484822574;0.7508609751676636
0.19042530455225476;0.7504984593075947
0.19046601111586148;0.7506797172376292
0.19063902543278477;0.7507703462026464
0.1908527463133148;0.7503172013775603
0.19128018807437486;0.7504078303425775
0.1913210773834972;0.7499546855174913
0.1914939089549049;0.7500453144825087
0.19170762983543493;0.7501359434475259
0.19213507159649498;0.7497734275874569
0.19217614365113297;0.7493202827623708
0.192348792477025;0.7488671379372848
0.19260367678495083;0.748957766902302
0.19277623423808507;0.7485952510422331
0.1930312099187687;0.748142106217147
0.19320367599914512;0.7476889613920609
0.19324497648567765;0.747326445531992
0.19341739687967516;0.7474170744970092
0.19345874305258656;0.7466920427768715
0.1938448386407352;0.7462388979517854
0.19405855952126522;0.7457857531266993
0.19410004275331338;0.7458763820917165
0.19431380932022232;0.7454232372666304
0.19452757588713127;0.7449700924415443
0.1946997221628553;0.7450607214065615
0.19474134245404018;0.7446075765814755
0.19491344304338534;0.7432481421062171
0.19512716392391535;0.741979336595976
0.195382642154767;0.74152619177089
0.19555460568497543;0.7410730469458039
0.19559640872167594;0.7406199021207178
0.19576832656550544;0.7397136124705456
0.19581017528858485;0.7392604676454595
0.19619576832656552;0.7384448069603046
0.19623770842240273;0.7371760014500635
0.19640948920709553;0.7367228566249774
0.19662321008762557;0.7358165669748051
0.19683693096815558;0.7354540511147363
0.19709277469003847;0.734094616639478
0.19726437272921565;0.7336414718143919
0.19790553537080574;0.7331883269893058
0.19794784095767423;0.733278955954323
0.19811925625133575;0.7329164400942542
0.19858914065840103;0.732463295269168
0.19897413977345588;0.7311038607939098
0.1991878606539859;0.7301975711437375
0.19940158153451593;0.7297444263186514
0.19944420692603676;0.7292912814935654
0.1996579734929457;0.7280224759833243
0.19987174005985464;0.7272068152981693
0.200042744176106;0.7267536704730831
0.20008550662676358;0.7269349284031177
0.20025646505663602;0.7260286387529454
0.2006839068176961;0.7255754939278594
0.20072680632749038;0.7256661228928766
0.2008976276982261;0.725847380822911
0.20094057289439932;0.7251223491027733
0.20111134857875615;0.723762914627515
0.20115433946130826;0.7228566249773427
0.2015387903398162;0.7224034801522566
0.2015818725951261;0.7214971905020845
0.20175251122034624;0.7201377560268262
0.20196623210087625;0.719231466376654
0.202009405728944;0.7187783215515678
0.20222317229585293;0.7183251767264818
0.20239367386193632;0.718415805691499
0.2026507054296708;0.7179626608664129
0.20282111562299637;0.7175095160413268
0.20286447199657973;0.7170563712162407
0.20324855738405642;0.7166938553561718
0.2032920051303976;0.7153344208809136
0.20350577169730655;0.7148812760558274
0.2038897200256465;0.7145187601957586
0.20410344090617652;0.7147906470908102
0.20414707139803334;0.7140656153706725
0.20436083796494228;0.7131593257205002
0.2045308826672366;0.7127061808954142
0.20457460453185122;0.7118905202102592
0.2047446035477666;0.7114373753851732
0.20495832442829665;0.7100779409099148
0.20517204530882668;0.710168569874932
0.20521590423257802;0.7094435381547942
0.20542967079948696;0.7090810222947254
0.20559948706988673;0.7087185064346565
0.20581320795041674;0.7083559905745876
0.20602692883094678;0.7084466195396049
0.20624064971147682;0.7085372485046221
0.2062847370671227;0.7077215878194671
0.20645437059200683;0.707268442994381
0.20649850363403163;0.7063621533442088
0.2068818123530669;0.7065434112742432
0.2069260367678495;0.7049120899039333
0.20709553323359692;0.7030995106035889
0.20713980333475845;0.7026463657785028
0.20735356990166737;0.7021932209534167
0.207736695875187;0.7012869313032445
0.20795041675571704;0.7008337864781584
0.20816413763624705;0.6999274968279863
0.2085915793973071;0.6994743520029001
0.20880530027783714;0.699021207177814
0.2092327420388972;0.6986586913177452
0.2092774690038478;0.6987493202827624
0.20966018379995727;0.697389885807504
0.20970500213766566;0.696936740982418
0.20987390468048728;0.6964835961573319
0.21008762556101732;0.6960304513322458
0.21030134644154733;0.6956679354721769
0.21056006840530142;0.6952147906470908
0.2107287882026074;0.6947616458220047
0.21094250908313741;0.6948522747870219
0.21098760153911927;0.6944897589269531
0.21115622996366745;0.694036614101867
0.2113699508441975;0.693674098241798
0.21141513467293716;0.6933115823817292
0.2116289012398461;0.6934022113467464
0.21184266780675504;0.6923146637665398
0.2122248343663176;0.6920427768714881
0.2122702009405729;0.6913177451513504
0.21248396750748183;0.6914083741163676
0.21265227612737764;0.6909552292912815
0.21269773407439077;0.6910458582562987
0.21286599700790768;0.6911364872213159
0.2129115006412997;0.6912271161863331
0.21329343876896772;0.6913177451513504
0.21333903377511756;0.6914990030813848
0.21372088053002777;0.6910458582562987
0.21376656690893545;0.6902301975711438
0.2139346014105578;0.6897770527460576
0.2139803334758444;0.6893239079209715
0.21419410004275333;0.6894145368859887
0.21436204317161786;0.689505165851006
0.21440786660966224;0.6895957948160232
0.21462163317657118;0.6896864237810404
0.2147894849326779;0.6887801341308682
0.21500320581320795;0.6888707630958855
0.215430647574268;0.6889613920609027
0.21547669944420692;0.6880551024107304
0.2159042325780248;0.6881457313757476
0.21649925197691813;0.6876925865506616
0.21671297285744817;0.6867862969004894
0.2171868319794784;0.6863331520754034
0.21735413549903826;0.6864237810404206
0.2175678563795683;0.6859706362153344
0.2177815772600983;0.6856987493202827
0.2178281316802052;0.6853362334602139
0.21820901902115836;0.6854268624252311
0.2182556648140231;0.684973717600145
0.2184227399016884;0.684520572775059
0.21868319794784097;0.6846112017400762
0.21885018166274844;0.68415805691499
0.21889696451474988;0.6837049120899039
0.21911073108165882;0.6829798803697662
0.2192776234238085;0.6822548486496284
0.21932449764856776;0.6818923327895595
0.2195382642154767;0.6815298169294907
0.21970506518486857;0.6811673010694218
0.21975203078238564;0.6803516403842668
0.21991878606539858;0.6798984955591807
0.21996579734929458;0.6795359796991118
0.22013250694592862;0.6790828348740258
0.22039333048311244;0.6788109479789741
0.22055994870698867;0.6783578031538879
0.22060709705002138;0.6774515135037158
0.2207736695875187;0.6767264817835781
0.22098739046804872;0.6764545948885263
0.22103463018383926;0.6760014500634403
0.22120111134857876;0.6755483052383542
0.2214621633176571;0.6751857893782853
0.22167592988456605;0.6747326445531993
0.221889696451475;0.6742794997281131
0.22210346301838393;0.6743701286931303
0.2222697157512289;0.6730106942178721
0.22269715751228894;0.6731013231828893
0.22274476271911073;0.6726481783578031
0.22295852928601967;0.6728294362878376
0.22312459927334902;0.6729200652528549
0.22333832015387903;0.6730106942178721
0.22355204103440907;0.6731013231828893
0.22359982898674646;0.6722856624977342
0.22376576191493908;0.6723762914627515
0.2238135955536554;0.6714700018125793
0.22419320367599915;0.6705637121624071
0.22440692455652916;0.6696574225122349
0.22445489525438223;0.6698386804422694
0.2246206454370592;0.6699293094072866
0.22466866182129114;0.6690230197571144
0.22488242838820008;0.6681167301069422
0.22504808719811925;0.6668479245967011
0.2252618080786493;0.666394779771615
0.22590297072023938;0.6664854087366322
0.22595126122274475;0.6662135218415806
0.2261166916007694;0.666394779771615
0.2261650277896537;0.6661228928765633
0.22633041248129943;0.6656697480514773
0.22654413336182946;0.6653072321914084
0.22659256092347158;0.6653978611564256
0.22680632749038052;0.6649447163313394
0.22702009405728943;0.6650353452963567
0.22718529600341952;0.6645822004712706
0.22766139375801625;0.6636759108210984
0.2278264586450096;0.6637665397861157
0.2278751603249252;0.6634040239260468
0.22804017952553965;0.6621352184158057
0.22825390040606966;0.6623164763458401
0.22830269345874304;0.6622258473808229
0.2284676212865997;0.6623164763458401
0.22851646002565199;0.6615008156606852
0.22868134216712974;0.661047670835599
0.22889506304765975;0.6606851549755302
0.22894399315946987;0.6608664129055646
0.22910878392818979;0.6609570418705818
0.2291577597263788;0.6600507522204097
0.22953622568924983;0.6601413811854269
0.22958529286019666;0.6596882363603408
0.22974994656977987;0.6593257205002719
0.2297990594271056;0.6576037701649448
0.22996366745030988;0.6571506253398586
0.23017738833083992;0.6572412543048758
0.23022659256092348;0.6563349646547036
0.2304403591278324;0.6564255936197209
0.23060483009189997;0.656063077759652
0.23065412569474134;0.6563349646547036
0.23081855097243;0.656063077759652
0.23086789226165028;0.6561537067246692
0.23103227185296005;0.655247417074497
0.23124599273349006;0.6553380460395142
0.23129542539546816;0.653978611564256
0.23188715537508015;0.6530723219140837
0.23193672509619495;0.6521660322639116
0.23210087625561018;0.6514410005437737
0.2321504916631039;0.651531629508791
0.2323145971361402;0.6510784846837049
0.23236425823001283;0.6506253398586188
0.23274203889720024;0.65026282399855
0.23279179136383069;0.6493565343483777
0.23295575977773028;0.6485408736632228
0.23316948065826032;0.64863150262824
0.23338320153879033;0.6477252129780678
0.23359692241932037;0.6472720681529817
0.2338106432998504;0.6473626971179989
0.23386062419837536;0.6469095522929128
0.23402436418038042;0.6464564074678267
0.2340743907652843;0.6455501178176545
0.23423808506091046;0.6451876019575856
0.23428815733219324;0.64536885988762
0.23445180594144047;0.6454594888526373
0.23450192389910218;0.6455501178176545
0.23471569046601112;0.6451876019575856
0.23487924770250054;0.6452782309226028
0.2353066894635606;0.6444625702374479
0.23573413122462064;0.6437375385173101
0.23621205643437365;0.6438281674823274
0.23637529386621073;0.6429218778321552
0.2364258230012826;0.6424687330070691
0.23658901474674077;0.6415624433568968
0.23663958956819153;0.6411092985318108
0.23680273562727078;0.6407467826717419
0.23723017738833083;0.6394779771615008
0.23744389826886086;0.639568606126518
0.23749465583582727;0.6396592350915352
0.2376576191493909;0.6387529454413631
0.2377084224027362;0.6383904295812942
0.2378713400299209;0.6375747688961392
0.23792218896964515;0.6376653978611564
0.23808506091045095;0.6372122530360703
0.2381359555365541;0.6367591082109842
0.238512502671511;0.6363059633858982
0.23877725523728088;0.6363965923509154
0.23893994443257105;0.6351277868406743
0.2391536653131011;0.6347652709806054
0.23920478837109876;0.6348558999456226
0.23936738619363113;0.6349465289106399
0.23958110707416114;0.634584013050571
0.23979482795469118;0.6342214971905021
0.23984608807182556;0.633768352365416
0.2400085488352212;0.6333152075403299
0.2400598546387345;0.6328620627152438
0.24022226971575122;0.6319557730650716
0.24027362120564344;0.630868225484865
0.24043599059628126;0.6304150806597789
0.24048738777255238;0.6301431937647272
0.24064971147681127;0.628783759289469
0.24070115433946132;0.6288743882544862
0.2408634323573413;0.6284212434294001
0.24091492090637023;0.6286025013594345
0.24107715323787135;0.6286931303244517
0.24112868747327917;0.6282399854993655
0.24129087411840136;0.6277868406742795
0.24134245404018811;0.6273336958491934
0.24155622060709706;0.6268805510241073
0.2417183158794614;0.6269711799891245
0.241769987174006;0.6267899220590901
0.24193203675999145;0.6263367772340039
0.2419837537409149;0.6260648903389523
0.2421457576405215;0.6256117455138662
0.24219752030782385;0.623436650353453
0.2423594785210515;0.6235272793184702
0.2424112868747328;0.6231647634584013
0.24257319940158154;0.6228022475983325
0.24283882000855067;0.6229835055283669
0.24300064116264158;0.6221678448432119
0.24321436204317162;0.6217147000181258
0.24326635314236852;0.6208990393329709
0.24342808292370163;0.6209896682979881
0.24364180380423167;0.6211709262280225
0.2436938862761864;0.6207177814029364
0.2438555246847617;0.6202646365778502
0.24390765284309535;0.6203552655428675
0.24406924556529172;0.6199021207177814
0.2444966873263518;0.6199927496827986
0.2447104082068818;0.6190864600326265
0.24492412908741185;0.6192677179626609
0.24497648567764002;0.6189958310676092
0.24513784996794186;0.6185426862425231
0.2453515708484719;0.618089541417437
0.24540401881145787;0.6176363965923509
0.24556529172900193;0.6171832517672649
0.24577901260953194;0.616820735907196
0.24583155194527576;0.616458220047127
0.24599273349006198;0.616005075222041
0.24642017525112203;0.6156425593619721
0.24647285164600258;0.6145550117817654
0.2466866182129115;0.6146456407467826
0.2473279179136383;0.6141924959216966
0.2477025005343022;0.6134674642015588
0.24812994229536225;0.6135580931665761
0.24818298418127405;0.6131955773065072
0.2483436631758923;0.6132862062715244
0.2485573840564223;0.6123799166213522
0.24898482581748238;0.6119267717962661
0.24925181701581872;0.6120174007612833
0.24941226757854243;0.6117455138662317
0.24962598845907244;0.611020482146094
0.24983970933960248;0.6105673373210078
0.24989311671654554;0.60984230560087
0.2500534302201325;0.6095704187058184
0.25026715110066255;0.6091172738807323
0.2503206498503634;0.6088453869856806
0.25048087198119257;0.609026644915715
0.2506945928617226;0.6085735000906289
0.2507481829841813;0.6076672104404568
0.2509619495510902;0.6072140656153707
0.25112203462278265;0.6067609207902845
0.25117571611799916;0.6058546311401124
0.2515494763838427;0.6054014863150263
0.25160324925181704;0.6036795359796991
0.25181701581872595;0.603226391154613
0.25219063902543276;0.601957585644372
0.25245831551945275;0.6011419249592169
0.25261808078649284;0.6006887801341309
0.25288584865327063;0.6002356353090448
0.2532592434280829;0.5997824904839587
0.2533133817870885;0.5998731194489759
0.253686685189143;0.5994199746238897
0.2537409149209064;0.5991480877288381
0.253900406069673;0.5987855718687692
0.254114126950203;0.5984230560087004
0.2543278478307331;0.5979699111836143
0.2545959811885421;0.5975167663585282
0.2547552895917931;0.5976073953235455
0.25480974775545107;0.5971542504984593
0.2551827313528532;0.5972448794634765
0.2552372808892689;0.5971542504984593
0.2553964522333832;0.5972448794634765
0.25545104745617786;0.5963385898133043
0.2556101731139132;0.5964292187783216
0.25587858058999574;0.5959760739532355
0.2562513357555033;0.5960667029182527
0.2563061137238136;0.5956135580931666
0.2566787775165634;0.5947072684429944
0.25673364685763145;0.5938916077578394
0.2568924983970934;0.5934384629327533
0.2573749465583583;0.5926228022475983
0.25796110279974355;0.5921696574225123
0.2580162462590851;0.5918071415624434
0.25817482368027356;0.5910821098423056
0.25838854456080357;0.5906289650172195
0.258443779392903;0.5901758201921334
0.25860226544133363;0.5902664491571507
0.2586575459598119;0.5894507884719956
0.2588713125267208;0.5890882726119268
0.2592434280829237;0.5886351277868407
0.2592988456605387;0.5887257567518579
0.25945714896345373;0.5882726119267718
0.25951261222744765;0.5878194671016856
0.25967086984398374;0.587910096066703
0.25972637879435656;0.5870038064165307
0.26031203248557383;0.5860975167663586
0.26036767849508335;0.5856443719412724
0.2605257533661039;0.5847380822911002
0.2609531951271639;0.583831792640928
0.26116691600769393;0.5829255029907559
0.2612227447627191;0.5830161319557731
0.261380636888224;0.5821098423056009
0.261594357768754;0.5822911002356354
0.261650277896537;0.5819285843755664
0.2620217995298141;0.5815660685154975
0.2622355204103441;0.5811129236904115
0.26266296217140417;0.5812035526554287
0.2629328772979906;0.580931665760377
0.2630904039324642;0.580478520935291
0.26314664386489955;0.5802066340402393
0.26336041043180847;0.580478520935291
0.26351784569352427;0.5801160050752221
0.2635741769987174;0.5797534892151531
0.2639452874545843;0.5784846837049121
0.26400171013253526;0.5785753126699293
0.26415900833511435;0.5776690230197571
0.26421547669944423;0.5764908464745333
0.26437272921564436;0.575584556824361
0.2645864500961744;0.5756751857893783
0.26501389185723445;0.5752220409642922
0.26507054296707994;0.5748595251042233
0.26544133361829453;0.5744063802791373
0.2654980761008978;0.573500090628965
0.26565505449882454;0.5730469458038789
0.2659256092347157;0.5732282037339134
0.2660824962598846;0.5728656878738445
0.2661393758016246;0.5716875113286206
0.2662962171404146;0.5717781402936378
0.2663531423685336;0.571868769258655
0.2665669089354425;0.5710531085735001
0.26672365890147465;0.570599963748414
0.2667806755023514;0.5696936740982418
0.2669373797820047;0.5692405292731557
0.2669944420692604;0.5683342396229835
0.2671511006625347;0.5674279499728113
0.2672082086361693;0.5665216603226391
0.2675785424235948;0.5666122892876564
0.2677922633041248;0.5661591444625702
0.26784950833689614;0.5657966286025014
0.26827704147071396;0.5648903389523292
0.2684334259457149;0.5641653072321914
0.26849080803762293;0.5642559361972086
0.2686471468262449;0.563984049302157
0.268860867706775;0.5640746782671742
0.2689183411714408;0.563168388617002
0.269074588587305;0.5628058727569332
0.26950203034836506;0.5619902120717781
0.2695596408721676;0.5620808410367953
0.2697157512288951;0.5621714700018126
0.2699294721094251;0.5609026644915716
0.2701431929899551;0.561083922421606
0.27035691387048516;0.5611745513866232
0.2707843556315452;0.5599057458763821
0.2708422402736212;0.5596338589813304
0.27105600684053016;0.5587275693311582
0.27142551827313527;0.5582744245060721
0.271483539974348;0.5569149900308138
0.27163923915366534;0.5564618452057277
0.27169730654125696;0.5563712162407105
0.27185296003419535;0.5565524741707449
0.27206668091472536;0.5566431031357622
0.2722804017952554;0.5561899583106761
0.27249412267578543;0.5558274424506072
0.27255237280889266;0.5554649265905384
0.27270784355631544;0.5546492659053833
0.27297990594271054;0.5547398948704005
0.2731936725096195;0.5542867500453145
0.27334900619790553;0.5538336052202284
0.2734074390765284;0.5539242341852456
0.2737764479589656;0.5540148631502628
0.2738349722103463;0.55410549211528
0.2740487387772552;0.5541961210802973
0.2742625053441642;0.5542867500453145
0.2744176106005557;0.5538336052202284
0.2746313314810857;0.5529273155700561
0.274903805044891;0.5525647997099873
0.2750587732421458;0.5528366866050389
0.27533133817870886;0.5522022838499184
0.2754862150032058;0.5513866231647635
0.2755451047456178;0.5510241073046945
0.27661393758016245;0.5506615914446257
0.2768277041470714;0.5502084466195396
0.276982261166916;0.5493021569693675
0.27704147071398033;0.5479427224941091
0.27719598204744605;0.5474895776690231
0.27740970292797607;0.5456769983686787
0.2774690038477982;0.5444988218234548
0.2776827704147071;0.5440456769983687
0.27826458645009616;0.5441363059633859
0.27847830733062623;0.5433206452782309
0.27869202821115624;0.5428675004531448
0.2787516032492518;0.5424143556280587
0.27911946997221626;0.5415986949429038
0.2791791363830697;0.5411455501178176
0.2793331908527463;0.540873663222766
0.27939290294997865;0.5399673735725938
0.27954691173327634;0.539604857712525
0.27960666951688756;0.5391517128874388
0.2799743534943364;0.5386985680623527
0.2801880743748664;0.5382454232372667
0.28040179525539644;0.5377922784121806
0.2806155161359265;0.5373391335870944
0.28067550235143224;0.5365234729019395
0.28088926891834115;0.5366141018669567
0.2810429578969865;0.5367047308319739
0.2811030354852501;0.5362515860068878
0.2812566787775166;0.5364328439369223
0.2814703996580466;0.53552655428675
0.2816841205385766;0.5346202646365779
0.2819581017528858;0.534257748776509
0.2821115622996367;0.5338046039514229
0.2821718683197948;0.5327170563712162
0.2823252831801667;0.5328076853362335
0.2823856348867037;0.5328983143012507
0.2825994014536127;0.5315388798259923
0.2827527249412268;0.5303607032807686
0.2828131680205216;0.5294544136305963
0.2831801667022868;0.5295450425956135
0.28324070115433947;0.5292731557005619
0.28339388758281686;0.528910639840493
0.28366823428815735;0.5287293819104586
0.2838213293438769;0.5283668660503897
0.28403505022440695;0.5282762370853725
0.28424877110493696;0.5278230922602863
0.28430953398888414;0.5279137212253036
0.28452330055579306;0.5274605764002175
0.28510365462705706;0.5275512053652347
0.2851646002565199;0.5266449157150626
0.28531737550758707;0.526826173645097
0.28574481726864714;0.5255573681348559
0.2858058999572467;0.5252854812398042
0.28595853814917715;0.5243791915896321
0.2860196665241556;0.5234729019394598
0.2862334330910646;0.5230197571143738
0.28638597991023723;0.5225666122892877
0.2864471996579735;0.5212071778140294
0.28659970079076724;0.5212978067790466
0.2866609662248824;0.5208446619539605
0.2868134216712973;0.5203915171288744
0.2868747327917914;0.5194852274787022
0.28730226592560926;0.5190320826536161
0.2876683051934174;0.5182164219684611
0.2878820260739474;0.5173101323182889
0.28794356562633605;0.5174007612833061
0.2880957469544774;0.5175820192133406
0.28815733219324496;0.5171288743882545
0.2883094678350075;0.5166757295631684
0.2887369095960675;0.5154975530179445
0.2889506304765976;0.5155881819829617
0.2890123984608807;0.5152256661228929
0.2891643513571276;0.5153162950879101
0.2893780722376576;0.5139568606126518
0.2894399315946986;0.5135943447525829
0.2898055139987177;0.5138662316476346
0.28986746472851643;0.5129599419974624
0.2900192348792477;0.5125974261373936
0.29023295575977776;0.5122349102773246
0.2902949978623343;0.5123255392423418
0.29044667664030777;0.511963023382273
0.2906603975208378;0.5116005075222041
0.2907225309961522;0.511147362697118
0.29093629756306116;0.5097879282218597
0.29130156016242786;0.5098785571868769
0.291363830696879;0.509062896501722
0.2915152810429579;0.5086097516766358
0.29157759726378796;0.508247235816567
0.29172900192348794;0.5084284937466014
0.29179136383069687;0.5079753489215153
0.29194272280401795;0.5067065434112742
0.29221889696451475;0.5058908827261193
0.29243266353142366;0.5038064165307232
0.29258388544560804;0.5038970454957404
0.29264643009833263;0.5039876744607577
0.29279760632613805;0.5035345296356716
0.29286019666524155;0.5030813848105855
0.2930113272066681;0.5026282399854993
0.2930739632321505;0.502084466195396
0.2932250480871981;0.50163132137031
0.2936524898482582;0.5011781765452239
0.2938662107287882;0.5002718868950516
0.2939290294997862;0.5003625158600689
0.2941427960666952;0.5
0.2943565626336041;0.49954685517491393
0.294570329200513;0.4990937103498278
0.2947210942509083;0.49873119448975894
0.294784095767422;0.4982780496646728
0.2949348151314383;0.4973717600145006
0.2951485360119684;0.4964654703643284
0.29521162890123986;0.49510603588907015
0.2953622568924984;0.494652891063984
0.2954253954681488;0.4937466014138119
0.2955759777730284;0.4938372303788291
0.2956391620350577;0.4935653434837774
0.2962171404146185;0.4927496827986224
0.29628046173578454;0.49157150625339857
0.29643086129514856;0.4903027007431575
0.29649422830269345;0.4898495559180714
0.29692176143651133;0.48948704005800253
0.29728574481726866;0.4891245241979337
0.2973492945703292;0.48894326626789925
0.2977131865783287;0.4884901214428131
0.29792690745885875;0.48812760558274426
0.297990594271056;0.48785571868769256
0.29814062833938876;0.4874025738626065
0.2982043608379649;0.4864962842124343
0.29835434921991877;0.4860431393873482
0.29856807010044883;0.4855899945622621
0.29878179098097885;0.48522747870219324
0.29884566053869177;0.48531810766721045
0.29899551186150886;0.48540873663222767
0.2990594271056007;0.48359615733188327
0.29942295362256893;0.4836867862969005
0.29985039538362895;0.4828711256117455
0.29991449337323645;0.4813304332064528
0.300064116264159;0.4808772883813667
0.30027783714468903;0.4804241435562806
0.30034202650705427;0.48078665941634946
0.30049155802521904;0.4803335145912634
0.30055579307396324;0.4799709987311945
0.30076955964087215;0.4800616276962117
0.3009189997862791;0.4801522566612289
0.30119709277469003;0.4802428856262462
0.3013464415473392;0.47978974080116005
0.30141085934159895;0.47897408011600506
0.3019876041889293;0.47806779046583286
0.3020521590423258;0.4776146456407468
0.3024150459499893;0.4772521297806779
0.3024796921761437;0.4763458401305057
0.30262876683051937;0.4758926953054196
0.3028424877110494;0.4749864056552474
0.3029072253099615;0.4750770346202646
0.3030562085915794;0.47471451876019577
0.30312099187687047;0.473173826354903
0.3032699294721094;0.47244879463476525
0.3036973712331695;0.4715425049845931
0.30376229157759727;0.4697299256842487
0.30412481299422955;0.4688236360340765
0.30418982471141515;0.4674642015588182
0.30433853387475956;0.4666485408736632
0.3045522547552896;0.46574225122349105
0.304617357845233;0.46583288018850827
0.30476597563581964;0.46492659053833607
0.30483112441214194;0.4640203008881639
0.30504489097905085;0.46356715606307775
0.30519341739687966;0.46365778502809496
0.30540713827740973;0.4632046402030089
0.30547242411286873;0.46275149537792276
0.30562085915793974;0.4622983505528367
0.30583458003846975;0.46193583469276783
0.30604830091899976;0.4614826898676817
0.3063274903805045;0.4606670291825267
0.3065412569474134;0.46021388435744065
0.30668946356058985;0.4597607395323545
0.3067550235143224;0.4588544498821823
0.3069031844411199;0.4579481602320101
0.3069687900812313;0.45758564437194127
0.3071169053216499;0.4572231285118724
0.30733062620217994;0.4567699836867863
0.3076100897819581;0.4563168388617002
0.30782385634886705;0.4558636940366141
0.30803762291577597;0.455410549211528
0.3083992306048301;0.4549574043864419
0.30846515604959385;0.4550480333514591
0.3086129514853601;0.45459488852637303
0.30867892261650276;0.4524197933659598
0.3088266723658901;0.451694761645822
0.3090403932464202;0.450879100960667
0.30910645575032064;0.45042595613558095
0.3093202223172296;0.44825086097516764
0.3095339888841385;0.4478883451150988
0.3098952767685403;0.4475258292550299
0.3101089976490703;0.44661953960485773
0.31032271852960036;0.4461663947797716
0.31053643941013037;0.44571324995468553
0.3106028217186832;0.4453507340946166
0.31096388117119045;0.4455319920246511
0.3110303548525011;0.4451694761645822
0.31117760205172046;0.4447163313394961
0.31124412141941;0.44426318651441
0.31160504381278054;0.44390067065434113
0.3116716545532279;0.44299438100416894
0.31181876469331055;0.4425412361790828
0.31203248557384056;0.4409099148087729
0.31224620645437057;0.44045676998368677
0.31231295425395467;0.4401848830886351
0.31245992733490063;0.43982236722856627
0.31267364821543064;0.43936922240348014
0.31288736909596065;0.43945985136849736
0.3131010899764907;0.4390973355084285
0.31316802052159043;0.43882544861337686
0.31331481085702073;0.43791915896320466
0.31338178708849934;0.43610657966286026
0.3135955536554083;0.4361972086278775
0.3137422526180808;0.4352909189777053
0.3138093202223172;0.43483777415261915
0.3140230867892262;0.4343846293275331
0.31416969437914083;0.433931484502447
0.3143834152596709;0.43420337139749865
0.314450619923044;0.4337502265724125
0.3145971361402009;0.43148450244698205
0.314664386489953;0.43057821279680986
0.3148108570207309;0.42967192314663766
0.3150245779012609;0.4293094072865688
0.31509191962377087;0.429400036251586
0.3153056861906798;0.4289468914264999
0.315452019662321;0.4284937466014138
0.3158794614233811;0.4280406017763277
0.3159469858914066;0.4275874569512416
0.31616075245831554;0.42767808591625883
0.3163069031844411;0.42722494109117276
0.31637451902522445;0.42686242523110385
0.31652062406497117;0.4255029907558456
0.31658828559213337;0.42323726663041505
0.3167343449455012;0.4223309769802429
0.3169480658260312;0.4218778321551568
0.31716178670656126;0.4214246873300707
0.31737550758709127;0.421152800435019
0.31744335185976913;0.42033713974986403
0.31765711842667804;0.4205183976798985
0.31801667022868135;0.42060902664491573
0.31823039110921136;0.4202465107848468
0.3182984181274049;0.41897770527460576
0.3184441119897414;0.419068334239623
0.3185121846943138;0.4186151894145369
0.3187259512612227;0.4181620445894508
0.31887155375080145;0.4168026101141925
0.31908527463133146;0.4168932390792097
0.3191534843950406;0.4164400942541236
0.3192989955118615;0.4159869494290375
0.31936725096194957;0.4158056914990031
0.31951271639239154;0.41535254667391697
0.3195810175288585;0.4148994018488309
0.31979478409576745;0.41444625702374477
0.3199401581534516;0.4139931121986587
0.32036759991451164;0.41363059633858984
0.32043608379649424;0.4139931121986587
0.3205813207950417;0.41363059633858984
0.32064985036340315;0.4122711618633315
0.3207950416755717;0.41199927496827987
0.3210087625561017;0.41154613014319374
0.32107738349722104;0.4110929853181077
0.32129115006412995;0.4107304694580388
0.3214362043171618;0.4102773246329527
0.3216499251976918;0.4094616639477977
0.32171868319794783;0.40900851912271163
0.3219324497648568;0.4085553742976255
0.3220773669587519;0.4086460032626427
0.3223599828986746;0.40819285843755665
0.3225048087198119;0.40828348740257386
0.3225737494655836;0.4078303425774878
0.322718529600342;0.4069240529273156
0.3227875160324925;0.404205183976799
0.322932250480872;0.4042958129418162
0.3230012825994015;0.404205183976799
0.323145971361402;0.40375203915171287
0.3232150491663104;0.403389523291644
0.32335969224193206;0.4029363784665579
0.3234288157332193;0.40302700743157516
0.3235734131224621;0.40257386260648903
0.3237871340029921;0.4023019757114374
0.3238563488670372;0.4013956860612652
0.32428388200085506;0.400489396411093
0.32442829664458217;0.3995831067609208
0.324497648567764;0.39912996193583467
0.3246420175251122;0.3986768171107486
0.32485573840564225;0.39840493021569695
0.32492518170158186;0.39758926953054197
0.32506945928617226;0.3972267536704731
0.32528318016670227;0.3968642378104042
0.32535271483539974;0.3964110929853181
0.3257802479692176;0.3960485771252492
0.32592434280829236;0.3961392060902664
0.32599401453612653;0.3940547398948704
0.3261380636888224;0.39378285299981874
0.3262077811030355;0.3933297081747326
0.32635178456935243;0.3924234185245605
0.3264215476699444;0.3915171288743883
0.32656550544988244;0.3916077578394055
0.3269929472109425;0.39115461301431936
0.3270628473706712;0.3907014681892333
0.32720666809147253;0.3898858075040783
0.3274903805044891;0.3889795178539061
0.3276341098525326;0.38852637302882004
0.32770414707139806;0.3881638571687511
0.32791791363830697;0.38780134130868227
0.3282752724941227;0.38653253579844116
0.32834544677212485;0.3860793909733551
0.3284889933746527;0.38571687511328623
0.3289164351357128;0.38580750407830344
0.32898674647285164;0.38408555374297626
0.32920051303976056;0.38363240891789013
0.3293438768967728;0.38227297444263186
0.32962804617357844;0.3818198296175458
0.3297713186578329;0.38136668479245966
0.3298418127404874;0.381094797897408
0.33041248129942297;0.3807322820373391
0.3306968790081231;0.3808229110023564
0.3309106455750321;0.3800072503172014
0.33105364394101305;0.3796447344571325
0.33133817870884996;0.3797353634221497
0.3315519452757589;0.3783759289468914
0.33169480658260314;0.37846655791190864
0.3317657118426678;0.37801341308682257
0.33190852746313315;0.37765089722675366
0.33197947840957676;0.3772883813666848
0.33212224834366316;0.377379010331702
0.33233596922419323;0.3769258655066159
0.33240701154339464;0.37665397861156424
0.33254969010472324;0.37583831792640926
0.33262077811030355;0.37502265724125433
0.33276341098525325;0.3746601413811854
0.33297713186578326;0.37429762552111656
0.33304831124412143;0.37384448069603043
0.3331908527463133;0.37393510966104765
0.33326207781103034;0.3734819648359616
0.33340457362684334;0.3735725938009788
0.3334758443779393;0.3737538517310132
0.33361829450737335;0.37248504622077216
0.3338320153879034;0.3725756751857894
0.334544677212484;0.3721225303607033
0.3346868989100235;0.37139749864056554
0.3347584437793929;0.3712162407105311
0.3349006197905535;0.3709443538154794
0.3351143406710836;0.37049120899039334
0.3351859769132108;0.3700380641653072
0.3353280615516136;0.3701286931303244
0.3353997434801197;0.36967554830523836
0.3355417824321436;0.3690411455501178
0.33561351004702866;0.36858800072503173
0.3357555033126737;0.3681348558999456
0.3358272766139376;0.3672285662497734
0.3359692241932037;0.36677542142468733
0.3360410431808465;0.36586913177451513
0.3361829450737337;0.3655066159144463
0.33625480974775546;0.3646003262642741
0.3363966659542637;0.3636940366141019
0.33646857631466437;0.3627877469639297
0.33668234288157334;0.3630596338589813
0.3370378285958538;0.36315026282399854
0.33732364258230013;0.36224397317382634
0.33746527035691387;0.36179082834874027
0.33753740914920904;0.36088453869856807
0.3376789912374439;0.3587094435381548
0.33789271211797395;0.35880007250317203
0.33810643299850396;0.35798441181801705
0.3381787088499359;0.35807504078303426
0.33853387475956404;0.3577125249229654
0.3386062419837537;0.3568968642378104
0.33874759564009405;0.3564437194127243
0.3390337751175716;0.3547217690773971
0.33938875828168413;0.35426862425231104
0.33960247916221414;0.35345296356715605
0.3396750748182984;0.3527279318470183
0.33981620004274415;0.3518216421968461
0.33988884138520736;0.35136849737176
0.3400299209232742;0.35100598151169116
0.3401026079521163;0.34964654703643283
0.34024364180380423;0.34883088635127785
0.34045736268433424;0.348468370491209
0.3406710835648643;0.34810585463114013
0.3408848044453943;0.347652709806054
0.34095767421975204;0.34719956498096793
0.34109852532592433;0.346837049120899
0.3413122462064544;0.34692767808591624
0.3413852073535699;0.34647453326083016
0.3415259670869844;0.34602138843574404
0.3417396879675144;0.3456588725756752
0.34181274048738775;0.3459307594707268
0.3419534088480444;0.34547761464564075
0.3421671297285745;0.3450244698205546
0.3422402736212056;0.3452057277505891
0.3424540401881146;0.344752582925503
0.3425945714896345;0.3442994381004169
0.3428082923701646;0.3438462932753308
0.3430220132506946;0.3434837774152619
0.3433091064557503;0.3430306325901758
0.34344945501175467;0.3425774877650897
0.3438768967728147;0.34221497190502087
0.34395040615647715;0.3423962298350553
0.34409061765334475;0.34194308500996917
0.34416417272338606;0.3414899401848831
0.34430433853387477;0.341036795359797
0.3445180594144048;0.3396773608845387
0.34459170585720394;0.3392242160594526
0.34473178029493484;0.3387710712343665
0.34494550117546485;0.33804603951422874
0.34515922205599486;0.33723037882907375
0.3453729429365249;0.3364147181439188
0.34544677212483965;0.33650534710893604
0.34587430525865753;0.33659597607395325
0.34601410557811496;0.3361428312488671
0.346227826458645;0.3343302519485227
0.3463018383924754;0.33297081747326446
0.34644154733917504;0.3326083016131956
0.3471569046601112;0.3322457857531267
0.34729643086129514;0.3317926409280406
0.3473706712270201;0.3314301250679717
0.347584437793929;0.33007069059271343
0.3477238726223552;0.33016131955773065
0.34779820436083797;0.3297081747326446
0.3479375935028852;0.329889432662679
0.3480119709277469;0.33007069059271343
0.34822573749465585;0.32771433750226575
0.3483650352639453;0.32780496646728297
0.34843950406156476;0.32735182164219684
0.34886703719538265;0.32689867681711077
0.3490061979055354;0.326989305782128
0.34908080376229156;0.3270799347471452
0.3492199187860654;0.3254486133768352
0.3494336396665954;0.32553924234185244
0.34950833689610944;0.32508609751676637
0.3497221034630184;0.32399854993655974
0.3499358700299273;0.32408917890157696
0.3500748023081855;0.32417980786659417
0.35014963659683623;0.32390792097154253
0.35028852318871556;0.3234547761464564
0.3503634031637452;0.32309226028638754
0.35050224406924557;0.32272974442631863
0.3509296858303056;0.32182345477614643
0.35114340671083566;0.3200108754758021
0.3512184694313809;0.3191952147906471
0.3514322359982899;0.3192858437556643
0.35178456935242575;0.3188326989305782
0.35185976913210776;0.3180170382454232
0.35207353569901667;0.31765452238535435
0.35221201111348577;0.3169294906652166
0.3522873022659256;0.3161138299800616
0.35285317375507586;0.31575131411999274
0.3530668946356059;0.31484502446982054
0.35314236853356135;0.31493565343483776
0.35328061551613593;0.315026282399855
0.35335613510047026;0.3146637665397861
0.353708057277196;0.31421062171470004
0.353921778157726;0.3137574768896139
0.3539974348011971;0.31393873481964835
0.35413549903825603;0.31402936378466556
0.35434921991878604;0.31430125067971726
0.354424967935015;0.3144825086097517
0.3545629407993161;0.3135762189595795
0.3547766616798461;0.3136668479245967
0.3549903825603761;0.3127605582744245
0.3550662676357418;0.3119448975892695
0.3552041034409062;0.31158238172920066
0.3554178243214362;0.31140112379916624
0.35549380076955966;0.31067609207902847
0.3558452660824963;0.3107667210440457
0.3560589869630263;0.31031357621895955
0.35613510047028646;0.3098604313938735
0.3562727078435563;0.3099510603588907
0.35634886703719537;0.3091353996737357
0.3567001496046164;0.30886351277868407
0.35699016673792217;0.308410367953598
0.35720393330483113;0.30795722312851187
0.35734131224620647;0.3066884176182708
0.357631466438649;0.3057821279680986
0.35784523300555793;0.3053289831430125
0.35798247488779655;0.3048758383179264
0.35805899957246684;0.30360703280768536
0.3584099166488566;0.30324451694761645
0.35862363752938664;0.3027913721225304
0.3587002992731937;0.3028820010875476
0.35883735840991665;0.30242885626246147
0.3589140658401026;0.30170382454232375
0.35905107929044666;0.29989124524197935
0.3591278324070115;0.29998187420699657
0.35926480017097673;0.29952872938191044
0.35947852105150674;0.29961935834692766
0.3599059628125668;0.29871306869675546
0.3599828986746473;0.2982599238716694
0.3601196836930968;0.2978067790465833
0.36033340457362684;0.29789740801160053
0.36041043180846516;0.2966286025013594
0.36054712545415685;0.2963567156063078
0.3607608463346869;0.2955410549211528
0.36083796494228304;0.29436287837592895
0.3609745672152169;0.2930940728656879
0.36105173150919195;0.2923690411455501
0.36118828809574693;0.291915896320464
0.361402008976277;0.2914627514953779
0.36169303120991875;0.29064709081022294
0.3620431716178671;0.29019394598513687
0.3622568924983971;0.2883813666847925
0.3623343309106456;0.28711256117455136
0.3624706133789271;0.28720319013956863
0.3625480974775545;0.28693130324451693
0.3626843342594572;0.28702193220953415
0.3627618640444634;0.28520935290918975
0.3628980551399872;0.2848468370491209
0.3629756306113724;0.2834874025738626
0.3631893971782813;0.2830342577487765
0.3633254969010472;0.2825811129236904
0.3635392177815773;0.2816748232735182
0.3639666595426373;0.28085916258836324
0.36418038042316736;0.28040601776327717
0.364258230012826;0.27995287293819104
0.36439410130369737;0.279499728113105
0.3646078221842274;0.2795903570781222
0.36468576314664386;0.2796809860431394
0.36482154306475745;0.27850280949791556
0.36532706284737065;0.2776871488127606
0.36567642658687755;0.277868406742795
0.36575459598118853;0.2774152619177089
0.36589014746740756;0.27705274605764
0.36674503098952765;0.27659960123255395
0.3668234288157332;0.27478702193220955
0.3669587518700577;0.2734275874569512
0.3670371953826422;0.27297444263186516
0.36717247275058773;0.2731557005618996
0.3672509619495511;0.2722494109117274
0.36746472851646;0.27206815298169296
0.367678495083369;0.27170563712162404
0.3678136353921778;0.270436831611383
0.3678922616502779;0.2681711074859525
0.3682410771532379;0.2678085916258836
0.36831979478409577;0.2678992205909009
0.3684547980337679;0.26753670473083196
0.3685335613510047;0.2676273336958492
0.3686685189142979;0.266721044045677
0.36874732791791365;0.2662678992205909
0.36896109448482256;0.265905383360522
0.369095960675358;0.2654522385354359
0.369309681555888;0.26508972267536707
0.36938862761864044;0.2642740619902121
0.369523402436418;0.2634584013050571
0.3697371233169481;0.2626427406199021
0.3701645650780081;0.26001450063440273
0.3705920068390682;0.25865506615914446
0.37067122702009403;0.2582925502990756
0.3708057277195982;0.2578394054739895
0.37101944860012825;0.2573862606489034
0.37123316948065826;0.25756751857893784
0.3714468903611883;0.2571143737538517
0.3715262932877298;0.25675185789378285
0.37166061124171834;0.25684248685880007
0.37174005985463876;0.25502990755845567
0.37187433212224835;0.2541236179082835
0.3719538264215477;0.2527641834330252
0.37208805300277836;0.251042233097698
0.3721675929884566;0.24977342758745696
0.3723017738833084;0.2485952510422331
0.37238135955536555;0.24832336414718145
0.37259512612227447;0.24787021932209535
0.37272921564436845;0.24741707449700925
0.37280889268918344;0.24605764002175096
0.37294293652489846;0.24614826898676817
0.3731566574054285;0.24506072140656154
0.37345019238991023;0.24515135037157876
0.37358409916648855;0.24433568968642377
0.37366395895681914;0.24306688417618272
0.3737978200470186;0.24261373935109662
0.3738777255237281;0.24225122349102773
0.3740115409275486;0.24234185245604495
0.374091492090637;0.24188870763095885
0.37422526180807864;0.24143556280587275
0.37430525865754594;0.24098241798078665
0.3744389826886087;0.2411636759108211
0.3745190252244549;0.240710531085735
0.3748664244496687;0.2402573862606489
0.3749465583582728;0.24034801522566612
0.37508014533019873;0.23944172557549392
0.3751603249251817;0.23898858075040783
0.3752938662107288;0.23907920971542504
0.3753740914920906;0.2392604676454595
0.3755075870912588;0.23898858075040783
0.3758016246259085;0.23853543592532173
0.37601539119281746;0.23871669385535618
0.3761487497328489;0.2384448069603045
0.3763624706133789;0.23808229110023563
0.376576191493909;0.23762914627514953
0.37687045746045317;0.23708537248504621
0.377003633254969;0.23717600145006343
0.37721735413549906;0.2360884538698568
0.37729799059427105;0.2356353090447707
0.37743107501602907;0.23572593800978792
0.37751175716118;0.23536342214971906
0.3776447958965591;0.23491027732463296
0.37785851677708915;0.23409461663947798
0.3781530568619068;0.23318832698930578
0.37828595853814917;0.233278955954323
0.3783668234288157;0.23255392423418525
0.3784996794186792;0.23164763458401305
0.3785805899957247;0.23092260286387528
0.37871340029920925;0.23101323182889252
0.3787943565626336;0.23110386079390974
0.3790081231295425;0.23028820010875475
0.37914084206026927;0.22992568424868587
0.3792218896964515;0.2300163132137031
0.37935456294079933;0.229563168388617
0.37956828382132934;0.22920065252854813
0.37978200470185935;0.22947253942359977
0.3798631893971783;0.22929128149356534
0.3799957255823894;0.22892876563349646
0.3800769559640872;0.22693492840311763
0.38020944646291943;0.2271161863331521
0.38029072253099616;0.2272068152981693
0.38042316734344944;0.22684429943810042
0.3805044890979051;0.22611926771796267
0.3806368882239795;0.22521297806779048
0.38071825566481404;0.2244879463476527
0.38093202223172296;0.2235816566974805
0.38106432998503953;0.22276599601232555
0.38114578879863187;0.2225847380822911
0.38127805086556954;0.22276599601232555
0.3814917717460996;0.22231285118723945
0.3817054926266296;0.22059090085191227
0.3817870884993587;0.22013775602682617
0.38200085506626763;0.21968461120174007
0.3821329343876897;0.21977524016675729
0.3823466552682197;0.21995649809679174
0.3824283882000855;0.22004712706180896
0.3825603761487497;0.21787203190139567
0.3827740970292798;0.21488127605582744
0.3829878179098098;0.21442813123074134
0.3830696879008123;0.21352184158056914
0.3832015387903398;0.21306869675548304
0.38341525967086987;0.2132499546855175
0.3834972210346302;0.2127968098604314
0.3838427014319299;0.2123436650353453
0.3840564223124599;0.21034982780496647
0.384138520735357;0.20989668297988037
0.38427014319298997;0.2087185064346565
0.38435228730226595;0.20880913539967375
0.38448386407352;0.20835599057458765
0.3847798204360838;0.20744970092441545
0.38491130583458005;0.20654341127424325
0.3853387475956401;0.20618089541417436
0.38555246847617014;0.20627152437919158
0.38576618935670015;0.20509334783396774
0.38584865327062845;0.20427768714881275
0.38597991023723016;0.2039151712887439
0.3860624198375374;0.203552655428675
0.38640735199829024;0.20146818923327894
0.3864899529713553;0.20056189958310677
0.3867037195382642;0.19965560993293457
0.3868347937593503;0.1988399492477796
0.387345019238991;0.1983868044226935
0.3875587858059;0.1984774333877107
0.3876896772814704;0.19775240166757296
0.38798631893971786;0.19593982236722857
0.38811711904253043;0.19476164582200473
0.38820008550662677;0.19430850099691863
0.3883308399230605;0.19358346927678086
0.3884138520735357;0.19394598513684974
0.3885445608035905;0.19267717962660866
0.38884138520735356;0.19276780859162587
0.3889720025646506;0.19231466376653977
0.3891857234451806;0.19013956860612652
0.3893994443257106;0.18968642378104042
0.38948268490808036;0.18878013413086822
0.3896131652062407;0.18832698930578212
0.3896964514749893;0.18714881276055828
0.38991021804189824;0.18669566793547218
0.3900406069673007;0.1864237810404205
0.3904680487283608;0.18560812035526555
0.39055151774262503;0.18488308863512778
0.39110921136995086;0.18470183070509336
0.3911928174433519;0.18325176726481784
0.39132293225048087;0.1830705093347834
0.3914065840102608;0.18334239622983506
0.3915366531310109;0.18243610657966286
0.3916203505771697;0.18162044589450788
0.39175037401154095;0.18171107485952512
0.39196409489207096;0.18125793003443902
0.3920478837109876;0.18080478520935292
0.39217781577260097;0.18035164038426682
0.39226165027789656;0.18044226934928403
0.39239153665313103;0.18053289831430125
0.39247541684480547;0.18017038245423236
0.39260525753366105;0.1798078665941635
0.39281897841419106;0.1793547217690774
0.39290294997862335;0.17899220590900852
0.3930326992947211;0.17817654522385354
0.39311671654553226;0.17772340039876744
0.39324642017525113;0.17636396592350914
0.39333048311244123;0.17600145006344028
0.39354424967935014;0.17554830523835419
0.3938875828168412;0.1756389342033714
0.393971782813168;0.1751857893782853
0.39410130369737123;0.17527641834330251
0.39418554938007694;0.17482327351821642
0.3943993159469859;0.17437012869313032
0.3946130825138948;0.17346383904295812
0.3947424663389613;0.17264817835780316
0.39495618721949133;0.17128874388254486
0.3950406156477127;0.17001993837230378
0.3951699081000214;0.16866050389704548
0.3952543822146216;0.16829798803697663
0.3953836289805514;0.16838861700199384
0.3954681487815306;0.1663041508065978
0.3955973498610814;0.16458220047127062
0.3956819153484395;0.16295087910096068
0.3958110707416115;0.1630415080659779
0.3960247916221415;0.16331339496102953
0.3963232150491663;0.1635852818560812
0.3964522333832015;0.16322276599601232
0.3968796751442616;0.16231647634584012
0.39696451474989314;0.16159144462570238
0.39739204788371096;0.16104767083559907
0.39760581445061993;0.16059452601051297
0.3977345586663817;0.15977886532535798
0.39794827954691175;0.15932572050027188
0.39816200042744176;0.15841943085009969
0.39846088071825564;0.1570599963748414
0.39858944218850184;0.1566068515497553
0.3986746472851646;0.15615370672466922
0.39880316306903185;0.15570056189958312
0.39901688394956186;0.15524741707449702
0.3991021804189825;0.15479427224941092
0.3992306048300919;0.15488490121442813
0.3993159469858914;0.15461301431937646
0.39944432571062194;0.15443175638934203
0.39987176747168196;0.1547036432843937
0.400085488352212;0.15352546673916984
0.40017101325352716;0.15316295087910095
0.40051293011327205;0.152347290193946
0.4007266509938021;0.1500815660685155
0.4009403718743321;0.1496284212434294
0.40102607952116287;0.14890338952329166
0.40115409275486213;0.14845024469820556
0.40123984608807184;0.14854087366322277
0.4013678136353922;0.14863150262824
0.40145361265498075;0.14790647090810222
0.4015815345159222;0.14754395504803336
0.4022226971575123;0.14709081022294726
0.4023086789226165;0.1469095522929128
0.4024364180380423;0.14654703643284395
0.4025224454895254;0.14618452057277506
0.4026501389185723;0.14627514953779228
0.4030775806796324;0.1450063440275512
0.4031637451902522;0.14455319920246512
0.4035912783240701;0.14464382816748234
0.4037187433212225;0.14428131230741345
0.40380504489097907;0.14337502265724125
0.4039324642017525;0.14346565162225847
0.404018811457888;0.14183433025194853
0.40414618508228256;0.14156244335689686
0.4042325780247969;0.14047489577669023
0.40435990596281257;0.14020300888163859
0.4046601111586148;0.1397498640565525
0.40478734772387265;0.1393873481964836
0.40487387772552375;0.13947797716150082
0.40500106860440266;0.13956860612651803
0.40508764429243266;0.13866231647634583
0.40521478948493267;0.13820917165125973
0.40551517742625054;0.1383904295812942
0.40564223124599275;0.1384810585463114
0.40572894399315945;0.1380279137212253
0.40585595212652276;0.1344027551205365
0.40606967300705277;0.13268080478520936
0.40615647712697733;0.13095885444988217
0.40628339388758283;0.1286931303244517
0.4063702436938863;0.12760558274424505
0.40649711476811284;0.12579300344390068
0.4065840102607952;0.12533985861881458
0.40671083564864285;0.1250679717237629
0.4067977768277041;0.12479608482871125
0.4069245565291729;0.12343665035345297
0.4070115433946131;0.12307413449338409
0.407225309961522;0.12262098966829799
0.40735199829023294;0.12271161863331521
0.407565719170763;0.12171470001812579
0.407779440051293;0.1212615551930397
0.4078666096622488;0.12089903933297082
0.40799316093182303;0.12108029726300526
0.40808037622915777;0.11972086278774696
0.40820688181235304;0.11935834692767809
0.4082941427960667;0.11953960485771252
0.4084206026928831;0.11926771796266086
0.40850790936297565;0.11890520210259199
0.4086343235734131;0.11854268624252311
0.4088480444539431;0.11772702555736814
0.4089354424967935;0.11736450969729925
0.4090617653344732;0.11654884901214428
0.40914920906370245;0.11537067246692043
0.4092754862150032;0.11446438281674823
0.40936297563061136;0.11355809316657604
0.4095767421975203;0.11310494834148994
0.4097029279760633;0.11219865869131775
0.40979050876442924;0.11237991662135219
0.4099166488565933;0.1111111111111111
0.41000427533133815;0.11120174007612833
0.4101303697371233;0.11083922421605945
0.4102180418982471;0.11047670835599058
0.41034409061765337;0.10984230560087004
0.410645575032065;0.10938916077578394
0.4107715323787134;0.10893601595069784
0.41098525325924345;0.10721406561537067
0.4110731081658829;0.10585463114011238
0.41119897413977347;0.10449519666485409
0.4112868747327918;0.10404205183976799
0.4114126950203035;0.10322639115461302
0.4115006412997007;0.10259198839949248
0.4116264159008335;0.10232010150444082
0.4117144078666097;0.10186695667935472
0.41184013678136355;0.10096066702918252
0.4119281744335186;0.10014500634402755
0.41205385766189356;0.10041689323907921
0.41214194100042756;0.09960123255392424
0.4122675785424236;0.09914808772883814
0.41235570756733647;0.09869494290375204
0.4125694741342454;0.09878557186876925
0.41269502030348365;0.09833242704368315
0.41290874118401366;0.09697299256842487
0.41299700726806327;0.09706362153344208
0.4131224620645437;0.09615733188326989
0.41342454040188115;0.09624796084828711
0.41354990382560375;0.09534167119811492
0.413852073535699;0.09561355809316657
0.4139773455866638;0.09470726844299437
0.41406584010260794;0.09425412361790829
0.41419106646719384;0.09398223672285662
0.4142796066695169;0.09162588363240892
0.41440478734772385;0.09071959398223672
0.4144933732364258;0.09026644915715062
0.41470713980333473;0.08981330433206453
0.4148322291087839;0.08936015950697843
0.4149209063702437;0.08863512778684067
0.41504594998931393;0.08818198296175457
0.4151346729371526;0.0878194671016857
0.415259670869844;0.08791009606670291
0.415473391750374;0.08709443538154794
0.415687112630904;0.08609751676635853
0.4159008335114341;0.08446619539604858
0.4159897392047884;0.0841036795359797
0.4161145543919641;0.08374116367591082
0.4163282752724941;0.08283487402573862
0.41641727233860626;0.08292550299075585
0.4165419961530242;0.08274424506072141
0.4167557170335542;0.08247235816566975
0.4169694379140842;0.08210984230560087
0.41705857203933305;0.0812941816204459
0.4171831587946142;0.0799347471451876
0.4178243214362043;0.07957223128511873
0.4179136383069688;0.07866594163494653
0.41803804231673436;0.07875657059996374
0.41812740487387773;0.07857531266992931
0.41825176319726437;0.07875657059996374
0.41834117144078664;0.07893782852999819
0.4184654840777944;0.07721587819467102
0.41867920495832445;0.07676273336958492
0.41889292583885446;0.07630958854449882
0.4189824711415135;0.07567518578937829
0.41910664671938447;0.0738626064890339
0.41932036759991453;0.0725031720137756
0.4194100042753313;0.07205002718868951
0.41953408848044454;0.07132499546855176
0.4196237708422403;0.07150625339858618
0.41974780936097456;0.07114373753851731
0.4199615302415046;0.07123436650353453
0.42005130397605817;0.06987493202827624
0.42017525112203463;0.06815298169294906
0.4202650705429671;0.0678810947978974
0.42038897200256464;0.06697480514772522
0.42060269288309465;0.06606851549755302
0.42069260367678496;0.06624977342758746
0.4208164137636247;0.06579662860250136
0.4209063702436939;0.06588725756751858
0.42112013681060284;0.06597788653253579
0.42124385552468474;0.06606851549755302
0.4214575764052148;0.06561537067246692
0.42154766994442067;0.06570599963748414
0.4216712972857448;0.06498096791734638
0.42176143651132963;0.0640746782671742
0.42188501816627483;0.0636215334420881
0.4220987390468049;0.06235272793184702
0.4223124599273349;0.06244335689686424
0.42240273621205643;0.06199021207177814
0.4225261808078649;0.061174551386623165
0.422739901688395;0.05990574587638209
0.422953622568925;0.059452601051295996
0.423167343449455;0.0585463114011238
0.423381064329985;0.057640021750951606
0.4234715690466011;0.05718687692586551
0.4235947852105151;0.05736813485589994
0.4236853356135101;0.05691499003081385
0.4238085060910451;0.056643103135762186
0.4240222269715751;0.054830523835417797
0.42423594785210517;0.05492115280043502
0.4244496687326352;0.05319920246510785
0.4246633896131652;0.053471089360159506
0.42475416844805475;0.05365234729019395
0.42496793501496366;0.05274605764002175
0.42509083137422526;0.05229291281493565
0.4253045522547553;0.05183976798984956
0.42539546814878154;0.05102410730469458
0.42551827313528534;0.05011781765452238
0.42560923471569045;0.050208446619539604
0.42573199401581535;0.049755301794453505
0.4258230012825994;0.04993655972448795
0.42615943577687543;0.05002718868950517
0.42625053441641725;0.04912089903933297
0.4264643009833262;0.0464926590538336
0.42680059841846546;0.04603951422874751
0.4270143192989955;0.04594888526373029
0.42722804017952554;0.04567699836867863
0.42744176106005555;0.04540511147362697
0.4275331338178709;0.04449882182345478
0.4276554819405856;0.0436831611382998
0.4278692028211156;0.0432300163132137
0.42808292370164563;0.04286750045314482
0.4282966445821757;0.042958129418162044
0.4285103654627057;0.042504984593075945
0.42860196665241557;0.041598694942903754
0.4287240863432357;0.041145550117817654
0.42902949978623345;0.041236179082834876
0.4291515281042958;0.040783034257748776
0.42924326635314236;0.04032988943266268
0.4293652489848258;0.03851731013231829
0.42945703292005133;0.03779227841218053
0.4295789698653558;0.03824542323726663
0.42967079948696024;0.03643284393692224
0.4297926907458859;0.03597969911183614
0.4300064116264159;0.03507340946166395
0.4302201325069459;0.03425774877650897
0.43031209918768704;0.032173282581112926
0.430647574268006;0.03172013775602683
0.4307396323215049;0.03126699293094073
0.430861295148536;0.030813848105854632
0.43095339888841383;0.030451332245785754
0.43107501602906606;0.03054196121080297
0.4315024577901261;0.030632590175820193
0.4315946985891407;0.0292731557005619
0.43171617867065615;0.02936378466557912
0.4318084651560496;0.029454413630596338
0.43192989955118616;0.028548123980424143
0.4320222317229585;0.027188689505165852
0.43214362043171617;0.026554286750045314
0.4322359982898675;0.024741707449700924
0.4323573413122462;0.023110386079390973
0.4324497648567764;0.022657241254304877
0.43257106219277625;0.022204096429218778
0.43287729799059427;0.021750951604132682
0.4330910645575032;0.02193220953416712
0.43342594571489634;0.02202283849918434
0.43351859769132106;0.02211346746420156
0.43363966659542635;0.021207177814029365
0.43373236425823003;0.021479064709081022
0.4338533874759564;0.019666485408736632
0.43394613082513894;0.01794453507340946
0.43406710835648643;0.016675729563168387
0.4341598973920479;0.01631321370309951
0.43428082923701644;0.015860068878013413
0.43492199187860653;0.015678810947978974
0.4350149636596836;0.015769439912996192
0.4351357127591366;0.015406924052927316
0.4353494336396666;0.01459126336777234
0.4357768754007266;0.014863150262823999
0.4359905962812567;0.014953779227841218
0.4364180380423167;0.015044408192858438
0.4366317589228468;0.01468189233278956
0.4367250961949551;0.013866231647634585
0.43693886276186406;0.013956860612651804
0.43727292156443687;0.013050570962479609
0.43758016246259085;0.013141199927496829
0.43779392902949976;0.012234910277324634
0.43800769559640873;0.011781765452238536
0.43812780508655697;0.009969186151894145
0.438341525967087;0.009606670291825267
0.4384352287302266;0.009153525466739169
0.43876896772814705;0.008700380641653072
0.43886276186404444;0.008247235816566974
0.4390765284309534;0.0061627696211709266
0.4391964094892071;0.005709624796084829
0.4392902949978623;0.004803335145912633
0.43962385125026715;0.0031720137756026828
0.43983757213079716;0.0032626427406199023
0.4400512930113272;0.0024469820554649264
0.4406924556529173;0.001993837230378829
0.44111989741397734;0.0015406924052927316
0.4421885018166275;0.0011781765452238534
0.4430433853387476;0.0007250317201377561
0.4434708270998077;0.0
0.4438982688608677;0.00018125793003443902
0.44432571062192777;0.0002718868950516585
0.44518059414404787;0.00045314482508609753
