0.000000, -0.000007
0.000100, 0.000206
0.000200, 0.000377
0.000300, 0.000482
0.000400, 0.000553
0.000500, 0.000643
0.000600, 0.000790
0.000700, 0.001008
0.000800, 0.001297
0.000900, 0.001646
0.001000, 0.002034
0.001100, 0.002443
0.001200, 0.002836
0.001300, 0.003182
0.001400, 0.003468
0.001500, 0.003696
0.001600, 0.003893
0.001700, 0.004096
0.001800, 0.004326
0.001900, 0.004591
0.002000, 0.004873
0.002100, 0.005143
0.002200, 0.005381
0.002300, 0.005577
0.002400, 0.005748
0.002500, 0.005915
0.002600, 0.006093
0.002700, 0.006284
0.002800, 0.006471
0.002900, 0.006631
0.003000, 0.006758
0.003100, 0.006863
0.003200, 0.006994
0.003300, 0.007186
0.003400, 0.007472
0.003500, 0.007852
0.003600, 0.008287
0.003700, 0.008711
0.003800, 0.009075
0.003900, 0.009342
0.004000, 0.009529
0.004100, 0.009693
0.004200, 0.009891
0.004300, 0.010192
0.004400, 0.010615
0.004500, 0.011146
0.004600, 0.011744
0.004700, 0.012340
0.004800, 0.012881
0.004900, 0.013353
0.005000, 0.013755
0.005100, 0.014127
0.005200, 0.014516
0.005300, 0.014951
0.005400, 0.015449
0.005500, 0.016004
0.005600, 0.016606
0.005700, 0.017225
0.005800, 0.017851
0.005900, 0.018487
0.006000, 0.019135
0.006100, 0.019805
0.006200, 0.020485
0.006300, 0.021156
0.006400, 0.021799
0.006500, 0.022357
0.006600, 0.022838
0.006700, 0.023226
0.006800, 0.023566
0.006900, 0.023911
0.007000, 0.024323
0.007100, 0.024835
0.007200, 0.025438
0.007300, 0.026085
0.007400, 0.026708
0.007500, 0.027232
0.007600, 0.027624
0.007700, 0.027901
0.007800, 0.028123
0.007900, 0.028368
0.008000, 0.028705
0.008100, 0.029150
0.008200, 0.029681
0.008300, 0.030220
0.008400, 0.030701
0.008500, 0.031080
0.008600, 0.031365
0.008700, 0.031606
0.008800, 0.031871
0.008900, 0.032206
0.009000, 0.032620
0.009100, 0.033080
0.009200, 0.033534
0.009300, 0.033944
0.009400, 0.034290
0.009500, 0.034599
0.009600, 0.034910
0.009700, 0.035262
0.009800, 0.035667
0.009900, 0.036104
0.010000, 0.036535
0.010100, 0.036919
0.010200, 0.037246
0.010300, 0.037532
0.010400, 0.037817
0.010500, 0.038137
0.010600, 0.038497
0.010700, 0.038903
0.010800, 0.039327
0.010900, 0.039749
0.011000, 0.040159
0.011100, 0.040577
0.011200, 0.041024
0.011300, 0.041535
0.011400, 0.042104
0.011500, 0.042711
0.011600, 0.043312
0.011700, 0.043863
0.011800, 0.044337
0.011900, 0.044719
0.012000, 0.045036
0.012100, 0.045310
0.012200, 0.045567
0.012300, 0.045838
0.012400, 0.046131
0.012500, 0.046481
0.012600, 0.046897
0.012700, 0.047416
0.012800, 0.048043
0.012900, 0.048756
0.013000, 0.049527
0.013100, 0.050298
0.013200, 0.051000
0.013300, 0.051638
0.013400, 0.052181
0.013500, 0.052675
0.013600, 0.053154
0.013700, 0.053657
0.013800, 0.054194
0.013900, 0.054741
0.014000, 0.055245
0.014100, 0.055683
0.014200, 0.056027
0.014300, 0.056308
0.014400, 0.056583
0.014500, 0.056935
0.014600, 0.057395
0.014700, 0.057990
0.014800, 0.058688
0.014900, 0.059412
0.015000, 0.060110
0.015100, 0.060719
0.015200, 0.061255
0.015300, 0.061723
0.015400, 0.062196
0.015500, 0.062705
0.015600, 0.063254
0.015700, 0.063846
0.015800, 0.064443
0.015900, 0.065011
0.016000, 0.065536
0.016100, 0.066028
0.016200, 0.066510
0.016300, 0.067003
0.016400, 0.067514
0.016500, 0.068011
0.016600, 0.068486
0.016700, 0.068878
0.016800, 0.069195
0.016900, 0.069454
0.017000, 0.069696
0.017100, 0.069989
0.017200, 0.070364
0.017300, 0.070842
0.017400, 0.071387
0.017500, 0.071946
0.017600, 0.072463
0.017700, 0.072892
0.017800, 0.073224
0.017900, 0.073485
0.018000, 0.073735
0.018100, 0.074030
0.018200, 0.074418
0.018300, 0.074934
0.018400, 0.075558
0.018500, 0.076264
0.018600, 0.076992
0.018700, 0.077716
0.018800, 0.078392
0.018900, 0.079033
0.019000, 0.079625
0.019100, 0.080177
0.019200, 0.080700
0.019300, 0.081201
0.019400, 0.081680
0.019500, 0.082132
0.019600, 0.082585
0.019700, 0.083045
0.019800, 0.083530
0.019900, 0.084048
0.020000, 0.084585
0.020100, 0.085126
0.020200, 0.085655
0.020300, 0.086161
0.020400, 0.086647
0.020500, 0.087119
0.020600, 0.087595
0.020700, 0.088079
0.020800, 0.088571
0.020900, 0.089055
0.021000, 0.089540
0.021100, 0.090052
0.021200, 0.090626
0.021300, 0.091299
0.021400, 0.092090
0.021500, 0.092986
0.021600, 0.093928
0.021700, 0.094837
0.021800, 0.095627
0.021900, 0.096261
0.022000, 0.096749
0.022100, 0.097134
0.022200, 0.097498
0.022300, 0.097904
0.022400, 0.098403
0.022500, 0.099001
0.022600, 0.099694
0.022700, 0.100455
0.022800, 0.101253
0.022900, 0.102071
0.023000, 0.102876
0.023100, 0.103642
0.023200, 0.104338
0.023300, 0.104956
0.023400, 0.105509
0.023500, 0.106041
0.023600, 0.106601
0.023700, 0.107239
0.023800, 0.107962
0.023900, 0.108746
0.024000, 0.109556
0.024100, 0.110340
0.024200, 0.111080
0.024300, 0.111777
0.024400, 0.112461
0.024500, 0.113140
0.024600, 0.113830
0.024700, 0.114495
0.024800, 0.115081
0.024900, 0.115579
0.025000, 0.115994
0.025100, 0.116377
0.025200, 0.116784
0.025300, 0.117271
0.025400, 0.117841
0.025500, 0.118484
0.025600, 0.119146
0.025700, 0.119808
0.025800, 0.120461
0.025900, 0.121131
0.026000, 0.121844
0.026100, 0.122599
0.026200, 0.123346
0.026300, 0.124025
0.026400, 0.124565
0.026500, 0.124959
0.026600, 0.125238
0.026700, 0.125517
0.026800, 0.125907
0.026900, 0.126490
0.027000, 0.127276
0.027100, 0.128214
0.027200, 0.129199
0.027300, 0.130120
0.027400, 0.130919
0.027500, 0.131580
0.027600, 0.132129
0.027700, 0.132618
0.027800, 0.133066
0.027900, 0.133505
0.028000, 0.133932
0.028100, 0.134357
0.028200, 0.134807
0.028300, 0.135300
0.028400, 0.135841
0.028500, 0.136417
0.028600, 0.136989
0.028700, 0.137511
0.028800, 0.137956
0.028900, 0.138330
0.029000, 0.138673
0.029100, 0.139039
0.029200, 0.139478
0.029300, 0.140006
0.029400, 0.140597
0.029500, 0.141215
0.029600, 0.141833
0.029700, 0.142444
0.029800, 0.143058
0.029900, 0.143705
0.030000, 0.144373
0.030100, 0.145042
0.030200, 0.145655
0.030300, 0.146173
0.030400, 0.146578
0.030500, 0.146910
0.030600, 0.147247
0.030700, 0.147659
0.030800, 0.148191
0.030900, 0.148834
0.031000, 0.149532
0.031100, 0.150208
0.031200, 0.150811
0.031300, 0.151325
0.031400, 0.151786
0.031500, 0.152248
0.031600, 0.152755
0.031700, 0.153320
0.031800, 0.153920
0.031900, 0.154516
0.032000, 0.155082
0.032100, 0.155622
0.032200, 0.156173
0.032300, 0.156757
0.032400, 0.157409
0.032500, 0.158099
0.032600, 0.158774
0.032700, 0.159369
0.032800, 0.159840
0.032900, 0.160167
0.033000, 0.160408
0.033100, 0.160639
0.033200, 0.160948
0.033300, 0.161396
0.033400, 0.162004
0.033500, 0.162746
0.033600, 0.163556
0.033700, 0.164356
0.033800, 0.165096
0.033900, 0.165735
0.034000, 0.166282
0.034100, 0.166774
0.034200, 0.167260
0.034300, 0.167788
0.034400, 0.168379
0.034500, 0.169019
0.034600, 0.169663
0.034700, 0.170262
0.034800, 0.170775
0.034900, 0.171190
0.035000, 0.171534
0.035100, 0.171842
0.035200, 0.172152
0.035300, 0.172491
0.035400, 0.172865
0.035500, 0.173253
0.035600, 0.173645
0.035700, 0.174035
0.035800, 0.174444
0.035900, 0.174899
0.036000, 0.175427
0.036100, 0.176020
0.036200, 0.176665
0.036300, 0.177307
0.036400, 0.177919
0.036500, 0.178489
0.036600, 0.179031
0.036700, 0.179582
0.036800, 0.180164
0.036900, 0.180799
0.037000, 0.181453
0.037100, 0.182082
0.037200, 0.182642
0.037300, 0.183118
0.037400, 0.183505
0.037500, 0.183838
0.037600, 0.184164
0.037700, 0.184509
0.037800, 0.184884
0.037900, 0.185309
0.038000, 0.185765
0.038100, 0.186245
0.038200, 0.186760
0.038300, 0.187313
0.038400, 0.187902
0.038500, 0.188480
0.038600, 0.189051
0.038700, 0.189567
0.038800, 0.190030
0.038900, 0.190465
0.039000, 0.190905
0.039100, 0.191389
0.039200, 0.191962
0.039300, 0.192583
0.039400, 0.193248
0.039500, 0.193912
0.039600, 0.194555
0.039700, 0.195187
0.039800, 0.195815
0.039900, 0.196468
0.040000, 0.197159
0.040100, 0.197836
0.040200, 0.198478
0.040300, 0.199050
0.040400, 0.199539
0.040500, 0.199970
0.040600, 0.200388
0.040700, 0.200864
0.040800, 0.201428
0.040900, 0.202071
0.041000, 0.202749
0.041100, 0.203402
0.041200, 0.203993
0.041300, 0.204502
0.041400, 0.204974
0.041500, 0.205457
0.041600, 0.206002
0.041700, 0.206626
0.041800, 0.207294
0.041900, 0.207942
0.042000, 0.208527
0.042100, 0.209002
0.042200, 0.209402
0.042300, 0.209763
0.042400, 0.210165
0.042500, 0.210657
0.042600, 0.211249
0.042700, 0.211924
0.042800, 0.212609
0.042900, 0.213264
0.043000, 0.213835
0.043100, 0.214319
0.043200, 0.214737
0.043300, 0.215126
0.043400, 0.215511
0.043500, 0.215913
0.043600, 0.216331
0.043700, 0.216765
0.043800, 0.217216
0.043900, 0.217701
0.044000, 0.218231
0.044100, 0.218811
0.044200, 0.219420
0.044300, 0.220025
0.044400, 0.220573
0.044500, 0.221040
0.044600, 0.221405
0.044700, 0.221703
0.044800, 0.221975
0.044900, 0.222273
0.045000, 0.222639
0.045100, 0.223083
0.045200, 0.223596
0.045300, 0.224154
0.045400, 0.224735
0.045500, 0.225322
0.045600, 0.225922
0.045700, 0.226527
0.045800, 0.227142
0.045900, 0.227755
0.046000, 0.228338
0.046100, 0.228877
0.046200, 0.229374
0.046300, 0.229839
0.046400, 0.230311
0.046500, 0.230836
0.046600, 0.231440
0.046700, 0.232101
0.046800, 0.232820
0.046900, 0.233541
0.047000, 0.234224
0.047100, 0.234864
0.047200, 0.235454
0.047300, 0.236038
0.047400, 0.236636
0.047500, 0.237273
0.047600, 0.237932
0.047700, 0.238577
0.047800, 0.239157
0.047900, 0.239653
0.048000, 0.240035
0.048100, 0.240346
0.048200, 0.240636
0.048300, 0.240955
0.048400, 0.241345
0.048500, 0.241818
0.048600, 0.242352
0.048700, 0.242913
0.048800, 0.243461
0.048900, 0.243973
0.049000, 0.244452
0.049100, 0.244909
0.049200, 0.245371
0.049300, 0.245850
0.049400, 0.246350
0.049500, 0.246861
0.049600, 0.247374
0.049700, 0.247866
0.049800, 0.248343
0.049900, 0.248810
0.050000, 0.249270
0.050100, 0.249739
0.050200, 0.250213
0.050300, 0.250694
0.050400, 0.251166
0.050500, 0.251637
0.050600, 0.252095
0.050700, 0.252546
0.050800, 0.252994
0.050900, 0.253436
0.051000, 0.253862
0.051100, 0.254280
0.051200, 0.254674
0.051300, 0.255049
0.051400, 0.255430
0.051500, 0.255815
0.051600, 0.256238
0.051700, 0.256702
0.051800, 0.257209
0.051900, 0.257751
0.052000, 0.258318
0.052100, 0.258902
0.052200, 0.259486
0.052300, 0.260067
0.052400, 0.260640
0.052500, 0.261212
0.052600, 0.261777
0.052700, 0.262343
0.052800, 0.262907
0.052900, 0.263461
0.053000, 0.264001
0.053100, 0.264501
0.053200, 0.264949
0.053300, 0.265336
0.053400, 0.265673
0.053500, 0.265978
0.053600, 0.266291
0.053700, 0.266642
0.053800, 0.267058
0.053900, 0.267541
0.054000, 0.268085
0.054100, 0.268675
0.054200, 0.269281
0.054300, 0.269888
0.054400, 0.270497
0.054500, 0.271071
0.054600, 0.271609
0.054700, 0.272090
0.054800, 0.272520
0.054900, 0.272893
0.055000, 0.273261
0.055100, 0.273656
0.055200, 0.274140
0.055300, 0.274715
0.055400, 0.275368
0.055500, 0.276041
0.055600, 0.276679
0.055700, 0.277210
0.055800, 0.277626
0.055900, 0.277971
0.056000, 0.278303
0.056100, 0.278686
0.056200, 0.279152
0.056300, 0.279699
0.056400, 0.280292
0.056500, 0.280906
0.056600, 0.281507
0.056700, 0.282131
0.056800, 0.282777
0.056900, 0.283483
0.057000, 0.284219
0.057100, 0.284949
0.057200, 0.285602
0.057300, 0.286144
0.057400, 0.286586
0.057500, 0.286952
0.057600, 0.287332
0.057700, 0.287782
0.057800, 0.288343
0.057900, 0.288967
0.058000, 0.289592
0.058100, 0.290124
0.058200, 0.290530
0.058300, 0.290792
0.058400, 0.290983
0.058500, 0.291186
0.058600, 0.291478
0.058700, 0.291885
0.058800, 0.292410
0.058900, 0.293000
0.059000, 0.293615
0.059100, 0.294203
0.059200, 0.294752
0.059300, 0.295259
0.059400, 0.295751
0.059500, 0.296226
0.059600, 0.296689
0.059700, 0.297153
0.059800, 0.297622
0.059900, 0.298103
0.060000, 0.298613
0.060100, 0.299144
0.060200, 0.299679
0.060300, 0.300186
0.060400, 0.300640
0.060500, 0.301043
0.060600, 0.301411
0.060700, 0.301799
0.060800, 0.302245
0.060900, 0.302768
0.061000, 0.303355
0.061100, 0.303952
0.061200, 0.304514
0.061300, 0.305007
0.061400, 0.305455
0.061500, 0.305905
0.061600, 0.306420
0.061700, 0.307021
0.061800, 0.307694
0.061900, 0.308372
0.062000, 0.308968
0.062100, 0.309443
0.062200, 0.309814
0.062300, 0.310150
0.062400, 0.310550
0.062500, 0.311100
0.062600, 0.311792
0.062700, 0.312560
0.062800, 0.313283
0.062900, 0.313851
0.063000, 0.314222
0.063100, 0.314461
0.063200, 0.314669
0.063300, 0.314979
0.063400, 0.315474
0.063500, 0.316141
0.063600, 0.316908
0.063700, 0.317657
0.063800, 0.318299
0.063900, 0.318817
0.064000, 0.319254
0.064100, 0.319708
0.064200, 0.320254
0.064300, 0.320906
0.064400, 0.321641
0.064500, 0.322378
0.064600, 0.323048
0.064700, 0.323613
0.064800, 0.324098
0.064900, 0.324547
0.065000, 0.325001
0.065100, 0.325475
0.065200, 0.325950
0.065300, 0.326389
0.065400, 0.326786
0.065500, 0.327160
0.065600, 0.327573
0.065700, 0.328083
0.065800, 0.328739
0.065900, 0.329526
0.066000, 0.330382
0.066100, 0.331212
0.066200, 0.331948
0.066300, 0.332546
0.066400, 0.333025
0.066500, 0.333431
0.066600, 0.333820
0.066700, 0.334203
0.066800, 0.334583
0.066900, 0.334927
0.067000, 0.335210
0.067100, 0.335433
0.067200, 0.335631
0.067300, 0.335850
0.067400, 0.336132
0.067500, 0.336498
0.067600, 0.336926
0.067700, 0.337381
0.067800, 0.337818
0.067900, 0.338222
0.068000, 0.338594
0.068100, 0.338964
0.068200, 0.339355
0.068300, 0.339788
0.068400, 0.340257
0.068500, 0.340746
0.068600, 0.341226
0.068700, 0.341681
0.068800, 0.342117
0.068900, 0.342540
0.069000, 0.342971
0.069100, 0.343433
0.069200, 0.343936
0.069300, 0.344483
0.069400, 0.345060
0.069500, 0.345644
0.069600, 0.346190
0.069700, 0.346667
0.069800, 0.347051
0.069900, 0.347331
0.070000, 0.347540
0.070100, 0.347726
0.070200, 0.347949
0.070300, 0.348267
0.070400, 0.348692
0.070500, 0.349209
0.070600, 0.349773
0.070700, 0.350341
0.070800, 0.350885
0.070900, 0.351408
0.071000, 0.351942
0.071100, 0.352516
0.071200, 0.353143
0.071300, 0.353795
0.071400, 0.354411
0.071500, 0.354930
0.071600, 0.355313
0.071700, 0.355568
0.071800, 0.355751
0.071900, 0.355948
0.072000, 0.356231
0.072100, 0.356637
0.072200, 0.357151
0.072300, 0.357711
0.072400, 0.358241
0.072500, 0.358691
0.072600, 0.359051
0.072700, 0.359354
0.072800, 0.359666
0.072900, 0.360041
0.073000, 0.360517
0.073100, 0.361076
0.073200, 0.361680
0.073300, 0.362264
0.073400, 0.362763
0.073500, 0.363151
0.073600, 0.363430
0.073700, 0.363647
0.073800, 0.363862
0.073900, 0.364149
0.074000, 0.364552
0.074100, 0.365083
0.074200, 0.365704
0.074300, 0.366335
0.074400, 0.366910
0.074500, 0.367362
0.074600, 0.367679
0.074700, 0.367905
0.074800, 0.368116
0.074900, 0.368404
0.075000, 0.368843
0.075100, 0.369457
0.075200, 0.370200
0.075300, 0.371005
0.075400, 0.371790
0.075500, 0.372490
0.075600, 0.373073
0.075700, 0.373564
0.075800, 0.374002
0.075900, 0.374423
0.076000, 0.374875
0.076100, 0.375351
0.076200, 0.375852
0.076300, 0.376359
0.076400, 0.376863
0.076500, 0.377363
0.076600, 0.377856
0.076700, 0.378346
0.076800, 0.378814
0.076900, 0.379236
0.077000, 0.379597
0.077100, 0.379892
0.077200, 0.380139
0.077300, 0.380370
0.077400, 0.380638
0.077500, 0.380989
0.077600, 0.381437
0.077700, 0.381979
0.077800, 0.382573
0.077900, 0.383176
0.078000, 0.383742
0.078100, 0.384245
0.078200, 0.384684
0.078300, 0.385090
0.078400, 0.385495
0.078500, 0.385948
0.078600, 0.386466
0.078700, 0.387057
0.078800, 0.387700
0.078900, 0.388357
0.079000, 0.388994
0.079100, 0.389590
0.079200, 0.390163
0.079300, 0.390727
0.079400, 0.391315
0.079500, 0.391951
0.079600, 0.392648
0.079700, 0.393373
0.079800, 0.394076
0.079900, 0.394701
0.080000, 0.395208
0.080100, 0.395586
0.080200, 0.395847
0.080300, 0.396052
0.080400, 0.396256
0.080500, 0.396510
0.080600, 0.396834
0.080700, 0.397229
0.080800, 0.397664
0.080900, 0.398114
0.081000, 0.398547
0.081100, 0.398959
0.081200, 0.399360
0.081300, 0.399770
0.081400, 0.400209
0.081500, 0.400697
0.081600, 0.401234
0.081700, 0.401804
0.081800, 0.402381
0.081900, 0.402937
0.082000, 0.403446
0.082100, 0.403888
0.082200, 0.404279
0.082300, 0.404647
0.082400, 0.405019
0.082500, 0.405436
0.082600, 0.405916
0.082700, 0.406439
0.082800, 0.406979
0.082900, 0.407480
0.083000, 0.407903
0.083100, 0.408246
0.083200, 0.408511
0.083300, 0.408736
0.083400, 0.408981
0.083500, 0.409282
0.083600, 0.409651
0.083700, 0.410100
0.083800, 0.410605
0.083900, 0.411140
0.084000, 0.411708
0.084100, 0.412284
0.084200, 0.412879
0.084300, 0.413473
0.084400, 0.414053
0.084500, 0.414583
0.084600, 0.415044
0.084700, 0.415455
0.084800, 0.415813
0.084900, 0.416141
0.085000, 0.416469
0.085100, 0.416801
0.085200, 0.417131
0.085300, 0.417436
0.085400, 0.417707
0.085500, 0.417955
0.085600, 0.418210
0.085700, 0.418516
0.085800, 0.418895
0.085900, 0.419348
0.086000, 0.419846
0.086100, 0.420333
0.086200, 0.420767
0.086300, 0.421122
0.086400, 0.421406
0.086500, 0.421654
0.086600, 0.421909
0.086700, 0.422197
0.086800, 0.422534
0.086900, 0.422905
0.087000, 0.423301
0.087100, 0.423703
0.087200, 0.424112
0.087300, 0.424537
0.087400, 0.424973
0.087500, 0.425420
0.087600, 0.425855
0.087700, 0.426270
0.087800, 0.426661
0.087900, 0.427034
0.088000, 0.427431
0.088100, 0.427871
0.088200, 0.428362
0.088300, 0.428899
0.088400, 0.429433
0.088500, 0.429925
0.088600, 0.430345
0.088700, 0.430695
0.088800, 0.430994
0.088900, 0.431276
0.089000, 0.431573
0.089100, 0.431882
0.089200, 0.432198
0.089300, 0.432501
0.089400, 0.432786
0.089500, 0.433070
0.089600, 0.433378
0.089700, 0.433749
0.089800, 0.434198
0.089900, 0.434707
0.090000, 0.435253
0.090100, 0.435791
0.090200, 0.436293
0.090300, 0.436745
0.090400, 0.437160
0.090500, 0.437547
0.090600, 0.437926
0.090700, 0.438300
0.090800, 0.438677
0.090900, 0.439055
0.091000, 0.439439
0.091100, 0.439844
0.091200, 0.440274
0.091300, 0.440726
0.091400, 0.441182
0.091500, 0.441600
0.091600, 0.441958
0.091700, 0.442248
0.091800, 0.442485
0.091900, 0.442712
0.092000, 0.442969
0.092100, 0.443283
0.092200, 0.443652
0.092300, 0.444053
0.092400, 0.444449
0.092500, 0.444820
0.092600, 0.445148
0.092700, 0.445463
0.092800, 0.445783
0.092900, 0.446124
0.093000, 0.446492
0.093100, 0.446877
0.093200, 0.447253
0.093300, 0.447619
0.093400, 0.447971
0.093500, 0.448319
0.093600, 0.448678
0.093700, 0.449061
0.093800, 0.449462
0.093900, 0.449870
0.094000, 0.450283
0.094100, 0.450699
0.094200, 0.451122
0.094300, 0.451554
0.094400, 0.451988
0.094500, 0.452409
0.094600, 0.452787
0.094700, 0.453114
0.094800, 0.453388
0.094900, 0.453636
0.095000, 0.453891
0.095100, 0.454191
0.095200, 0.454553
0.095300, 0.454969
0.095400, 0.455414
0.095500, 0.455857
0.095600, 0.456284
0.095700, 0.456685
0.095800, 0.457087
0.095900, 0.457510
0.096000, 0.457977
0.096100, 0.458494
0.096200, 0.459050
0.096300, 0.459629
0.096400, 0.460212
0.096500, 0.460779
0.096600, 0.461329
0.096700, 0.461854
0.096800, 0.462350
0.096900, 0.462820
0.097000, 0.463262
0.097100, 0.463674
0.097200, 0.464053
0.097300, 0.464402
0.097400, 0.464706
0.097500, 0.464968
0.097600, 0.465180
0.097700, 0.465354
0.097800, 0.465515
0.097900, 0.465692
0.098000, 0.465926
0.098100, 0.466232
0.098200, 0.466624
0.098300, 0.467078
0.098400, 0.467556
0.098500, 0.468026
0.098600, 0.468462
0.098700, 0.468844
0.098800, 0.469184
0.098900, 0.469498
0.099000, 0.469803
0.099100, 0.470117
0.099200, 0.470457
0.099300, 0.470831
0.099400, 0.471251
0.099500, 0.471705
0.099600, 0.472192
0.099700, 0.472688
0.099800, 0.473171
0.099900, 0.473630
0.100000, 0.474062
0.100100, 0.474495
0.100200, 0.474938
0.100300, 0.475426
0.100400, 0.475948
0.100500, 0.476481
0.100600, 0.476982
0.100700, 0.477415
0.100800, 0.477743
0.100900, 0.477988
0.101000, 0.478174
0.101100, 0.478353
0.101200, 0.478569
0.101300, 0.478835
0.101400, 0.479147
0.101500, 0.479475
0.101600, 0.479798
0.101700, 0.480100
0.101800, 0.480401
0.101900, 0.480729
0.102000, 0.481112
0.102100, 0.481561
0.102200, 0.482061
0.102300, 0.482573
0.102400, 0.483065
0.102500, 0.483506
0.102600, 0.483898
0.102700, 0.484240
0.102800, 0.484555
0.102900, 0.484873
0.103000, 0.485202
0.103100, 0.485548
0.103200, 0.485916
0.103300, 0.486290
0.103400, 0.486682
0.103500, 0.487090
0.103600, 0.487509
0.103700, 0.487928
0.103800, 0.488329
0.103900, 0.488700
0.104000, 0.489045
0.104100, 0.489362
0.104200, 0.489677
0.104300, 0.490000
0.104400, 0.490350
0.104500, 0.490718
0.104600, 0.491088
0.104700, 0.491453
0.104800, 0.491792
0.104900, 0.492098
0.105000, 0.492381
0.105100, 0.492661
0.105200, 0.492939
0.105300, 0.493225
0.105400, 0.493526
0.105500, 0.493861
0.105600, 0.494235
0.105700, 0.494652
0.105800, 0.495131
0.105900, 0.495643
0.106000, 0.496165
0.106100, 0.496648
0.106200, 0.497073
0.106300, 0.497443
0.106400, 0.497793
0.106500, 0.498191
0.106600, 0.498675
0.106700, 0.499276
0.106800, 0.499948
0.106900, 0.500627
0.107000, 0.501233
0.107100, 0.501700
0.107200, 0.502025
0.107300, 0.502256
0.107400, 0.502456
0.107500, 0.502703
0.107600, 0.503017
0.107700, 0.503401
0.107800, 0.503817
0.107900, 0.504226
0.108000, 0.504622
0.108100, 0.505023
0.108200, 0.505464
0.108300, 0.505969
0.108400, 0.506533
0.108500, 0.507113
0.108600, 0.507646
0.108700, 0.508086
0.108800, 0.508416
0.108900, 0.508670
0.109000, 0.508892
0.109100, 0.509143
0.109200, 0.509439
0.109300, 0.509765
0.109400, 0.510101
0.109500, 0.510399
0.109600, 0.510672
0.109700, 0.510948
0.109800, 0.511286
0.109900, 0.511738
0.110000, 0.512320
0.110100, 0.512988
0.110200, 0.513692
0.110300, 0.514349
0.110400, 0.514898
0.110500, 0.515328
0.110600, 0.515652
0.110700, 0.515918
0.110800, 0.516196
0.110900, 0.516505
0.111000, 0.516869
0.111100, 0.517288
0.111200, 0.517733
0.111300, 0.518188
0.111400, 0.518633
0.111500, 0.519064
0.111600, 0.519484
0.111700, 0.519910
0.111800, 0.520368
0.111900, 0.520872
0.112000, 0.521436
0.112100, 0.522053
0.112200, 0.522703
0.112300, 0.523356
0.112400, 0.523981
0.112500, 0.524553
0.112600, 0.525062
0.112700, 0.525522
0.112800, 0.525954
0.112900, 0.526389
0.113000, 0.526836
0.113100, 0.527313
0.113200, 0.527811
0.113300, 0.528320
0.113400, 0.528824
0.113500, 0.529303
0.113600, 0.529742
0.113700, 0.530133
0.113800, 0.530472
0.113900, 0.530780
0.114000, 0.531073
0.114100, 0.531385
0.114200, 0.531733
0.114300, 0.532134
0.114400, 0.532573
0.114500, 0.533037
0.114600, 0.533494
0.114700, 0.533926
0.114800, 0.534329
0.114900, 0.534709
0.115000, 0.535080
0.115100, 0.535460
0.115200, 0.535845
0.115300, 0.536236
0.115400, 0.536634
0.115500, 0.537040
0.115600, 0.537475
0.115700, 0.537962
0.115800, 0.538512
0.115900, 0.539109
0.116000, 0.539714
0.116100, 0.540289
0.116200, 0.540780
0.116300, 0.541165
0.116400, 0.541453
0.116500, 0.541678
0.116600, 0.541885
0.116700, 0.542125
0.116800, 0.542420
0.116900, 0.542783
0.117000, 0.543197
0.117100, 0.543652
0.117200, 0.544123
0.117300, 0.544592
0.117400, 0.545057
0.117500, 0.545506
0.117600, 0.545924
0.117700, 0.546324
0.117800, 0.546700
0.117900, 0.547071
0.118000, 0.547444
0.118100, 0.547826
0.118200, 0.548204
0.118300, 0.548565
0.118400, 0.548892
0.118500, 0.549170
0.118600, 0.549415
0.118700, 0.549653
0.118800, 0.549932
0.118900, 0.550286
0.119000, 0.550726
0.119100, 0.551241
0.119200, 0.551793
0.119300, 0.552342
0.119400, 0.552856
0.119500, 0.553323
0.119600, 0.553762
0.119700, 0.554206
0.119800, 0.554688
0.119900, 0.555223
0.120000, 0.555796
0.120100, 0.556375
0.120200, 0.556911
0.120300, 0.557374
0.120400, 0.557757
0.120500, 0.558081
0.120600, 0.558394
0.120700, 0.558741
0.120800, 0.559161
0.120900, 0.559662
0.121000, 0.560204
0.121100, 0.560739
0.121200, 0.561206
0.121300, 0.561587
0.121400, 0.561888
0.121500, 0.562160
0.121600, 0.562464
0.121700, 0.562861
0.121800, 0.563377
0.121900, 0.563985
0.122000, 0.564646
0.122100, 0.565290
0.122200, 0.565881
0.122300, 0.566397
0.122400, 0.566851
0.122500, 0.567270
0.122600, 0.567691
0.122700, 0.568128
0.122800, 0.568586
0.122900, 0.569051
0.123000, 0.569516
0.123100, 0.569984
0.123200, 0.570453
0.123300, 0.570920
0.123400, 0.571371
0.123500, 0.571793
0.123600, 0.572170
0.123700, 0.572508
0.123800, 0.572827
0.123900, 0.573163
0.124000, 0.573556
0.124100, 0.574019
0.124200, 0.574538
0.124300, 0.575071
0.124400, 0.575562
0.124500, 0.575973
0.124600, 0.576302
0.124700, 0.576575
0.124800, 0.576835
0.124900, 0.577126
0.125000, 0.577470
0.125100, 0.577848
0.125200, 0.578227
0.125300, 0.578573
0.125400, 0.578877
0.125500, 0.579138
0.125600, 0.579390
0.125700, 0.579659
0.125800, 0.579958
0.125900, 0.580280
0.126000, 0.580611
0.126100, 0.580932
0.126200, 0.581242
0.126300, 0.581542
0.126400, 0.581855
0.126500, 0.582190
0.126600, 0.582543
0.126700, 0.582897
0.126800, 0.583236
0.126900, 0.583542
0.127000, 0.583824
0.127100, 0.584111
0.127200, 0.584429
0.127300, 0.584806
0.127400, 0.585240
0.127500, 0.585717
0.127600, 0.586208
0.127700, 0.586683
0.127800, 0.587128
0.127900, 0.587539
0.128000, 0.587924
0.128100, 0.588290
0.128200, 0.588642
0.128300, 0.588973
0.128400, 0.589289
0.128500, 0.589604
0.128600, 0.589947
0.128700, 0.590350
0.128800, 0.590838
0.128900, 0.591413
0.129000, 0.592040
0.129100, 0.592665
0.129200, 0.593237
0.129300, 0.593733
0.129400, 0.594155
0.129500, 0.594560
0.129600, 0.594992
0.129700, 0.595495
0.129800, 0.596067
0.129900, 0.596646
0.130000, 0.597168
0.130100, 0.597552
0.130200, 0.597788
0.130300, 0.597908
0.130400, 0.597998
0.130500, 0.598169
0.130600, 0.598485
0.130700, 0.598961
0.130800, 0.599546
0.130900, 0.600142
0.131000, 0.600673
0.131100, 0.601081
0.131200, 0.601367
0.131300, 0.601587
0.131400, 0.601823
0.131500, 0.602105
0.131600, 0.602463
0.131700, 0.602865
0.131800, 0.603265
0.131900, 0.603629
0.132000, 0.603948
0.132100, 0.604228
0.132200, 0.604503
0.132300, 0.604797
0.132400, 0.605121
0.132500, 0.605447
0.132600, 0.605782
0.132700, 0.606104
0.132800, 0.606427
0.132900, 0.606769
0.133000, 0.607141
0.133100, 0.607557
0.133200, 0.607995
0.133300, 0.608428
0.133400, 0.608831
0.133500, 0.609202
0.133600, 0.609548
0.133700, 0.609885
0.133800, 0.610225
0.133900, 0.610558
0.134000, 0.610867
0.134100, 0.611134
0.134200, 0.611351
0.134300, 0.611545
0.134400, 0.611751
0.134500, 0.612029
0.134600, 0.612406
0.134700, 0.612882
0.134800, 0.613426
0.134900, 0.613983
0.135000, 0.614509
0.135100, 0.614967
0.135200, 0.615355
0.135300, 0.615695
0.135400, 0.616006
0.135500, 0.616318
0.135600, 0.616647
0.135700, 0.617005
0.135800, 0.617414
0.135900, 0.617865
0.136000, 0.618376
0.136100, 0.618924
0.136200, 0.619470
0.136300, 0.619987
0.136400, 0.620439
0.136500, 0.620817
0.136600, 0.621139
0.136700, 0.621450
0.136800, 0.621780
0.136900, 0.622131
0.137000, 0.622499
0.137100, 0.622834
0.137200, 0.623116
0.137300, 0.623331
0.137400, 0.623517
0.137500, 0.623745
0.137600, 0.624069
0.137700, 0.624506
0.137800, 0.625046
0.137900, 0.625607
0.138000, 0.626123
0.138100, 0.626536
0.138200, 0.626841
0.138300, 0.627086
0.138400, 0.627329
0.138500, 0.627628
0.138600, 0.627998
0.138700, 0.628407
0.138800, 0.628806
0.138900, 0.629153
0.139000, 0.629434
0.139100, 0.629684
0.139200, 0.629950
0.139300, 0.630270
0.139400, 0.630657
0.139500, 0.631080
0.139600, 0.631491
0.139700, 0.631859
0.139800, 0.632163
0.139900, 0.632428
0.140000, 0.632723
0.140100, 0.633097
0.140200, 0.633561
0.140300, 0.634114
0.140400, 0.634706
0.140500, 0.635288
0.140600, 0.635811
0.140700, 0.636266
0.140800, 0.636654
0.140900, 0.637003
0.141000, 0.637331
0.141100, 0.637658
0.141200, 0.637992
0.141300, 0.638340
0.141400, 0.638714
0.141500, 0.639119
0.141600, 0.639552
0.141700, 0.640000
0.141800, 0.640419
0.141900, 0.640777
0.142000, 0.641040
0.142100, 0.641212
0.142200, 0.641315
0.142300, 0.641419
0.142400, 0.641569
0.142500, 0.641821
0.142600, 0.642179
0.142700, 0.642599
0.142800, 0.643035
0.142900, 0.643432
0.143000, 0.643755
0.143100, 0.644002
0.143200, 0.644197
0.143300, 0.644385
0.143400, 0.644605
0.143500, 0.644873
0.143600, 0.645208
0.143700, 0.645595
0.143800, 0.646008
0.143900, 0.646438
0.144000, 0.646861
0.144100, 0.647264
0.144200, 0.647642
0.144300, 0.648002
0.144400, 0.648358
0.144500, 0.648742
0.144600, 0.649173
0.144700, 0.649666
0.144800, 0.650214
0.144900, 0.650789
0.145000, 0.651350
0.145100, 0.651853
0.145200, 0.652268
0.145300, 0.652592
0.145400, 0.652848
0.145500, 0.653093
0.145600, 0.653356
0.145700, 0.653676
0.145800, 0.654061
0.145900, 0.654494
0.146000, 0.654947
0.146100, 0.655392
0.146200, 0.655808
0.146300, 0.656187
0.146400, 0.656541
0.146500, 0.656883
0.146600, 0.657206
0.146700, 0.657536
0.146800, 0.657869
0.146900, 0.658235
0.147000, 0.658647
0.147100, 0.659123
0.147200, 0.659678
0.147300, 0.660274
0.147400, 0.660904
0.147500, 0.661512
0.147600, 0.662067
0.147700, 0.662547
0.147800, 0.662952
0.147900, 0.663314
0.148000, 0.663650
0.148100, 0.663986
0.148200, 0.664321
0.148300, 0.664640
0.148400, 0.664957
0.148500, 0.665259
0.148600, 0.665567
0.148700, 0.665899
0.148800, 0.666261
0.148900, 0.666670
0.149000, 0.667086
0.149100, 0.667492
0.149200, 0.667860
0.149300, 0.668185
0.149400, 0.668492
0.149500, 0.668805
0.149600, 0.669155
0.149700, 0.669561
0.149800, 0.670020
0.149900, 0.670496
0.150000, 0.670971
0.150100, 0.671428
0.150200, 0.671866
0.150300, 0.672299
0.150400, 0.672739
0.150500, 0.673182
0.150600, 0.673610
0.150700, 0.673995
0.150800, 0.674307
0.150900, 0.674554
0.151000, 0.674756
0.151100, 0.674972
0.151200, 0.675234
0.151300, 0.675566
0.151400, 0.675958
0.151500, 0.676372
0.151600, 0.676766
0.151700, 0.677090
0.151800, 0.677344
0.151900, 0.677553
0.152000, 0.677763
0.152100, 0.678018
0.152200, 0.678351
0.152300, 0.678754
0.152400, 0.679205
0.152500, 0.679642
0.152600, 0.680033
0.152700, 0.680355
0.152800, 0.680621
0.152900, 0.680877
0.153000, 0.681177
0.153100, 0.681570
0.153200, 0.682080
0.153300, 0.682689
0.153400, 0.683349
0.153500, 0.683992
0.153600, 0.684559
0.153700, 0.685017
0.153800, 0.685366
0.153900, 0.685650
0.154000, 0.685927
0.154100, 0.686244
0.154200, 0.686629
0.154300, 0.687076
0.154400, 0.687551
0.154500, 0.688016
0.154600, 0.688452
0.154700, 0.688851
0.154800, 0.689234
0.154900, 0.689607
0.155000, 0.689993
0.155100, 0.690386
0.155200, 0.690762
0.155300, 0.691083
0.155400, 0.691340
0.155500, 0.691531
0.155600, 0.691670
0.155700, 0.691777
0.155800, 0.691880
0.155900, 0.691991
0.156000, 0.692113
0.156100, 0.692250
0.156200, 0.692418
0.156300, 0.692634
0.156400, 0.692924
0.156500, 0.693309
0.156600, 0.693777
0.156700, 0.694307
0.156800, 0.694849
0.156900, 0.695360
0.157000, 0.695821
0.157100, 0.696219
0.157200, 0.696572
0.157300, 0.696903
0.157400, 0.697225
0.157500, 0.697528
0.157600, 0.697801
0.157700, 0.698020
0.157800, 0.698184
0.157900, 0.698316
0.158000, 0.698453
0.158100, 0.698648
0.158200, 0.698915
0.158300, 0.699265
0.158400, 0.699666
0.158500, 0.700057
0.158600, 0.700410
0.158700, 0.700691
0.158800, 0.700920
0.158900, 0.701128
0.159000, 0.701357
0.159100, 0.701629
0.159200, 0.701947
0.159300, 0.702276
0.159400, 0.702580
0.159500, 0.702828
0.159600, 0.703011
0.159700, 0.703147
0.159800, 0.703273
0.159900, 0.703421
0.160000, 0.703619
0.160100, 0.703861
0.160200, 0.704128
0.160300, 0.704396
0.160400, 0.704682
0.160500, 0.704984
0.160600, 0.705319
0.160700, 0.705719
0.160800, 0.706191
0.160900, 0.706697
0.161000, 0.707204
0.161100, 0.707665
0.161200, 0.708033
0.161300, 0.708313
0.161400, 0.708528
0.161500, 0.708708
0.161600, 0.708888
0.161700, 0.709074
0.161800, 0.709266
0.161900, 0.709440
0.162000, 0.709585
0.162100, 0.709728
0.162200, 0.709915
0.162300, 0.710215
0.162400, 0.710662
0.162500, 0.711281
0.162600, 0.712019
0.162700, 0.712793
0.162800, 0.713496
0.162900, 0.714049
0.163000, 0.714425
0.163100, 0.714649
0.163200, 0.714805
0.163300, 0.714958
0.163400, 0.715185
0.163500, 0.715482
0.163600, 0.715823
0.163700, 0.716157
0.163800, 0.716443
0.163900, 0.716665
0.164000, 0.716834
0.164100, 0.716993
0.164200, 0.717164
0.164300, 0.717369
0.164400, 0.717598
0.164500, 0.717833
0.164600, 0.718056
0.164700, 0.718272
0.164800, 0.718501
0.164900, 0.718766
0.165000, 0.719080
0.165100, 0.719432
0.165200, 0.719784
0.165300, 0.720093
0.165400, 0.720336
0.165500, 0.720515
0.165600, 0.720663
0.165700, 0.720830
0.165800, 0.721059
0.165900, 0.721357
0.166000, 0.721710
0.166100, 0.722073
0.166200, 0.722403
0.166300, 0.722672
0.166400, 0.722889
0.166500, 0.723078
0.166600, 0.723275
0.166700, 0.723503
0.166800, 0.723767
0.166900, 0.724050
0.167000, 0.724330
0.167100, 0.724594
0.167200, 0.724839
0.167300, 0.725075
0.167400, 0.725316
0.167500, 0.725568
0.167600, 0.725825
0.167700, 0.726073
0.167800, 0.726304
0.167900, 0.726511
0.168000, 0.726719
0.168100, 0.726940
0.168200, 0.727213
0.168300, 0.727543
0.168400, 0.727925
0.168500, 0.728345
0.168600, 0.728785
0.168700, 0.729220
0.168800, 0.729638
0.168900, 0.730037
0.169000, 0.730422
0.169100, 0.730798
0.169200, 0.731164
0.169300, 0.731526
0.169400, 0.731885
0.169500, 0.732246
0.169600, 0.732608
0.169700, 0.732970
0.169800, 0.733316
0.169900, 0.733635
0.170000, 0.733909
0.170100, 0.734139
0.170200, 0.734335
0.170300, 0.734513
0.170400, 0.734701
0.170500, 0.734917
0.170600, 0.735165
0.170700, 0.735438
0.170800, 0.735712
0.170900, 0.735980
0.171000, 0.736217
0.171100, 0.736437
0.171200, 0.736654
0.171300, 0.736887
0.171400, 0.737142
0.171500, 0.737427
0.171600, 0.737730
0.171700, 0.738047
0.171800, 0.738368
0.171900, 0.738696
0.172000, 0.739040
0.172100, 0.739416
0.172200, 0.739819
0.172300, 0.740248
0.172400, 0.740674
0.172500, 0.741064
0.172600, 0.741390
0.172700, 0.741629
0.172800, 0.741784
0.172900, 0.741886
0.173000, 0.741980
0.173100, 0.742115
0.173200, 0.742334
0.173300, 0.742637
0.173400, 0.743003
0.173500, 0.743383
0.173600, 0.743719
0.173700, 0.743985
0.173800, 0.744169
0.173900, 0.744303
0.174000, 0.744429
0.174100, 0.744596
0.174200, 0.744815
0.174300, 0.745083
0.174400, 0.745361
0.174500, 0.745609
0.174600, 0.745811
0.174700, 0.745974
0.174800, 0.746130
0.174900, 0.746322
0.175000, 0.746569
0.175100, 0.746872
0.175200, 0.747191
0.175300, 0.747488
0.175400, 0.747729
0.175500, 0.747917
0.175600, 0.748073
0.175700, 0.748238
0.175800, 0.748453
0.175900, 0.748710
0.176000, 0.748998
0.176100, 0.749273
0.176200, 0.749520
0.176300, 0.749721
0.176400, 0.749904
0.176500, 0.750116
0.176600, 0.750389
0.176700, 0.750723
0.176800, 0.751083
0.176900, 0.751445
0.177000, 0.751756
0.177100, 0.752001
0.177200, 0.752190
0.177300, 0.752367
0.177400, 0.752567
0.177500, 0.752810
0.177600, 0.753089
0.177700, 0.753391
0.177800, 0.753694
0.177900, 0.753989
0.178000, 0.754287
0.178100, 0.754606
0.178200, 0.754951
0.178300, 0.755311
0.178400, 0.755654
0.178500, 0.755939
0.178600, 0.756142
0.178700, 0.756269
0.178800, 0.756352
0.178900, 0.756442
0.179000, 0.756594
0.179100, 0.756831
0.179200, 0.757150
0.179300, 0.757517
0.179400, 0.757899
0.179500, 0.758268
0.179600, 0.758628
0.179700, 0.758988
0.179800, 0.759377
0.179900, 0.759805
0.180000, 0.760270
0.180100, 0.760737
0.180200, 0.761184
0.180300, 0.761565
0.180400, 0.761884
0.180500, 0.762146
0.180600, 0.762383
0.180700, 0.762634
0.180800, 0.762920
0.180900, 0.763249
0.181000, 0.763612
0.181100, 0.763983
0.181200, 0.764356
0.181300, 0.764713
0.181400, 0.765061
0.181500, 0.765419
0.181600, 0.765784
0.181700, 0.766182
0.181800, 0.766597
0.181900, 0.767010
0.182000, 0.767410
0.182100, 0.767766
0.182200, 0.768091
0.182300, 0.768403
0.182400, 0.768701
0.182500, 0.769022
0.182600, 0.769370
0.182700, 0.769747
0.182800, 0.770128
0.182900, 0.770498
0.183000, 0.770850
0.183100, 0.771173
0.183200, 0.771490
0.183300, 0.771822
0.183400, 0.772162
0.183500, 0.772527
0.183600, 0.772901
0.183700, 0.773286
0.183800, 0.773664
0.183900, 0.774035
0.184000, 0.774393
0.184100, 0.774742
0.184200, 0.775073
0.184300, 0.775380
0.184400, 0.775658
0.184500, 0.775898
0.184600, 0.776121
0.184700, 0.776340
0.184800, 0.776589
0.184900, 0.776873
0.185000, 0.777197
0.185100, 0.777542
0.185200, 0.777895
0.185300, 0.778231
0.185400, 0.778551
0.185500, 0.778866
0.185600, 0.779184
0.185700, 0.779520
0.185800, 0.779875
0.185900, 0.780236
0.186000, 0.780589
0.186100, 0.780922
0.186200, 0.781234
0.186300, 0.781530
0.186400, 0.781821
0.186500, 0.782103
0.186600, 0.782374
0.186700, 0.782602
0.186800, 0.782781
0.186900, 0.782912
0.187000, 0.783017
0.187100, 0.783125
0.187200, 0.783279
0.187300, 0.783490
0.187400, 0.783742
0.187500, 0.784005
0.187600, 0.784242
0.187700, 0.784425
0.187800, 0.784558
0.187900, 0.784677
0.188000, 0.784822
0.188100, 0.785035
0.188200, 0.785329
0.188300, 0.785669
0.188400, 0.786017
0.188500, 0.786340
0.188600, 0.786613
0.188700, 0.786854
0.188800, 0.787092
0.188900, 0.787363
0.189000, 0.787687
0.189100, 0.788052
0.189200, 0.788434
0.189300, 0.788790
0.189400, 0.789095
0.189500, 0.789348
0.189600, 0.789568
0.189700, 0.789786
0.189800, 0.790028
0.189900, 0.790303
0.190000, 0.790606
0.190100, 0.790915
0.190200, 0.791211
0.190300, 0.791486
0.190400, 0.791737
0.190500, 0.791970
0.190600, 0.792209
0.190700, 0.792461
0.190800, 0.792741
0.190900, 0.793057
0.191000, 0.793413
0.191100, 0.793810
0.191200, 0.794239
0.191300, 0.794678
0.191400, 0.795090
0.191500, 0.795445
0.191600, 0.795714
0.191700, 0.795897
0.191800, 0.796014
0.191900, 0.796107
0.192000, 0.796215
0.192100, 0.796356
0.192200, 0.796532
0.192300, 0.796722
0.192400, 0.796905
0.192500, 0.797063
0.192600, 0.797216
0.192700, 0.797390
0.192800, 0.797626
0.192900, 0.797947
0.193000, 0.798341
0.193100, 0.798766
0.193200, 0.799173
0.193300, 0.799500
0.193400, 0.799736
0.193500, 0.799888
0.193600, 0.800003
0.193700, 0.800135
0.193800, 0.800322
0.193900, 0.800575
0.194000, 0.800866
0.194100, 0.801155
0.194200, 0.801409
0.194300, 0.801616
0.194400, 0.801782
0.194500, 0.801934
0.194600, 0.802105
0.194700, 0.802309
0.194800, 0.802559
0.194900, 0.802845
0.195000, 0.803163
0.195100, 0.803511
0.195200, 0.803884
0.195300, 0.804281
0.195400, 0.804692
0.195500, 0.805094
0.195600, 0.805465
0.195700, 0.805786
0.195800, 0.806057
0.195900, 0.806293
0.196000, 0.806520
0.196100, 0.806766
0.196200, 0.807039
0.196300, 0.807328
0.196400, 0.807608
0.196500, 0.807860
0.196600, 0.808070
0.196700, 0.808247
0.196800, 0.808419
0.196900, 0.808610
0.197000, 0.808833
0.197100, 0.809082
0.197200, 0.809329
0.197300, 0.809546
0.197400, 0.809712
0.197500, 0.809826
0.197600, 0.809902
0.197700, 0.809966
0.197800, 0.810040
0.197900, 0.810138
0.198000, 0.810259
0.198100, 0.810394
0.198200, 0.810537
0.198300, 0.810677
0.198400, 0.810813
0.198500, 0.810951
0.198600, 0.811103
0.198700, 0.811265
0.198800, 0.811446
0.198900, 0.811641
0.199000, 0.811844
0.199100, 0.812050
0.199200, 0.812236
0.199300, 0.812386
0.199400, 0.812496
0.199500, 0.812572
0.199600, 0.812638
0.199700, 0.812723
0.199800, 0.812855
0.199900, 0.813059
0.200000, 0.813303
0.200100, 0.813557
0.200200, 0.813784
0.200300, 0.813968
0.200400, 0.814116
0.200500, 0.814270
0.200600, 0.814479
0.200700, 0.814766
0.200800, 0.815120
0.200900, 0.815491
0.201000, 0.815809
0.201100, 0.816027
0.201200, 0.816127
0.201300, 0.816142
0.201400, 0.816143
0.201500, 0.816197
0.201600, 0.816339
0.201700, 0.816564
0.201800, 0.816826
0.201900, 0.817084
0.202000, 0.817305
0.202100, 0.817504
0.202200, 0.817713
0.202300, 0.817974
0.202400, 0.818305
0.202500, 0.818683
0.202600, 0.819069
0.202700, 0.819407
0.202800, 0.819667
0.202900, 0.819861
0.203000, 0.820029
0.203100, 0.820225
0.203200, 0.820488
0.203300, 0.820820
0.203400, 0.821193
0.203500, 0.821557
0.203600, 0.821872
0.203700, 0.822126
0.203800, 0.822328
0.203900, 0.822517
0.204000, 0.822726
0.204100, 0.822968
0.204200, 0.823240
0.204300, 0.823512
0.204400, 0.823763
0.204500, 0.823979
0.204600, 0.824140
0.204700, 0.824275
0.204800, 0.824388
0.204900, 0.824502
0.205000, 0.824633
0.205100, 0.824793
0.205200, 0.824982
0.205300, 0.825199
0.205400, 0.825429
0.205500, 0.825652
0.205600, 0.825852
0.205700, 0.826015
0.205800, 0.826147
0.205900, 0.826267
0.206000, 0.826407
0.206100, 0.826591
0.206200, 0.826832
0.206300, 0.827119
0.206400, 0.827432
0.206500, 0.827739
0.206600, 0.828034
0.206700, 0.828318
0.206800, 0.828604
0.206900, 0.828914
0.207000, 0.829246
0.207100, 0.829584
0.207200, 0.829906
0.207300, 0.830179
0.207400, 0.830392
0.207500, 0.830569
0.207600, 0.830736
0.207700, 0.830930
0.207800, 0.831159
0.207900, 0.831427
0.208000, 0.831711
0.208100, 0.831982
0.208200, 0.832228
0.208300, 0.832474
0.208400, 0.832741
0.208500, 0.833049
0.208600, 0.833405
0.208700, 0.833770
0.208800, 0.834105
0.208900, 0.834370
0.209000, 0.834534
0.209100, 0.834626
0.209200, 0.834682
0.209300, 0.834758
0.209400, 0.834879
0.209500, 0.835045
0.209600, 0.835224
0.209700, 0.835380
0.209800, 0.835497
0.209900, 0.835581
0.210000, 0.835672
0.210100, 0.835815
0.210200, 0.836031
0.210300, 0.836318
0.210400, 0.836642
0.210500, 0.836954
0.210600, 0.837226
0.210700, 0.837452
0.210800, 0.837659
0.210900, 0.837877
0.211000, 0.838126
0.211100, 0.838408
0.211200, 0.838694
0.211300, 0.838950
0.211400, 0.839157
0.211500, 0.839312
0.211600, 0.839449
0.211700, 0.839606
0.211800, 0.839808
0.211900, 0.840065
0.212000, 0.840348
0.212100, 0.840636
0.212200, 0.840898
0.212300, 0.841135
0.212400, 0.841366
0.212500, 0.841614
0.212600, 0.841901
0.212700, 0.842214
0.212800, 0.842534
0.212900, 0.842818
0.213000, 0.843042
0.213100, 0.843202
0.213200, 0.843322
0.213300, 0.843443
0.213400, 0.843607
0.213500, 0.843834
0.213600, 0.844125
0.213700, 0.844461
0.213800, 0.844815
0.213900, 0.845154
0.214000, 0.845463
0.214100, 0.845737
0.214200, 0.845974
0.214300, 0.846193
0.214400, 0.846401
0.214500, 0.846628
0.214600, 0.846883
0.214700, 0.847185
0.214800, 0.847537
0.214900, 0.847925
0.215000, 0.848325
0.215100, 0.848701
0.215200, 0.849032
0.215300, 0.849297
0.215400, 0.849505
0.215500, 0.849679
0.215600, 0.849851
0.215700, 0.850045
0.215800, 0.850265
0.215900, 0.850509
0.216000, 0.850754
0.216100, 0.850983
0.216200, 0.851179
0.216300, 0.851346
0.216400, 0.851483
0.216500, 0.851614
0.216600, 0.851745
0.216700, 0.851885
0.216800, 0.852046
0.216900, 0.852234
0.217000, 0.852462
0.217100, 0.852732
0.217200, 0.853032
0.217300, 0.853354
0.217400, 0.853679
0.217500, 0.853972
0.217600, 0.854221
0.217700, 0.854425
0.217800, 0.854592
0.217900, 0.854757
0.218000, 0.854941
0.218100, 0.855178
0.218200, 0.855444
0.218300, 0.855731
0.218400, 0.856003
0.218500, 0.856236
0.218600, 0.856427
0.218700, 0.856580
0.218800, 0.856740
0.218900, 0.856937
0.219000, 0.857194
0.219100, 0.857519
0.219200, 0.857874
0.219300, 0.858222
0.219400, 0.858506
0.219500, 0.858708
0.219600, 0.858843
0.219700, 0.858944
0.219800, 0.859067
0.219900, 0.859260
0.220000, 0.859535
0.220100, 0.859874
0.220200, 0.860221
0.220300, 0.860524
0.220400, 0.860753
0.220500, 0.860916
0.220600, 0.861060
0.220700, 0.861240
0.220800, 0.861510
0.220900, 0.861881
0.221000, 0.862318
0.221100, 0.862760
0.221200, 0.863138
0.221300, 0.863407
0.221400, 0.863557
0.221500, 0.863618
0.221600, 0.863637
0.221700, 0.863664
0.221800, 0.863725
0.221900, 0.863822
0.222000, 0.863946
0.222100, 0.864076
0.222200, 0.864208
0.222300, 0.864352
0.222400, 0.864518
0.222500, 0.864740
0.222600, 0.865010
0.222700, 0.865333
0.222800, 0.865689
0.222900, 0.866048
0.223000, 0.866391
0.223100, 0.866696
0.223200, 0.866955
0.223300, 0.867166
0.223400, 0.867347
0.223500, 0.867512
0.223600, 0.867678
0.223700, 0.867870
0.223800, 0.868097
0.223900, 0.868349
0.224000, 0.868610
0.224100, 0.868852
0.224200, 0.869053
0.224300, 0.869204
0.224400, 0.869319
0.224500, 0.869428
0.224600, 0.869565
0.224700, 0.869747
0.224800, 0.869975
0.224900, 0.870221
0.225000, 0.870445
0.225100, 0.870607
0.225200, 0.870697
0.225300, 0.870731
0.225400, 0.870749
0.225500, 0.870811
0.225600, 0.870954
0.225700, 0.871206
0.225800, 0.871550
0.225900, 0.871961
0.226000, 0.872396
0.226100, 0.872811
0.226200, 0.873199
0.226300, 0.873554
0.226400, 0.873887
0.226500, 0.874196
0.226600, 0.874487
0.226700, 0.874751
0.226800, 0.874972
0.226900, 0.875158
0.227000, 0.875301
0.227100, 0.875425
0.227200, 0.875546
0.227300, 0.875681
0.227400, 0.875823
0.227500, 0.875972
0.227600, 0.876106
0.227700, 0.876215
0.227800, 0.876299
0.227900, 0.876371
0.228000, 0.876454
0.228100, 0.876571
0.228200, 0.876734
0.228300, 0.876943
0.228400, 0.877182
0.228500, 0.877428
0.228600, 0.877654
0.228700, 0.877846
0.228800, 0.877996
0.228900, 0.878106
0.229000, 0.878194
0.229100, 0.878274
0.229200, 0.878365
0.229300, 0.878485
0.229400, 0.878647
0.229500, 0.878857
0.229600, 0.879108
0.229700, 0.879387
0.229800, 0.879674
0.229900, 0.879956
0.230000, 0.880224
0.230100, 0.880478
0.230200, 0.880730
0.230300, 0.880990
0.230400, 0.881261
0.230500, 0.881532
0.230600, 0.881792
0.230700, 0.882016
0.230800, 0.882197
0.230900, 0.882338
0.231000, 0.882461
0.231100, 0.882588
0.231200, 0.882739
0.231300, 0.882923
0.231400, 0.883128
0.231500, 0.883333
0.231600, 0.883520
0.231700, 0.883677
0.231800, 0.883805
0.231900, 0.883922
0.232000, 0.884041
0.232100, 0.884170
0.232200, 0.884309
0.232300, 0.884447
0.232400, 0.884573
0.232500, 0.884692
0.232600, 0.884817
0.232700, 0.884968
0.232800, 0.885164
0.232900, 0.885411
0.233000, 0.885682
0.233100, 0.885938
0.233200, 0.886137
0.233300, 0.886249
0.233400, 0.886275
0.233500, 0.886250
0.233600, 0.886228
0.233700, 0.886264
0.233800, 0.886391
0.233900, 0.886605
0.234000, 0.886860
0.234100, 0.887099
0.234200, 0.887269
0.234300, 0.887343
0.234400, 0.887335
0.234500, 0.887296
0.234600, 0.887283
0.234700, 0.887346
0.234800, 0.887516
0.234900, 0.887779
0.235000, 0.888094
0.235100, 0.888422
0.235200, 0.888721
0.235300, 0.888983
0.235400, 0.889222
0.235500, 0.889460
0.235600, 0.889730
0.235700, 0.890040
0.235800, 0.890381
0.235900, 0.890711
0.236000, 0.891012
0.236100, 0.891257
0.236200, 0.891437
0.236300, 0.891568
0.236400, 0.891688
0.236500, 0.891847
0.236600, 0.892058
0.236700, 0.892316
0.236800, 0.892613
0.236900, 0.892904
0.237000, 0.893165
0.237100, 0.893364
0.237200, 0.893520
0.237300, 0.893646
0.237400, 0.893785
0.237500, 0.893952
0.237600, 0.894155
0.237700, 0.894384
0.237800, 0.894619
0.237900, 0.894839
0.238000, 0.895050
0.238100, 0.895269
0.238200, 0.895511
0.238300, 0.895792
0.238400, 0.896110
0.238500, 0.896439
0.238600, 0.896744
0.238700, 0.897002
0.238800, 0.897203
0.238900, 0.897366
0.239000, 0.897534
0.239100, 0.897740
0.239200, 0.898005
0.239300, 0.898325
0.239400, 0.898667
0.239500, 0.899000
0.239600, 0.899294
0.239700, 0.899547
0.239800, 0.899765
0.239900, 0.899973
0.240000, 0.900167
0.240100, 0.900350
0.240200, 0.900504
0.240300, 0.900630
0.240400, 0.900740
0.240500, 0.900874
0.240600, 0.901073
0.240700, 0.901367
0.240800, 0.901755
0.240900, 0.902200
0.241000, 0.902627
0.241100, 0.902972
0.241200, 0.903201
0.241300, 0.903320
0.241400, 0.903377
0.241500, 0.903449
0.241600, 0.903593
0.241700, 0.903842
0.241800, 0.904178
0.241900, 0.904550
0.242000, 0.904900
0.242100, 0.905185
0.242200, 0.905377
0.242300, 0.905489
0.242400, 0.905552
0.242500, 0.905600
0.242600, 0.905658
0.242700, 0.905748
0.242800, 0.905858
0.242900, 0.905987
0.243000, 0.906121
0.243100, 0.906244
0.243200, 0.906351
0.243300, 0.906435
0.243400, 0.906498
0.243500, 0.906549
0.243600, 0.906601
0.243700, 0.906669
0.243800, 0.906772
0.243900, 0.906918
0.244000, 0.907107
0.244100, 0.907339
0.244200, 0.907602
0.244300, 0.907889
0.244400, 0.908195
0.244500, 0.908516
0.244600, 0.908853
0.244700, 0.909201
0.244800, 0.909555
0.244900, 0.909903
0.245000, 0.910235
0.245100, 0.910546
0.245200, 0.910830
0.245300, 0.911092
0.245400, 0.911336
0.245500, 0.911571
0.245600, 0.911794
0.245700, 0.912007
0.245800, 0.912199
0.245900, 0.912360
0.246000, 0.912481
0.246100, 0.912570
0.246200, 0.912641
0.246300, 0.912722
0.246400, 0.912833
0.246500, 0.912996
0.246600, 0.913208
0.246700, 0.913445
0.246800, 0.913677
0.246900, 0.913863
0.247000, 0.913986
0.247100, 0.914054
0.247200, 0.914104
0.247300, 0.914183
0.247400, 0.914325
0.247500, 0.914551
0.247600, 0.914838
0.247700, 0.915137
0.247800, 0.915397
0.247900, 0.915584
0.248000, 0.915690
0.248100, 0.915754
0.248200, 0.915818
0.248300, 0.915937
0.248400, 0.916121
0.248500, 0.916368
0.248600, 0.916633
0.248700, 0.916873
0.248800, 0.917058
0.248900, 0.917183
0.249000, 0.917267
0.249100, 0.917343
0.249200, 0.917437
0.249300, 0.917568
0.249400, 0.917733
0.249500, 0.917919
0.249600, 0.918111
0.249700, 0.918303
0.249800, 0.918498
0.249900, 0.918704
0.250000, 0.918921
0.250100, 0.919155
0.250200, 0.919394
0.250300, 0.919628
0.250400, 0.919845
0.250500, 0.920039
0.250600, 0.920212
0.250700, 0.920374
0.250800, 0.920534
0.250900, 0.920705
0.251000, 0.920896
0.251100, 0.921112
0.251200, 0.921351
0.251300, 0.921594
0.251400, 0.921825
0.251500, 0.922018
0.251600, 0.922159
0.251700, 0.922246
0.251800, 0.922290
0.251900, 0.922323
0.252000, 0.922373
0.252100, 0.922466
0.252200, 0.922609
0.252300, 0.922791
0.252400, 0.922983
0.252500, 0.923154
0.252600, 0.923288
0.252700, 0.923383
0.252800, 0.923450
0.252900, 0.923516
0.253000, 0.923594
0.253100, 0.923704
0.253200, 0.923849
0.253300, 0.924023
0.253400, 0.924229
0.253500, 0.924448
0.253600, 0.924690
0.253700, 0.924939
0.253800, 0.925180
0.253900, 0.925412
0.254000, 0.925615
0.254100, 0.925788
0.254200, 0.925941
0.254300, 0.926085
0.254400, 0.926232
0.254500, 0.926378
0.254600, 0.926531
0.254700, 0.926681
0.254800, 0.926824
0.254900, 0.926962
0.255000, 0.927115
0.255100, 0.927301
0.255200, 0.927538
0.255300, 0.927824
0.255400, 0.928137
0.255500, 0.928447
0.255600, 0.928732
0.255700, 0.928970
0.255800, 0.929146
0.255900, 0.929276
0.256000, 0.929367
0.256100, 0.929426
0.256200, 0.929460
0.256300, 0.929471
0.256400, 0.929467
0.256500, 0.929466
0.256600, 0.929491
0.256700, 0.929567
0.256800, 0.929706
0.256900, 0.929894
0.257000, 0.930125
0.257100, 0.930369
0.257200, 0.930604
0.257300, 0.930838
0.257400, 0.931075
0.257500, 0.931324
0.257600, 0.931588
0.257700, 0.931845
0.257800, 0.932081
0.257900, 0.932266
0.258000, 0.932404
0.258100, 0.932507
0.258200, 0.932615
0.258300, 0.932758
0.258400, 0.932960
0.258500, 0.933207
0.258600, 0.933468
0.258700, 0.933701
0.258800, 0.933883
0.258900, 0.934012
0.259000, 0.934112
0.259100, 0.934225
0.259200, 0.934380
0.259300, 0.934576
0.259400, 0.934799
0.259500, 0.935009
0.259600, 0.935177
0.259700, 0.935297
0.259800, 0.935383
0.259900, 0.935473
0.260000, 0.935593
0.260100, 0.935756
0.260200, 0.935948
0.260300, 0.936146
0.260400, 0.936318
0.260500, 0.936459
0.260600, 0.936578
0.260700, 0.936701
0.260800, 0.936855
0.260900, 0.937043
0.261000, 0.937255
0.261100, 0.937459
0.261200, 0.937631
0.261300, 0.937758
0.261400, 0.937851
0.261500, 0.937939
0.261600, 0.938055
0.261700, 0.938219
0.261800, 0.938416
0.261900, 0.938630
0.262000, 0.938829
0.262100, 0.938993
0.262200, 0.939124
0.262300, 0.939240
0.262400, 0.939363
0.262500, 0.939511
0.262600, 0.939686
0.262700, 0.939874
0.262800, 0.940050
0.262900, 0.940196
0.263000, 0.940311
0.263100, 0.940409
0.263200, 0.940511
0.263300, 0.940631
0.263400, 0.940772
0.263500, 0.940919
0.263600, 0.941056
0.263700, 0.941170
0.263800, 0.941269
0.263900, 0.941369
0.264000, 0.941501
0.264100, 0.941679
0.264200, 0.941897
0.264300, 0.942139
0.264400, 0.942364
0.264500, 0.942546
0.264600, 0.942676
0.264700, 0.942774
0.264800, 0.942865
0.264900, 0.942981
0.265000, 0.943133
0.265100, 0.943283
0.265200, 0.943408
0.265300, 0.943471
0.265400, 0.943467
0.265500, 0.943427
0.265600, 0.943391
0.265700, 0.943423
0.265800, 0.943533
0.265900, 0.943717
0.266000, 0.943925
0.266100, 0.944108
0.266200, 0.944234
0.266300, 0.944302
0.266400, 0.944336
0.266500, 0.944394
0.266600, 0.944504
0.266700, 0.944668
0.266800, 0.944860
0.266900, 0.945058
0.267000, 0.945240
0.267100, 0.945433
0.267200, 0.945669
0.267300, 0.945999
0.267400, 0.946437
0.267500, 0.946956
0.267600, 0.947485
0.267700, 0.947935
0.267800, 0.948259
0.267900, 0.948442
0.268000, 0.948541
0.268100, 0.948627
0.268200, 0.948787
0.268300, 0.949045
0.268400, 0.949380
0.268500, 0.949735
0.268600, 0.950038
0.268700, 0.950254
0.268800, 0.950385
0.268900, 0.950474
0.269000, 0.950574
0.269100, 0.950726
0.269200, 0.950938
0.269300, 0.951192
0.269400, 0.951445
0.269500, 0.951672
0.269600, 0.951864
0.269700, 0.952022
0.269800, 0.952162
0.269900, 0.952291
0.270000, 0.952404
0.270100, 0.952494
0.270200, 0.952557
0.270300, 0.952597
0.270400, 0.952637
0.270500, 0.952698
0.270600, 0.952794
0.270700, 0.952924
0.270800, 0.953072
0.270900, 0.953221
0.271000, 0.953363
0.271100, 0.953506
0.271200, 0.953671
0.271300, 0.953876
0.271400, 0.954119
0.271500, 0.954387
0.271600, 0.954646
0.271700, 0.954863
0.271800, 0.955020
0.271900, 0.955130
0.272000, 0.955219
0.272100, 0.955320
0.272200, 0.955453
0.272300, 0.955630
0.272400, 0.955828
0.272500, 0.956033
0.272600, 0.956224
0.272700, 0.956406
0.272800, 0.956578
0.272900, 0.956755
0.273000, 0.956935
0.273100, 0.957112
0.273200, 0.957266
0.273300, 0.957385
0.273400, 0.957464
0.273500, 0.957515
0.273600, 0.957554
0.273700, 0.957607
0.273800, 0.957685
0.273900, 0.957783
0.274000, 0.957888
0.274100, 0.957983
0.274200, 0.958063
0.274300, 0.958132
0.274400, 0.958191
0.274500, 0.958246
0.274600, 0.958297
0.274700, 0.958336
0.274800, 0.958361
0.274900, 0.958380
0.275000, 0.958404
0.275100, 0.958456
0.275200, 0.958559
0.275300, 0.958717
0.275400, 0.958909
0.275500, 0.959103
0.275600, 0.959258
0.275700, 0.959348
0.275800, 0.959368
0.275900, 0.959339
0.276000, 0.959302
0.276100, 0.959297
0.276200, 0.959350
0.276300, 0.959459
0.276400, 0.959607
0.276500, 0.959761
0.276600, 0.959894
0.276700, 0.959992
0.276800, 0.960058
0.276900, 0.960103
0.277000, 0.960148
0.277100, 0.960208
0.277200, 0.960290
0.277300, 0.960399
0.277400, 0.960530
0.277500, 0.960688
0.277600, 0.960865
0.277700, 0.961062
0.277800, 0.961274
0.277900, 0.961484
0.278000, 0.961681
0.278100, 0.961842
0.278200, 0.961972
0.278300, 0.962062
0.278400, 0.962127
0.278500, 0.962188
0.278600, 0.962267
0.278700, 0.962380
0.278800, 0.962543
0.278900, 0.962751
0.279000, 0.962992
0.279100, 0.963250
0.279200, 0.963514
0.279300, 0.963762
0.279400, 0.964000
0.279500, 0.964223
0.279600, 0.964433
0.279700, 0.964632
0.279800, 0.964818
0.279900, 0.964980
0.280000, 0.965102
0.280100, 0.965182
0.280200, 0.965223
0.280300, 0.965236
0.280400, 0.965249
0.280500, 0.965280
0.280600, 0.965331
0.280700, 0.965411
0.280800, 0.965502
0.280900, 0.965589
0.281000, 0.965657
0.281100, 0.965715
0.281200, 0.965781
0.281300, 0.965869
0.281400, 0.965996
0.281500, 0.966156
0.281600, 0.966340
0.281700, 0.966522
0.281800, 0.966679
0.281900, 0.966811
0.282000, 0.966920
0.282100, 0.967027
0.282200, 0.967148
0.282300, 0.967286
0.282400, 0.967439
0.282500, 0.967591
0.282600, 0.967725
0.282700, 0.967837
0.282800, 0.967931
0.282900, 0.968028
0.283000, 0.968145
0.283100, 0.968295
0.283200, 0.968474
0.283300, 0.968670
0.283400, 0.968856
0.283500, 0.969014
0.283600, 0.969135
0.283700, 0.969222
0.283800, 0.969296
0.283900, 0.969387
0.284000, 0.969512
0.284100, 0.969687
0.284200, 0.969903
0.284300, 0.970138
0.284400, 0.970355
0.284500, 0.970515
0.284600, 0.970598
0.284700, 0.970600
0.284800, 0.970551
0.284900, 0.970494
0.285000, 0.970492
0.285100, 0.970594
0.285200, 0.970813
0.285300, 0.971131
0.285400, 0.971501
0.285500, 0.971857
0.285600, 0.972144
0.285700, 0.972344
0.285800, 0.972472
0.285900, 0.972561
0.286000, 0.972663
0.286100, 0.972807
0.286200, 0.972986
0.286300, 0.973174
0.286400, 0.973350
0.286500, 0.973478
0.286600, 0.973568
0.286700, 0.973650
0.286800, 0.973766
0.286900, 0.973941
0.287000, 0.974177
0.287100, 0.974447
0.287200, 0.974692
0.287300, 0.974870
0.287400, 0.974952
0.287500, 0.974966
0.287600, 0.974944
0.287700, 0.974950
0.287800, 0.975023
0.287900, 0.975160
0.288000, 0.975333
0.288100, 0.975503
0.288200, 0.975632
0.288300, 0.975718
0.288400, 0.975783
0.288500, 0.975873
0.288600, 0.976036
0.288700, 0.976287
0.288800, 0.976604
0.288900, 0.976935
0.289000, 0.977227
0.289100, 0.977437
0.289200, 0.977555
0.289300, 0.977607
0.289400, 0.977636
0.289500, 0.977682
0.289600, 0.977761
0.289700, 0.977864
0.289800, 0.977970
0.289900, 0.978049
0.290000, 0.978094
0.290100, 0.978105
0.290200, 0.978116
0.290300, 0.978143
0.290400, 0.978203
0.290500, 0.978292
0.290600, 0.978382
0.290700, 0.978468
0.290800, 0.978528
0.290900, 0.978572
0.291000, 0.978624
0.291100, 0.978704
0.291200, 0.978829
0.291300, 0.978995
0.291400, 0.979184
0.291500, 0.979375
0.291600, 0.979543
0.291700, 0.979689
0.291800, 0.979812
0.291900, 0.979928
0.292000, 0.980044
0.292100, 0.980160
0.292200, 0.980262
0.292300, 0.980339
0.292400, 0.980382
0.292500, 0.980392
0.292600, 0.980388
0.292700, 0.980398
0.292800, 0.980451
0.292900, 0.980564
0.293000, 0.980731
0.293100, 0.980938
0.293200, 0.981149
0.293300, 0.981332
0.293400, 0.981468
0.293500, 0.981537
0.293600, 0.981556
0.293700, 0.981542
0.293800, 0.981518
0.293900, 0.981513
0.294000, 0.981544
0.294100, 0.981617
0.294200, 0.981734
0.294300, 0.981875
0.294400, 0.982020
0.294500, 0.982152
0.294600, 0.982253
0.294700, 0.982328
0.294800, 0.982381
0.294900, 0.982443
0.295000, 0.982535
0.295100, 0.982677
0.295200, 0.982873
0.295300, 0.983111
0.295400, 0.983366
0.295500, 0.983607
0.295600, 0.983807
0.295700, 0.983958
0.295800, 0.984065
0.295900, 0.984146
0.296000, 0.984225
0.296100, 0.984317
0.296200, 0.984430
0.296300, 0.984556
0.296400, 0.984697
0.296500, 0.984853
0.296600, 0.985030
0.296700, 0.985247
0.296800, 0.985516
0.296900, 0.985833
0.297000, 0.986177
0.297100, 0.986511
0.297200, 0.986795
0.297300, 0.987001
0.297400, 0.987126
0.297500, 0.987191
0.297600, 0.987235
0.297700, 0.987295
0.297800, 0.987393
0.297900, 0.987528
0.298000, 0.987686
0.298100, 0.987837
0.298200, 0.987973
0.298300, 0.988096
0.298400, 0.988221
0.298500, 0.988371
0.298600, 0.988550
0.298700, 0.988751
0.298800, 0.988946
0.298900, 0.989118
0.299000, 0.989252
0.299100, 0.989367
0.299200, 0.989485
0.299300, 0.989638
0.299400, 0.989832
0.299500, 0.990054
0.299600, 0.990268
0.299700, 0.990431
0.299800, 0.990530
0.299900, 0.990576
0.300000, 0.990613
0.300100, 0.990689
0.300200, 0.990839
0.300300, 0.991056
0.300400, 0.991303
0.300500, 0.991520
0.300600, 0.991663
0.300700, 0.991714
0.300800, 0.991701
0.300900, 0.991670
0.301000, 0.991674
0.301100, 0.991742
0.301200, 0.991858
0.301300, 0.991981
0.301400, 0.992071
0.301500, 0.992092
0.301600, 0.992060
0.301700, 0.992008
0.301800, 0.991982
0.301900, 0.992020
0.302000, 0.992130
0.302100, 0.992275
0.302200, 0.992423
0.302300, 0.992533
0.302400, 0.992586
0.302500, 0.992595
0.302600, 0.992586
0.302700, 0.992593
0.302800, 0.992633
0.302900, 0.992698
0.303000, 0.992772
0.303100, 0.992845
0.303200, 0.992908
0.303300, 0.992969
0.303400, 0.993040
0.303500, 0.993126
0.303600, 0.993228
0.303700, 0.993328
0.303800, 0.993411
0.303900, 0.993462
0.304000, 0.993491
0.304100, 0.993508
0.304200, 0.993541
0.304300, 0.993598
0.304400, 0.993680
0.304500, 0.993770
0.304600, 0.993845
0.304700, 0.993897
0.304800, 0.993916
0.304900, 0.993915
0.305000, 0.993918
0.305100, 0.993936
0.305200, 0.993976
0.305300, 0.994034
0.305400, 0.994102
0.305500, 0.994171
0.305600, 0.994248
0.305700, 0.994359
0.305800, 0.994512
0.305900, 0.994712
0.306000, 0.994958
0.306100, 0.995213
0.306200, 0.995455
0.306300, 0.995653
0.306400, 0.995792
0.306500, 0.995877
0.306600, 0.995925
0.306700, 0.995948
0.306800, 0.995965
0.306900, 0.995982
0.307000, 0.995992
0.307100, 0.996002
0.307200, 0.996009
0.307300, 0.996021
0.307400, 0.996048
0.307500, 0.996095
0.307600, 0.996159
0.307700, 0.996236
0.307800, 0.996312
0.307900, 0.996376
0.308000, 0.996428
0.308100, 0.996469
0.308200, 0.996508
0.308300, 0.996557
0.308400, 0.996620
0.308500, 0.996702
0.308600, 0.996800
0.308700, 0.996909
0.308800, 0.997016
0.308900, 0.997114
0.309000, 0.997198
0.309100, 0.997263
0.309200, 0.997320
0.309300, 0.997380
0.309400, 0.997460
0.309500, 0.997572
0.309600, 0.997720
0.309700, 0.997892
0.309800, 0.998072
0.309900, 0.998232
0.310000, 0.998353
0.310100, 0.998433
0.310200, 0.998475
0.310300, 0.998501
0.310400, 0.998529
0.310500, 0.998569
0.310600, 0.998618
0.310700, 0.998669
0.310800, 0.998704
0.310900, 0.998715
0.311000, 0.998707
0.311100, 0.998693
0.311200, 0.998691
0.311300, 0.998723
0.311400, 0.998793
0.311500, 0.998902
0.311600, 0.999037
0.311700, 0.999185
0.311800, 0.999330
0.311900, 0.999462
0.312000, 0.999571
0.312100, 0.999654
0.312200, 0.999705
0.312300, 0.999726
0.312400, 0.999723
0.312500, 0.999708
0.312600, 0.999697
0.312700, 0.999708
0.312800, 0.999746
0.312900, 0.999809
0.313000, 0.999879
0.313100, 0.999929
0.313200, 0.999937
0.313300, 0.999899
0.313400, 0.999837
0.313500, 0.999784
0.313600, 0.999755
0.313700, 0.999734
0.313800, 0.999711
0.313900, 0.999921
