0.000000, -0.015457
0.000100, -0.015488
0.000200, -0.014755
0.000300, -0.014221
0.000400, -0.013901
0.000500, -0.012680
0.000600, -0.012024
0.000700, -0.012077
0.000800, -0.011047
0.000900, -0.011612
0.001000, -0.010757
0.001100, -0.009590
0.001200, -0.009003
0.001300, -0.007935
0.001400, -0.007774
0.001500, -0.006950
0.001600, -0.007317
0.001700, -0.006805
0.001800, -0.005638
0.001900, -0.006065
0.002000, -0.004700
0.002100, -0.003853
0.002200, -0.003815
0.002300, -0.002853
0.002400, -0.002777
0.002500, -0.001938
0.002600, -0.001831
0.002700, 0.000229
0.002800, -0.000320
0.002900, 0.000061
0.003000, 0.000977
0.003100, 0.001022
0.003200, 0.001617
0.003300, 0.001778
0.003400, 0.003365
0.003500, 0.003464
0.003600, 0.003456
0.003700, 0.004372
0.003800, 0.004654
0.003900, 0.005234
0.004000, 0.005707
0.004100, 0.007278
0.004200, 0.006836
0.004300, 0.007835
0.004400, 0.008003
0.004500, 0.008667
0.004600, 0.009308
0.004700, 0.009941
0.004800, 0.010742
0.004900, 0.010483
0.005000, 0.011131
0.005100, 0.011581
0.005200, 0.012527
0.005300, 0.013077
0.005400, 0.014282
0.005500, 0.014107
0.005600, 0.014206
0.005700, 0.014542
0.005800, 0.015862
0.005900, 0.015991
0.006000, 0.017349
0.006100, 0.017639
0.006200, 0.017632
0.006300, 0.018143
0.006400, 0.019272
0.006500, 0.019089
0.006600, 0.020111
0.006700, 0.020615
0.006800, 0.020851
0.006900, 0.021858
0.007000, 0.021797
0.007100, 0.022659
0.007200, 0.023659
0.007300, 0.023148
0.007400, 0.024323
0.007500, 0.024506
0.007600, 0.024567
0.007700, 0.025810
0.007800, 0.026093
0.007900, 0.027374
0.008000, 0.027817
0.008100, 0.028366
0.008200, 0.029266
0.008300, 0.029648
0.008400, 0.029877
0.008500, 0.030579
0.008600, 0.030281
0.008700, 0.031082
0.008800, 0.032112
0.008900, 0.032082
0.009000, 0.032982
0.009100, 0.033020
0.009200, 0.033920
0.009300, 0.033752
0.009400, 0.035751
0.009500, 0.035431
0.009600, 0.035629
0.009700, 0.036255
0.009800, 0.036949
0.009900, 0.038147
0.010000, 0.038567
0.010100, 0.038681
0.010200, 0.039856
0.010300, 0.039719
0.010400, 0.040794
0.010500, 0.041016
0.010600, 0.041290
0.010700, 0.042557
0.010800, 0.042854
0.010900, 0.042938
0.011000, 0.043777
0.011100, 0.044746
0.011200, 0.045021
0.011300, 0.045105
0.011400, 0.046509
0.011500, 0.046135
0.011600, 0.046921
0.011700, 0.047211
0.011800, 0.048737
0.011900, 0.049149
0.012000, 0.048904
0.012100, 0.049713
0.012200, 0.050461
0.012300, 0.050415
0.012400, 0.051117
0.012500, 0.051392
0.012600, 0.052475
0.012700, 0.053078
0.012800, 0.053314
0.012900, 0.053398
0.013000, 0.054703
0.013100, 0.055336
0.013200, 0.055344
0.013300, 0.056656
0.013400, 0.056519
0.013500, 0.057518
0.013600, 0.058151
0.013700, 0.058327
0.013800, 0.058792
0.013900, 0.059738
0.014000, 0.060089
0.014100, 0.059792
0.014200, 0.060432
0.014300, 0.062157
0.014400, 0.062317
0.014500, 0.062851
0.014600, 0.063576
0.014700, 0.063553
0.014800, 0.064026
0.014900, 0.064156
0.015000, 0.065125
0.015100, 0.065880
0.015200, 0.065880
0.015300, 0.066833
0.015400, 0.066948
0.015500, 0.068031
0.015600, 0.068787
0.015700, 0.068954
0.015800, 0.069191
0.015900, 0.069618
0.016000, 0.070862
0.016100, 0.070831
0.016200, 0.071548
0.016300, 0.072777
0.016400, 0.072594
0.016500, 0.073524
0.016600, 0.073715
0.016700, 0.075119
0.016800, 0.075211
0.016900, 0.074997
0.017000, 0.075478
0.017100, 0.075607
0.017200, 0.077301
0.017300, 0.077560
0.017400, 0.078171
0.017500, 0.078224
0.017600, 0.079002
0.017700, 0.080017
0.017800, 0.080147
0.017900, 0.080528
0.018000, 0.081558
0.018100, 0.081253
0.018200, 0.082428
0.018300, 0.082504
0.018400, 0.083389
0.018500, 0.083984
0.018600, 0.084564
0.018700, 0.084839
0.018800, 0.085747
0.018900, 0.085976
0.019000, 0.085999
0.019100, 0.087372
0.019200, 0.087845
0.019300, 0.087563
0.019400, 0.088448
0.019500, 0.089645
0.019600, 0.089478
0.019700, 0.090286
0.019800, 0.091019
0.019900, 0.091400
0.020000, 0.091766
0.020100, 0.092117
0.020200, 0.092377
0.020300, 0.093636
0.020400, 0.092697
0.020500, 0.094482
0.020600, 0.094482
0.020700, 0.096016
0.020800, 0.095703
0.020900, 0.095932
0.021000, 0.098068
0.021100, 0.097382
0.021200, 0.098145
0.021300, 0.098701
0.021400, 0.098900
0.021500, 0.099548
0.021600, 0.100388
0.021700, 0.101067
0.021800, 0.101746
0.021900, 0.101181
0.022000, 0.102921
0.022100, 0.102615
0.022200, 0.103409
0.022300, 0.103836
0.022400, 0.104431
0.022500, 0.104866
0.022600, 0.105515
0.022700, 0.106674
0.022800, 0.106544
0.022900, 0.107361
0.023000, 0.108368
0.023100, 0.108383
0.023200, 0.109238
0.023300, 0.108841
0.023400, 0.109642
0.023500, 0.109863
0.023600, 0.110718
0.023700, 0.111420
0.023800, 0.111710
0.023900, 0.112877
0.024000, 0.113541
0.024100, 0.113708
0.024200, 0.113846
0.024300, 0.114227
0.024400, 0.115479
0.024500, 0.115555
0.024600, 0.115952
0.024700, 0.116852
0.024800, 0.117683
0.024900, 0.117622
0.025000, 0.118103
0.025100, 0.118469
0.025200, 0.119118
0.025300, 0.119720
0.025400, 0.120262
0.025500, 0.121216
0.025600, 0.122421
0.025700, 0.122490
0.025800, 0.122742
0.025900, 0.123444
0.026000, 0.123589
0.026100, 0.124123
0.026200, 0.124603
0.026300, 0.125481
0.026400, 0.126129
0.026500, 0.126709
0.026600, 0.126747
0.026700, 0.127312
0.026800, 0.128052
0.026900, 0.128387
0.027000, 0.128860
0.027100, 0.129303
0.027200, 0.130173
0.027300, 0.130295
0.027400, 0.131378
0.027500, 0.131500
0.027600, 0.132339
0.027700, 0.132324
0.027800, 0.133987
0.027900, 0.132797
0.028000, 0.134094
0.028100, 0.133850
0.028200, 0.135002
0.028300, 0.134750
0.028400, 0.136536
0.028500, 0.137039
0.028600, 0.137886
0.028700, 0.137695
0.028800, 0.137817
0.028900, 0.138214
0.029000, 0.138336
0.029100, 0.139984
0.029200, 0.140381
0.029300, 0.140869
0.029400, 0.141396
0.029500, 0.142319
0.029600, 0.142143
0.029700, 0.143250
0.029800, 0.143425
0.029900, 0.144325
0.030000, 0.144943
0.030100, 0.145348
0.030200, 0.145737
0.030300, 0.145874
0.030400, 0.146729
0.030500, 0.147018
0.030600, 0.148109
0.030700, 0.147934
0.030800, 0.148972
0.030900, 0.149727
0.031000, 0.150131
0.031100, 0.150116
0.031200, 0.151016
0.031300, 0.150963
0.031400, 0.151711
0.031500, 0.152557
0.031600, 0.152824
0.031700, 0.153168
0.031800, 0.153519
0.031900, 0.153732
0.032000, 0.154984
0.032100, 0.155502
0.032200, 0.155548
0.032300, 0.156342
0.032400, 0.157440
0.032500, 0.157509
0.032600, 0.158066
0.032700, 0.158699
0.032800, 0.159081
0.032900, 0.159546
0.033000, 0.159836
0.033100, 0.161163
0.033200, 0.161362
0.033300, 0.161156
0.033400, 0.162247
0.033500, 0.162758
0.033600, 0.163651
0.033700, 0.164139
0.033800, 0.164429
0.033900, 0.164261
0.034000, 0.165886
0.034100, 0.166344
0.034200, 0.165932
0.034300, 0.166443
0.034400, 0.167786
0.034500, 0.168152
0.034600, 0.168533
0.034700, 0.168915
0.034800, 0.169426
0.034900, 0.170280
0.035000, 0.170380
0.035100, 0.170395
0.035200, 0.171577
0.035300, 0.171661
0.035400, 0.172554
0.035500, 0.173409
0.035600, 0.174225
0.035700, 0.174309
0.035800, 0.175476
0.035900, 0.174561
0.036000, 0.176132
0.036100, 0.176224
0.036200, 0.176941
0.036300, 0.176880
0.036400, 0.177986
0.036500, 0.178192
0.036600, 0.178757
0.036700, 0.178398
0.036800, 0.180191
0.036900, 0.180573
0.037000, 0.181259
0.037100, 0.181381
0.037200, 0.182037
0.037300, 0.182144
0.037400, 0.182587
0.037500, 0.183289
0.037600, 0.184334
0.037700, 0.184555
0.037800, 0.185226
0.037900, 0.185257
0.038000, 0.185852
0.038100, 0.186523
0.038200, 0.186844
0.038300, 0.187599
0.038400, 0.187836
0.038500, 0.188599
0.038600, 0.188919
0.038700, 0.189423
0.038800, 0.190376
0.038900, 0.190918
0.039000, 0.190063
0.039100, 0.191284
0.039200, 0.191917
0.039300, 0.191887
0.039400, 0.193329
0.039500, 0.193123
0.039600, 0.194672
0.039700, 0.194130
0.039800, 0.194916
0.039900, 0.196159
0.040000, 0.196182
0.040100, 0.196609
0.040200, 0.197632
0.040300, 0.198257
0.040400, 0.197800
0.040500, 0.199005
0.040600, 0.199570
0.040700, 0.199722
0.040800, 0.200653
0.040900, 0.200851
0.041000, 0.201927
0.041100, 0.202011
0.041200, 0.203201
0.041300, 0.202652
0.041400, 0.203156
0.041500, 0.204437
0.041600, 0.204536
0.041700, 0.205048
0.041800, 0.205399
0.041900, 0.206650
0.042000, 0.206131
0.042100, 0.207169
0.042200, 0.207436
0.042300, 0.208054
0.042400, 0.208359
0.042500, 0.208565
0.042600, 0.210098
0.042700, 0.210350
0.042800, 0.209991
0.042900, 0.210876
0.043000, 0.211449
0.043100, 0.212082
0.043200, 0.212784
0.043300, 0.213058
0.043400, 0.213852
0.043500, 0.213867
0.043600, 0.214760
0.043700, 0.215096
0.043800, 0.216064
0.043900, 0.215927
0.044000, 0.216965
0.044100, 0.216782
0.044200, 0.218178
0.044300, 0.217545
0.044400, 0.218552
0.044500, 0.218727
0.044600, 0.219742
0.044700, 0.220428
0.044800, 0.220764
0.044900, 0.220512
0.045000, 0.221848
0.045100, 0.222641
0.045200, 0.222214
0.045300, 0.223244
0.045400, 0.223587
0.045500, 0.224182
0.045600, 0.224670
0.045700, 0.224747
0.045800, 0.225456
0.045900, 0.225967
0.046000, 0.226913
0.046100, 0.227303
0.046200, 0.228043
0.046300, 0.228531
0.046400, 0.228546
0.046500, 0.229263
0.046600, 0.229813
0.046700, 0.229965
0.046800, 0.231323
0.046900, 0.231194
0.047000, 0.231857
0.047100, 0.231834
0.047200, 0.232040
0.047300, 0.233124
0.047400, 0.233139
0.047500, 0.233360
0.047600, 0.234360
0.047700, 0.235168
0.047800, 0.236214
0.047900, 0.235687
0.048000, 0.236633
0.048100, 0.237717
0.048200, 0.237488
0.048300, 0.238045
0.048400, 0.238358
0.048500, 0.238724
0.048600, 0.239326
0.048700, 0.240494
0.048800, 0.240562
0.048900, 0.241158
0.049000, 0.241196
0.049100, 0.242249
0.049200, 0.242828
0.049300, 0.243134
0.049400, 0.242767
0.049500, 0.245163
0.049600, 0.244888
0.049700, 0.245148
0.049800, 0.245644
0.049900, 0.246635
0.050000, 0.246323
0.050100, 0.247421
0.050200, 0.247337
0.050300, 0.248260
0.050400, 0.248901
0.050500, 0.249023
0.050600, 0.250183
0.050700, 0.250748
0.050800, 0.250275
0.050900, 0.251190
0.051000, 0.252304
0.051100, 0.252884
0.051200, 0.252769
0.051300, 0.253311
0.051400, 0.253563
0.051500, 0.253799
0.051600, 0.254745
0.051700, 0.255051
0.051800, 0.256195
0.051900, 0.256447
0.052000, 0.257057
0.052100, 0.256760
0.052200, 0.257782
0.052300, 0.258919
0.052400, 0.258553
0.052500, 0.258331
0.052600, 0.259613
0.052700, 0.259949
0.052800, 0.260414
0.052900, 0.261238
0.053000, 0.261314
0.053100, 0.262581
0.053200, 0.262527
0.053300, 0.263138
0.053400, 0.263893
0.053500, 0.263290
0.053600, 0.263748
0.053700, 0.264977
0.053800, 0.265640
0.053900, 0.265991
0.054000, 0.266121
0.054100, 0.266678
0.054200, 0.267319
0.054300, 0.267654
0.054400, 0.269470
0.054500, 0.268616
0.054600, 0.269196
0.054700, 0.270622
0.054800, 0.270187
0.054900, 0.270172
0.055000, 0.270966
0.055100, 0.271721
0.055200, 0.272217
0.055300, 0.272949
0.055400, 0.273178
0.055500, 0.274178
0.055600, 0.274155
0.055700, 0.274750
0.055800, 0.275314
0.055900, 0.275826
0.056000, 0.276436
0.056100, 0.277657
0.056200, 0.277618
0.056300, 0.277634
0.056400, 0.277557
0.056500, 0.278290
0.056600, 0.279480
0.056700, 0.280052
0.056800, 0.280685
0.056900, 0.280273
0.057000, 0.281845
0.057100, 0.281082
0.057200, 0.281723
0.057300, 0.282867
0.057400, 0.282845
0.057500, 0.284126
0.057600, 0.282829
0.057700, 0.283905
0.057800, 0.285286
0.057900, 0.285454
0.058000, 0.286469
0.058100, 0.286812
0.058200, 0.286659
0.058300, 0.287727
0.058400, 0.287933
0.058500, 0.288239
0.058600, 0.288948
0.058700, 0.289169
0.058800, 0.289886
0.058900, 0.290253
0.059000, 0.290802
0.059100, 0.292168
0.059200, 0.291046
0.059300, 0.292358
0.059400, 0.292145
0.059500, 0.293457
0.059600, 0.293732
0.059700, 0.294273
0.059800, 0.294395
0.059900, 0.295479
0.060000, 0.295990
0.060100, 0.296585
0.060200, 0.297043
0.060300, 0.297119
0.060400, 0.297417
0.060500, 0.298157
0.060600, 0.297943
0.060700, 0.299873
0.060800, 0.299400
0.060900, 0.300087
0.061000, 0.300591
0.061100, 0.301041
0.061200, 0.301338
0.061300, 0.302452
0.061400, 0.302429
0.061500, 0.303268
0.061600, 0.303467
0.061700, 0.302948
0.061800, 0.303909
0.061900, 0.305573
0.062000, 0.305687
0.062100, 0.305435
0.062200, 0.306648
0.062300, 0.307823
0.062400, 0.307175
0.062500, 0.308304
0.062600, 0.308044
0.062700, 0.309494
0.062800, 0.309486
0.062900, 0.309753
0.063000, 0.309898
0.063100, 0.310425
0.063200, 0.310745
0.063300, 0.311630
0.063400, 0.312454
0.063500, 0.313461
0.063600, 0.312454
0.063700, 0.313370
0.063800, 0.314476
0.063900, 0.313736
0.064000, 0.314621
0.064100, 0.315323
0.064200, 0.315582
0.064300, 0.316460
0.064400, 0.317108
0.064500, 0.318085
0.064600, 0.317299
0.064700, 0.317978
0.064800, 0.318726
0.064900, 0.319489
0.065000, 0.319740
0.065100, 0.319649
0.065200, 0.320641
0.065300, 0.320816
0.065400, 0.321655
0.065500, 0.321999
0.065600, 0.322464
0.065700, 0.323166
0.065800, 0.323654
0.065900, 0.324005
0.066000, 0.324615
0.066100, 0.325302
0.066200, 0.325638
0.066300, 0.325470
0.066400, 0.326569
0.066500, 0.327942
0.066600, 0.327377
0.066700, 0.328209
0.066800, 0.328552
0.066900, 0.329269
0.067000, 0.329750
0.067100, 0.330254
0.067200, 0.330132
0.067300, 0.330444
0.067400, 0.331314
0.067500, 0.331741
0.067600, 0.332756
0.067700, 0.332558
0.067800, 0.333961
0.067900, 0.333847
0.068000, 0.334213
0.068100, 0.334442
0.068200, 0.335373
0.068300, 0.335342
0.068400, 0.336700
0.068500, 0.336502
0.068600, 0.336845
0.068700, 0.337181
0.068800, 0.338066
0.068900, 0.338654
0.069000, 0.339264
0.069100, 0.339928
0.069200, 0.340019
0.069300, 0.340897
0.069400, 0.340446
0.069500, 0.341057
0.069600, 0.342682
0.069700, 0.341949
0.069800, 0.343208
0.069900, 0.343002
0.070000, 0.343475
0.070100, 0.344276
0.070200, 0.344818
0.070300, 0.345261
0.070400, 0.345245
0.070500, 0.346146
0.070600, 0.346466
0.070700, 0.346985
0.070800, 0.347084
0.070900, 0.348473
0.071000, 0.348083
0.071100, 0.348648
0.071200, 0.348534
0.071300, 0.349480
0.071400, 0.349930
0.071500, 0.350609
0.071600, 0.350929
0.071700, 0.351845
0.071800, 0.352547
0.071900, 0.352875
0.072000, 0.353119
0.072100, 0.354218
0.072200, 0.354225
0.072300, 0.353485
0.072400, 0.354744
0.072500, 0.355621
0.072600, 0.355995
0.072700, 0.356155
0.072800, 0.356720
0.072900, 0.357056
0.073000, 0.357399
0.073100, 0.357666
0.073200, 0.358437
0.073300, 0.359375
0.073400, 0.358932
0.073500, 0.360558
0.073600, 0.360023
0.073700, 0.360397
0.073800, 0.362358
0.073900, 0.361725
0.074000, 0.362404
0.074100, 0.362549
0.074200, 0.363693
0.074300, 0.364052
0.074400, 0.364357
0.074500, 0.364090
0.074600, 0.364990
0.074700, 0.365105
0.074800, 0.365677
0.074900, 0.366318
0.075000, 0.366318
0.075100, 0.367287
0.075200, 0.368210
0.075300, 0.368568
0.075400, 0.368378
0.075500, 0.369186
0.075600, 0.369919
0.075700, 0.369858
0.075800, 0.370956
0.075900, 0.370995
0.076000, 0.371490
0.076100, 0.372299
0.076200, 0.372063
0.076300, 0.372978
0.076400, 0.374809
0.076500, 0.374557
0.076600, 0.374359
0.076700, 0.375488
0.076800, 0.375092
0.076900, 0.375702
0.077000, 0.376419
0.077100, 0.376251
0.077200, 0.376518
0.077300, 0.377533
0.077400, 0.377243
0.077500, 0.378769
0.077600, 0.379013
0.077700, 0.379395
0.077800, 0.380104
0.077900, 0.379990
0.078000, 0.380836
0.078100, 0.381577
0.078200, 0.381271
0.078300, 0.381927
0.078400, 0.382866
0.078500, 0.383423
0.078600, 0.383797
0.078700, 0.383736
0.078800, 0.384697
0.078900, 0.384773
0.079000, 0.385742
0.079100, 0.386398
0.079200, 0.386185
0.079300, 0.386612
0.079400, 0.386932
0.079500, 0.387390
0.079600, 0.387329
0.079700, 0.389175
0.079800, 0.389221
0.079900, 0.390266
0.080000, 0.390350
0.080100, 0.390038
0.080200, 0.391266
0.080300, 0.390961
0.080400, 0.391953
0.080500, 0.392464
0.080600, 0.392365
0.080700, 0.392921
0.080800, 0.392685
0.080900, 0.393822
0.081000, 0.394234
0.081100, 0.395004
0.081200, 0.395676
0.081300, 0.395691
0.081400, 0.396324
0.081500, 0.396637
0.081600, 0.396881
0.081700, 0.397339
0.081800, 0.397781
0.081900, 0.398788
0.082000, 0.398888
0.082100, 0.399788
0.082200, 0.399895
0.082300, 0.400894
0.082400, 0.400116
0.082500, 0.402008
0.082600, 0.401932
0.082700, 0.401642
0.082800, 0.402046
0.082900, 0.403191
0.083000, 0.402756
0.083100, 0.403801
0.083200, 0.404083
0.083300, 0.404282
0.083400, 0.405533
0.083500, 0.406158
0.083600, 0.406639
0.083700, 0.406281
0.083800, 0.407227
0.083900, 0.407227
0.084000, 0.407394
0.084100, 0.408127
0.084200, 0.409088
0.084300, 0.409737
0.084400, 0.409866
0.084500, 0.410057
0.084600, 0.411339
0.084700, 0.411629
0.084800, 0.411285
0.084900, 0.412308
0.085000, 0.412094
0.085100, 0.413101
0.085200, 0.412857
0.085300, 0.413902
0.085400, 0.414536
0.085500, 0.414833
0.085600, 0.415016
0.085700, 0.416306
0.085800, 0.415817
0.085900, 0.416779
0.086000, 0.417755
0.086100, 0.417419
0.086200, 0.417358
0.086300, 0.418457
0.086400, 0.418694
0.086500, 0.419571
0.086600, 0.420105
0.086700, 0.419357
0.086800, 0.420166
0.086900, 0.421524
0.087000, 0.421501
0.087100, 0.421051
0.087200, 0.422516
0.087300, 0.422668
0.087400, 0.423378
0.087500, 0.423515
0.087600, 0.423714
0.087700, 0.425003
0.087800, 0.424965
0.087900, 0.425323
0.088000, 0.426117
0.088100, 0.426849
0.088200, 0.426819
0.088300, 0.427101
0.088400, 0.428360
0.088500, 0.427597
0.088600, 0.428406
0.088700, 0.428986
0.088800, 0.429176
0.088900, 0.429649
0.089000, 0.430511
0.089100, 0.430862
0.089200, 0.430954
0.089300, 0.431320
0.089400, 0.432327
0.089500, 0.432220
0.089600, 0.432678
0.089700, 0.433655
0.089800, 0.433578
0.089900, 0.434433
0.090000, 0.435547
0.090100, 0.435074
0.090200, 0.435440
0.090300, 0.435471
0.090400, 0.436523
0.090500, 0.436935
0.090600, 0.437302
0.090700, 0.438286
0.090800, 0.438965
0.090900, 0.438316
0.091000, 0.439247
0.091100, 0.439407
0.091200, 0.439972
0.091300, 0.440445
0.091400, 0.440842
0.091500, 0.441765
0.091600, 0.441071
0.091700, 0.441849
0.091800, 0.442307
0.091900, 0.443161
0.092000, 0.443535
0.092100, 0.443665
0.092200, 0.444046
0.092300, 0.445450
0.092400, 0.444824
0.092500, 0.445633
0.092600, 0.445320
0.092700, 0.446335
0.092800, 0.446259
0.092900, 0.447411
0.093000, 0.448013
0.093100, 0.448532
0.093200, 0.448273
0.093300, 0.449020
0.093400, 0.448898
0.093500, 0.450119
0.093600, 0.450500
0.093700, 0.450760
0.093800, 0.450989
0.093900, 0.451653
0.094000, 0.451820
0.094100, 0.452667
0.094200, 0.453056
0.094300, 0.453323
0.094400, 0.453674
0.094500, 0.454285
0.094600, 0.454712
0.094700, 0.455856
0.094800, 0.456635
0.094900, 0.455818
0.095000, 0.456253
0.095100, 0.457344
0.095200, 0.458191
0.095300, 0.458252
0.095400, 0.458740
0.095500, 0.459198
0.095600, 0.458511
0.095700, 0.459465
0.095800, 0.459946
0.095900, 0.460175
0.096000, 0.460953
0.096100, 0.461525
0.096200, 0.461823
0.096300, 0.462082
0.096400, 0.462723
0.096500, 0.462784
0.096600, 0.463280
0.096700, 0.463684
0.096800, 0.464279
0.096900, 0.465141
0.097000, 0.465446
0.097100, 0.465530
0.097200, 0.465973
0.097300, 0.466110
0.097400, 0.466011
0.097500, 0.466843
0.097600, 0.467133
0.097700, 0.467941
0.097800, 0.467506
0.097900, 0.468575
0.098000, 0.469727
0.098100, 0.469604
0.098200, 0.470169
0.098300, 0.470749
0.098400, 0.471275
0.098500, 0.470856
0.098600, 0.472382
0.098700, 0.471741
0.098800, 0.472130
0.098900, 0.473694
0.099000, 0.473442
0.099100, 0.474281
0.099200, 0.474579
0.099300, 0.473984
0.099400, 0.475647
0.099500, 0.476212
0.099600, 0.476135
0.099700, 0.475700
0.099800, 0.476723
0.099900, 0.477852
0.100000, 0.477318
0.100100, 0.478165
0.100200, 0.478500
0.100300, 0.479065
0.100400, 0.479759
0.100500, 0.480118
0.100600, 0.480728
0.100700, 0.480530
0.100800, 0.480614
0.100900, 0.481918
0.101000, 0.482170
0.101100, 0.482391
0.101200, 0.482262
0.101300, 0.483109
0.101400, 0.483818
0.101500, 0.484192
0.101600, 0.483978
0.101700, 0.485626
0.101800, 0.485596
0.101900, 0.486160
0.102000, 0.486847
0.102100, 0.486076
0.102200, 0.487152
0.102300, 0.487564
0.102400, 0.487854
0.102500, 0.488716
0.102600, 0.488571
0.102700, 0.488617
0.102800, 0.490181
0.102900, 0.490356
0.103000, 0.490723
0.103100, 0.490410
0.103200, 0.491257
0.103300, 0.491875
0.103400, 0.492126
0.103500, 0.491943
0.103600, 0.492767
0.103700, 0.492981
0.103800, 0.493256
0.103900, 0.494225
0.104000, 0.494217
0.104100, 0.494408
0.104200, 0.494965
0.104300, 0.496597
0.104400, 0.496742
0.104500, 0.496994
0.104600, 0.496323
0.104700, 0.497047
0.104800, 0.497589
0.104900, 0.498535
0.105000, 0.498840
0.105100, 0.498840
0.105200, 0.499481
0.105300, 0.499969
0.105400, 0.500580
0.105500, 0.500725
0.105600, 0.500984
0.105700, 0.501396
0.105800, 0.502899
0.105900, 0.502518
0.106000, 0.503265
0.106100, 0.503448
0.106200, 0.503349
0.106300, 0.504341
0.106400, 0.504166
0.106500, 0.504791
0.106600, 0.504829
0.106700, 0.505676
0.106800, 0.505981
0.106900, 0.506042
0.107000, 0.507065
0.107100, 0.507141
0.107200, 0.507233
0.107300, 0.507782
0.107400, 0.507996
0.107500, 0.508881
0.107600, 0.509323
0.107700, 0.510193
0.107800, 0.509880
0.107900, 0.510399
0.108000, 0.510971
0.108100, 0.511154
0.108200, 0.512032
0.108300, 0.512680
0.108400, 0.512161
0.108500, 0.512970
0.108600, 0.514114
0.108700, 0.513878
0.108800, 0.514008
0.108900, 0.514153
0.109000, 0.515869
0.109100, 0.514885
0.109200, 0.516304
0.109300, 0.516342
0.109400, 0.516602
0.109500, 0.516846
0.109600, 0.517517
0.109700, 0.517822
0.109800, 0.518440
0.109900, 0.519127
0.110000, 0.519424
0.110100, 0.519478
0.110200, 0.520561
0.110300, 0.520836
0.110400, 0.521011
0.110500, 0.520714
0.110600, 0.521873
0.110700, 0.521225
0.110800, 0.522530
0.110900, 0.522736
0.111000, 0.523743
0.111100, 0.523682
0.111200, 0.524414
0.111300, 0.524597
0.111400, 0.524765
0.111500, 0.525116
0.111600, 0.525711
0.111700, 0.526375
0.111800, 0.526535
0.111900, 0.526199
0.112000, 0.527374
0.112100, 0.527145
0.112200, 0.527847
0.112300, 0.528564
0.112400, 0.528114
0.112500, 0.529503
0.112600, 0.529106
0.112700, 0.530647
0.112800, 0.531029
0.112900, 0.530014
0.113000, 0.531708
0.113100, 0.531204
0.113200, 0.532234
0.113300, 0.532471
0.113400, 0.533051
0.113500, 0.533447
0.113600, 0.534225
0.113700, 0.533730
0.113800, 0.533974
0.113900, 0.534531
0.114000, 0.535385
0.114100, 0.535477
0.114200, 0.535805
0.114300, 0.536247
0.114400, 0.537094
0.114500, 0.537903
0.114600, 0.538231
0.114700, 0.538330
0.114800, 0.538063
0.114900, 0.538994
0.115000, 0.539017
0.115100, 0.538933
0.115200, 0.539848
0.115300, 0.540001
0.115400, 0.541031
0.115500, 0.541428
0.115600, 0.541321
0.115700, 0.542297
0.115800, 0.543053
0.115900, 0.542770
0.116000, 0.543327
0.116100, 0.543243
0.116200, 0.544487
0.116300, 0.544647
0.116400, 0.544998
0.116500, 0.545410
0.116600, 0.546478
0.116700, 0.546074
0.116800, 0.546280
0.116900, 0.546196
0.117000, 0.546829
0.117100, 0.547546
0.117200, 0.548187
0.117300, 0.548325
0.117400, 0.548721
0.117500, 0.549194
0.117600, 0.549545
0.117700, 0.550041
0.117800, 0.550583
0.117900, 0.550545
0.118000, 0.551392
0.118100, 0.551491
0.118200, 0.551987
0.118300, 0.551888
0.118400, 0.552841
0.118500, 0.552460
0.118600, 0.554321
0.118700, 0.553894
0.118800, 0.554749
0.118900, 0.554161
0.119000, 0.555321
0.119100, 0.556015
0.119200, 0.555649
0.119300, 0.556206
0.119400, 0.555946
0.119500, 0.556870
0.119600, 0.557419
0.119700, 0.558418
0.119800, 0.558823
0.119900, 0.558014
0.120000, 0.559715
0.120100, 0.558945
0.120200, 0.559845
0.120300, 0.560333
0.120400, 0.560600
0.120500, 0.560570
0.120600, 0.560509
0.120700, 0.561600
0.120800, 0.561745
0.120900, 0.562271
0.121000, 0.562454
0.121100, 0.563385
0.121200, 0.563652
0.121300, 0.563911
0.121400, 0.564102
0.121500, 0.564941
0.121600, 0.565910
0.121700, 0.566063
0.121800, 0.565620
0.121900, 0.565521
0.122000, 0.566368
0.122100, 0.566856
0.122200, 0.567612
0.122300, 0.568039
0.122400, 0.568649
0.122500, 0.568611
0.122600, 0.569077
0.122700, 0.569687
0.122800, 0.570465
0.122900, 0.569946
0.123000, 0.570511
0.123100, 0.570648
0.123200, 0.571495
0.123300, 0.571419
0.123400, 0.572334
0.123500, 0.572647
0.123600, 0.572899
0.123700, 0.573074
0.123800, 0.573807
0.123900, 0.574196
0.124000, 0.574356
0.124100, 0.574593
0.124200, 0.575058
0.124300, 0.575607
0.124400, 0.575958
0.124500, 0.576385
0.124600, 0.576668
0.124700, 0.576508
0.124800, 0.577484
0.124900, 0.578156
0.125000, 0.577454
0.125100, 0.578255
0.125200, 0.578842
0.125300, 0.579643
0.125400, 0.579475
0.125500, 0.579605
0.125600, 0.581184
0.125700, 0.580963
0.125800, 0.581894
0.125900, 0.581291
0.126000, 0.581757
0.126100, 0.582169
0.126200, 0.582382
0.126300, 0.583206
0.126400, 0.583305
0.126500, 0.583282
0.126600, 0.584137
0.126700, 0.584686
0.126800, 0.585236
0.126900, 0.585075
0.127000, 0.586456
0.127100, 0.585564
0.127200, 0.586525
0.127300, 0.586777
0.127400, 0.586990
0.127500, 0.587723
0.127600, 0.588768
0.127700, 0.588196
0.127800, 0.588318
0.127900, 0.589325
0.128000, 0.589554
0.128100, 0.590172
0.128200, 0.589493
0.128300, 0.590294
0.128400, 0.590950
0.128500, 0.590820
0.128600, 0.591644
0.128700, 0.592422
0.128800, 0.592880
0.128900, 0.593079
0.129000, 0.592331
0.129100, 0.593323
0.129200, 0.594276
0.129300, 0.594131
0.129400, 0.594650
0.129500, 0.595772
0.129600, 0.595490
0.129700, 0.595917
0.129800, 0.596832
0.129900, 0.596680
0.130000, 0.596954
0.130100, 0.597099
0.130200, 0.598061
0.130300, 0.598648
0.130400, 0.598877
0.130500, 0.598541
0.130600, 0.599350
0.130700, 0.599800
0.130800, 0.599579
0.130900, 0.600342
0.131000, 0.600441
0.131100, 0.601456
0.131200, 0.601532
0.131300, 0.601532
0.131400, 0.601822
0.131500, 0.602554
0.131600, 0.603027
0.131700, 0.603111
0.131800, 0.603577
0.131900, 0.604202
0.132000, 0.605026
0.132100, 0.604179
0.132200, 0.605026
0.132300, 0.605476
0.132400, 0.606079
0.132500, 0.605896
0.132600, 0.606842
0.132700, 0.606789
0.132800, 0.606827
0.132900, 0.607727
0.133000, 0.608368
0.133100, 0.608521
0.133200, 0.608765
0.133300, 0.608849
0.133400, 0.608963
0.133500, 0.610336
0.133600, 0.610176
0.133700, 0.611420
0.133800, 0.611084
0.133900, 0.611038
0.134000, 0.611427
0.134100, 0.612366
0.134200, 0.612755
0.134300, 0.612396
0.134400, 0.613045
0.134500, 0.613556
0.134600, 0.613480
0.134700, 0.613708
0.134800, 0.614807
0.134900, 0.614914
0.135000, 0.615265
0.135100, 0.616295
0.135200, 0.616135
0.135300, 0.616028
0.135400, 0.616562
0.135500, 0.617348
0.135600, 0.616951
0.135700, 0.617798
0.135800, 0.617928
0.135900, 0.618591
0.136000, 0.619102
0.136100, 0.619751
0.136200, 0.619400
0.136300, 0.620422
0.136400, 0.620529
0.136500, 0.620522
0.136600, 0.620087
0.136700, 0.620819
0.136800, 0.622391
0.136900, 0.621750
0.137000, 0.622238
0.137100, 0.623306
0.137200, 0.622719
0.137300, 0.623703
0.137400, 0.623734
0.137500, 0.624550
0.137600, 0.623825
0.137700, 0.624512
0.137800, 0.624718
0.137900, 0.625656
0.138000, 0.626167
0.138100, 0.626892
0.138200, 0.627167
0.138300, 0.627380
0.138400, 0.628265
0.138500, 0.627762
0.138600, 0.626587
0.138700, 0.628853
0.138800, 0.628830
0.138900, 0.629173
0.139000, 0.630005
0.139100, 0.630257
0.139200, 0.630295
0.139300, 0.630730
0.139400, 0.631744
0.139500, 0.631577
0.139600, 0.632355
0.139700, 0.631950
0.139800, 0.632828
0.139900, 0.633003
0.140000, 0.632874
0.140100, 0.633835
0.140200, 0.634064
0.140300, 0.634384
0.140400, 0.634537
0.140500, 0.634712
0.140600, 0.635796
0.140700, 0.635574
0.140800, 0.636124
0.140900, 0.635872
0.141000, 0.637085
0.141100, 0.636719
0.141200, 0.637985
0.141300, 0.637527
0.141400, 0.638092
0.141500, 0.637741
0.141600, 0.638680
0.141700, 0.638962
0.141800, 0.639374
0.141900, 0.639877
0.142000, 0.640648
0.142100, 0.640518
0.142200, 0.641541
0.142300, 0.641167
0.142400, 0.641800
0.142500, 0.642502
0.142600, 0.641922
0.142700, 0.641983
0.142800, 0.642899
0.142900, 0.643311
0.143000, 0.644005
0.143100, 0.644409
0.143200, 0.644226
0.143300, 0.644753
0.143400, 0.644089
0.143500, 0.644890
0.143600, 0.645676
0.143700, 0.646393
0.143800, 0.646561
0.143900, 0.646988
0.144000, 0.647766
0.144100, 0.646790
0.144200, 0.647270
0.144300, 0.648544
0.144400, 0.648376
0.144500, 0.649391
0.144600, 0.649170
0.144700, 0.649857
0.144800, 0.649490
0.144900, 0.649979
0.145000, 0.650223
0.145100, 0.651367
0.145200, 0.651642
0.145300, 0.651581
0.145400, 0.652466
0.145500, 0.652641
0.145600, 0.652901
0.145700, 0.652969
0.145800, 0.653275
0.145900, 0.653778
0.146000, 0.653580
0.146100, 0.654999
0.146200, 0.655319
0.146300, 0.655212
0.146400, 0.655090
0.146500, 0.655869
0.146600, 0.656288
0.146700, 0.656769
0.146800, 0.656967
0.146900, 0.657463
0.147000, 0.657379
0.147100, 0.658310
0.147200, 0.658043
0.147300, 0.657845
0.147400, 0.658936
0.147500, 0.660080
0.147600, 0.659561
0.147700, 0.660004
0.147800, 0.660141
0.147900, 0.660011
0.148000, 0.660851
0.148100, 0.660973
0.148200, 0.661690
0.148300, 0.661240
0.148400, 0.661819
0.148500, 0.661865
0.148600, 0.662994
0.148700, 0.663101
0.148800, 0.663605
0.148900, 0.664551
0.149000, 0.664139
0.149100, 0.664467
0.149200, 0.664581
0.149300, 0.665512
0.149400, 0.666397
0.149500, 0.666016
0.149600, 0.666443
0.149700, 0.666771
0.149800, 0.666687
0.149900, 0.667641
0.150000, 0.667542
0.150100, 0.667740
0.150200, 0.667709
0.150300, 0.668823
0.150400, 0.668983
0.150500, 0.668922
0.150600, 0.669914
0.150700, 0.669968
0.150800, 0.670235
0.150900, 0.670578
0.151000, 0.671021
0.151100, 0.671570
0.151200, 0.671875
0.151300, 0.672478
0.151400, 0.672066
0.151500, 0.672295
0.151600, 0.672394
0.151700, 0.674088
0.151800, 0.674034
0.151900, 0.673904
0.152000, 0.674667
0.152100, 0.674576
0.152200, 0.674606
0.152300, 0.675056
0.152400, 0.675453
0.152500, 0.676781
0.152600, 0.676094
0.152700, 0.676544
0.152800, 0.676987
0.152900, 0.677780
0.153000, 0.677811
0.153100, 0.677505
0.153200, 0.678299
0.153300, 0.678680
0.153400, 0.679276
0.153500, 0.679794
0.153600, 0.678925
0.153700, 0.679871
0.153800, 0.680191
0.153900, 0.680786
0.154000, 0.681046
0.154100, 0.681168
0.154200, 0.682678
0.154300, 0.682098
0.154400, 0.682343
0.154500, 0.681587
0.154600, 0.683044
0.154700, 0.683548
0.154800, 0.684143
0.154900, 0.683197
0.155000, 0.684288
0.155100, 0.684669
0.155200, 0.684868
0.155300, 0.685455
0.155400, 0.685699
0.155500, 0.685936
0.155600, 0.686249
0.155700, 0.686707
0.155800, 0.686447
0.155900, 0.687271
0.156000, 0.687485
0.156100, 0.687241
0.156200, 0.687645
0.156300, 0.687561
0.156400, 0.688614
0.156500, 0.689407
0.156600, 0.690262
0.156700, 0.690536
0.156800, 0.690079
0.156900, 0.691559
0.157000, 0.690781
0.157100, 0.691628
0.157200, 0.691216
0.157300, 0.691483
0.157400, 0.692131
0.157500, 0.691727
0.157600, 0.693108
0.157700, 0.692917
0.157800, 0.692688
0.157900, 0.693207
0.158000, 0.693489
0.158100, 0.694244
0.158200, 0.694977
0.158300, 0.694122
0.158400, 0.694504
0.158500, 0.695335
0.158600, 0.696434
0.158700, 0.696945
0.158800, 0.697403
0.158900, 0.696686
0.159000, 0.696793
0.159100, 0.697800
0.159200, 0.698044
0.159300, 0.697540
0.159400, 0.698784
0.159500, 0.698822
0.159600, 0.698906
0.159700, 0.698921
0.159800, 0.699966
0.159900, 0.699799
0.160000, 0.699814
0.160100, 0.701050
0.160200, 0.700951
0.160300, 0.701767
0.160400, 0.701790
0.160500, 0.701805
0.160600, 0.701950
0.160700, 0.701950
0.160800, 0.702644
0.160900, 0.703285
0.161000, 0.703560
0.161100, 0.704369
0.161200, 0.703873
0.161300, 0.704773
0.161400, 0.704536
0.161500, 0.705132
0.161600, 0.705505
0.161700, 0.705162
0.161800, 0.706711
0.161900, 0.706833
0.162000, 0.706909
0.162100, 0.707382
0.162200, 0.707260
0.162300, 0.707573
0.162400, 0.707916
0.162500, 0.708099
0.162600, 0.709007
0.162700, 0.709091
0.162800, 0.709351
0.162900, 0.709915
0.163000, 0.709335
0.163100, 0.709564
0.163200, 0.710495
0.163300, 0.711121
0.163400, 0.710976
0.163500, 0.711601
0.163600, 0.712280
0.163700, 0.711426
0.163800, 0.712616
0.163900, 0.712715
0.164000, 0.713226
0.164100, 0.712921
0.164200, 0.713394
0.164300, 0.713707
0.164400, 0.713593
0.164500, 0.715515
0.164600, 0.714935
0.164700, 0.715485
0.164800, 0.715599
0.164900, 0.715454
0.165000, 0.716660
0.165100, 0.715744
0.165200, 0.715988
0.165300, 0.717339
0.165400, 0.717667
0.165500, 0.718300
0.165600, 0.718155
0.165700, 0.717957
0.165800, 0.719048
0.165900, 0.718185
0.166000, 0.718842
0.166100, 0.719193
0.166200, 0.720581
0.166300, 0.721001
0.166400, 0.721153
0.166500, 0.720390
0.166600, 0.720367
0.166700, 0.722031
0.166800, 0.722137
0.166900, 0.722015
0.167000, 0.722427
0.167100, 0.722443
0.167200, 0.723061
0.167300, 0.723480
0.167400, 0.724030
0.167500, 0.723450
0.167600, 0.724281
0.167700, 0.725197
0.167800, 0.724518
0.167900, 0.725250
0.168000, 0.724808
0.168100, 0.724335
0.168200, 0.725426
0.168300, 0.726837
0.168400, 0.726562
0.168500, 0.726562
0.168600, 0.726898
0.168700, 0.727142
0.168800, 0.727776
0.168900, 0.727951
0.169000, 0.727608
0.169100, 0.728790
0.169200, 0.729431
0.169300, 0.729141
0.169400, 0.729576
0.169500, 0.729546
0.169600, 0.730301
0.169700, 0.730644
0.169800, 0.730019
0.169900, 0.731056
0.170000, 0.731201
0.170100, 0.731239
0.170200, 0.731468
0.170300, 0.732544
0.170400, 0.732536
0.170500, 0.733276
0.170600, 0.734077
0.170700, 0.733444
0.170800, 0.734772
0.170900, 0.733627
0.171000, 0.734680
0.171100, 0.734657
0.171200, 0.734848
0.171300, 0.735481
0.171400, 0.736206
0.171500, 0.735321
0.171600, 0.736305
0.171700, 0.736969
0.171800, 0.736740
0.171900, 0.737015
0.172000, 0.737541
0.172100, 0.738831
0.172200, 0.738617
0.172300, 0.738754
0.172400, 0.738632
0.172500, 0.738762
0.172600, 0.739090
0.172700, 0.738747
0.172800, 0.739937
0.172900, 0.739708
0.173000, 0.740265
0.173100, 0.740204
0.173200, 0.740326
0.173300, 0.741364
0.173400, 0.741180
0.173500, 0.741608
0.173600, 0.742165
0.173700, 0.742096
0.173800, 0.743195
0.173900, 0.743050
0.174000, 0.743408
0.174100, 0.743729
0.174200, 0.743446
0.174300, 0.743706
0.174400, 0.744499
0.174500, 0.744720
0.174600, 0.744514
0.174700, 0.745033
0.174800, 0.745888
0.174900, 0.745941
0.175000, 0.746056
0.175100, 0.745911
0.175200, 0.746140
0.175300, 0.747314
0.175400, 0.747574
0.175500, 0.747528
0.175600, 0.747284
0.175700, 0.748138
0.175800, 0.748337
0.175900, 0.749016
0.176000, 0.749191
0.176100, 0.749893
0.176200, 0.749565
0.176300, 0.749603
0.176400, 0.750641
0.176500, 0.750908
0.176600, 0.751114
0.176700, 0.750839
0.176800, 0.751244
0.176900, 0.751648
0.177000, 0.751617
0.177100, 0.752121
0.177200, 0.751648
0.177300, 0.752625
0.177400, 0.753235
0.177500, 0.754059
0.177600, 0.752884
0.177700, 0.754745
0.177800, 0.754227
0.177900, 0.754372
0.178000, 0.755058
0.178100, 0.755295
0.178200, 0.754608
0.178300, 0.756050
0.178400, 0.755409
0.178500, 0.756577
0.178600, 0.756477
0.178700, 0.757034
0.178800, 0.756973
0.178900, 0.757950
0.179000, 0.757675
0.179100, 0.757607
0.179200, 0.757950
0.179300, 0.758850
0.179400, 0.759018
0.179500, 0.758652
0.179600, 0.759552
0.179700, 0.760162
0.179800, 0.759941
0.179900, 0.760147
0.180000, 0.760460
0.180100, 0.760223
0.180200, 0.760483
0.180300, 0.761597
0.180400, 0.761993
0.180500, 0.761398
0.180600, 0.762283
0.180700, 0.762024
0.180800, 0.762993
0.180900, 0.762741
0.181000, 0.763931
0.181100, 0.763046
0.181200, 0.763374
0.181300, 0.764267
0.181400, 0.764305
0.181500, 0.764893
0.181600, 0.764702
0.181700, 0.765472
0.181800, 0.765961
0.181900, 0.765717
0.182000, 0.765762
0.182100, 0.767075
0.182200, 0.766556
0.182300, 0.767517
0.182400, 0.767166
0.182500, 0.767273
0.182600, 0.768600
0.182700, 0.768059
0.182800, 0.768333
0.182900, 0.768715
0.183000, 0.768684
0.183100, 0.769730
0.183200, 0.768967
0.183300, 0.770203
0.183400, 0.770645
0.183500, 0.769562
0.183600, 0.770844
0.183700, 0.771584
0.183800, 0.771500
0.183900, 0.771187
0.184000, 0.771515
0.184100, 0.771645
0.184200, 0.772163
0.184300, 0.772537
0.184400, 0.771965
0.184500, 0.773209
0.184600, 0.772217
0.184700, 0.774529
0.184800, 0.774231
0.184900, 0.774368
0.185000, 0.774826
0.185100, 0.774658
0.185200, 0.775200
0.185300, 0.775482
0.185400, 0.775833
0.185500, 0.776237
0.185600, 0.776184
0.185700, 0.775688
0.185800, 0.776535
0.185900, 0.777527
0.186000, 0.777664
0.186100, 0.777718
0.186200, 0.777695
0.186300, 0.778496
0.186400, 0.777969
0.186500, 0.778046
0.186600, 0.778595
0.186700, 0.778732
0.186800, 0.779404
0.186900, 0.779144
0.187000, 0.780380
0.187100, 0.780388
0.187200, 0.780823
0.187300, 0.780151
0.187400, 0.780380
0.187500, 0.781387
0.187600, 0.781204
0.187700, 0.781532
0.187800, 0.781937
0.187900, 0.782829
0.188000, 0.782684
0.188100, 0.783211
0.188200, 0.782623
0.188300, 0.783043
0.188400, 0.783852
0.188500, 0.784019
0.188600, 0.784378
0.188700, 0.784492
0.188800, 0.784592
0.188900, 0.784645
0.189000, 0.784828
0.189100, 0.786072
0.189200, 0.786850
0.189300, 0.785980
0.189400, 0.786102
0.189500, 0.787186
0.189600, 0.787109
0.189700, 0.787338
0.189800, 0.787750
0.189900, 0.787476
0.190000, 0.788254
0.190100, 0.788483
0.190200, 0.788544
0.190300, 0.788010
0.190400, 0.788940
0.190500, 0.789368
0.190600, 0.789001
0.190700, 0.790489
0.190800, 0.790092
0.190900, 0.791306
0.191000, 0.791199
0.191100, 0.791466
0.191200, 0.790924
0.191300, 0.791527
0.191400, 0.791924
0.191500, 0.792252
0.191600, 0.790886
0.191700, 0.793121
0.191800, 0.792496
0.191900, 0.792870
0.192000, 0.793137
0.192100, 0.792854
0.192200, 0.794510
0.192300, 0.794235
0.192400, 0.794434
0.192500, 0.794167
0.192600, 0.794434
0.192700, 0.794991
0.192800, 0.795425
0.192900, 0.796158
0.193000, 0.796158
0.193100, 0.796188
0.193200, 0.796059
0.193300, 0.796387
0.193400, 0.797302
0.193500, 0.797287
0.193600, 0.797256
0.193700, 0.797501
0.193800, 0.797958
0.193900, 0.797417
0.194000, 0.798325
0.194100, 0.798782
0.194200, 0.799011
0.194300, 0.799500
0.194400, 0.799911
0.194500, 0.799400
0.194600, 0.800148
0.194700, 0.800529
0.194800, 0.800812
0.194900, 0.800491
0.195000, 0.801086
0.195100, 0.800964
0.195200, 0.800934
0.195300, 0.802155
0.195400, 0.802322
0.195500, 0.802872
0.195600, 0.802567
0.195700, 0.802612
0.195800, 0.803314
0.195900, 0.803139
0.196000, 0.803856
0.196100, 0.804535
0.196200, 0.804016
0.196300, 0.804375
0.196400, 0.804382
0.196500, 0.805336
0.196600, 0.805573
0.196700, 0.805878
0.196800, 0.806046
0.196900, 0.805466
0.197000, 0.806824
0.197100, 0.806686
0.197200, 0.806496
0.197300, 0.806915
0.197400, 0.806984
0.197500, 0.806763
0.197600, 0.807465
0.197700, 0.807755
0.197800, 0.808655
0.197900, 0.808167
0.198000, 0.808990
0.198100, 0.809097
0.198200, 0.809006
0.198300, 0.809319
0.198400, 0.809837
0.198500, 0.810371
0.198600, 0.810455
0.198700, 0.810776
0.198800, 0.810410
0.198900, 0.810471
0.199000, 0.810913
0.199100, 0.811760
0.199200, 0.812065
0.199300, 0.811417
0.199400, 0.812180
0.199500, 0.813248
0.199600, 0.812439
0.199700, 0.813210
0.199800, 0.813370
0.199900, 0.814110
0.200000, 0.814384
0.200100, 0.813889
0.200200, 0.814087
0.200300, 0.814774
0.200400, 0.815033
0.200500, 0.814835
0.200600, 0.815323
0.200700, 0.815742
0.200800, 0.815445
0.200900, 0.815536
0.201000, 0.816681
0.201100, 0.816689
0.201200, 0.816360
0.201300, 0.816589
0.201400, 0.817490
0.201500, 0.817245
0.201600, 0.817551
0.201700, 0.818130
0.201800, 0.817505
0.201900, 0.819107
0.202000, 0.818581
0.202100, 0.818863
0.202200, 0.819115
0.202300, 0.819702
0.202400, 0.819611
0.202500, 0.819534
0.202600, 0.819580
0.202700, 0.820007
0.202800, 0.821228
0.202900, 0.820435
0.203000, 0.820740
0.203100, 0.821877
0.203200, 0.820908
0.203300, 0.820976
0.203400, 0.822182
0.203500, 0.821556
0.203600, 0.822578
0.203700, 0.822380
0.203800, 0.823502
0.203900, 0.823090
0.204000, 0.823776
0.204100, 0.823654
0.204200, 0.823799
0.204300, 0.824585
0.204400, 0.824860
0.204500, 0.824387
0.204600, 0.824982
0.204700, 0.825439
0.204800, 0.825401
0.204900, 0.824783
0.205000, 0.826904
0.205100, 0.826363
0.205200, 0.826721
0.205300, 0.826523
0.205400, 0.827621
0.205500, 0.827713
0.205600, 0.827820
0.205700, 0.826935
0.205800, 0.827972
0.205900, 0.828354
0.206000, 0.829117
0.206100, 0.828796
0.206200, 0.829338
0.206300, 0.829208
0.206400, 0.829224
0.206500, 0.829521
0.206600, 0.830032
0.206700, 0.830017
0.206800, 0.830917
0.206900, 0.831032
0.207000, 0.831139
0.207100, 0.830719
0.207200, 0.831879
0.207300, 0.831146
0.207400, 0.831215
0.207500, 0.831955
0.207600, 0.832619
0.207700, 0.832336
0.207800, 0.833572
0.207900, 0.833206
0.208000, 0.834061
0.208100, 0.833992
0.208200, 0.834290
0.208300, 0.834641
0.208400, 0.834686
0.208500, 0.834145
0.208600, 0.834145
0.208700, 0.834686
0.208800, 0.835442
0.208900, 0.835449
0.209000, 0.835526
0.209100, 0.836098
0.209200, 0.836098
0.209300, 0.835739
0.209400, 0.836548
0.209500, 0.836517
0.209600, 0.836494
0.209700, 0.837769
0.209800, 0.836975
0.209900, 0.837799
0.210000, 0.838181
0.210100, 0.837875
0.210200, 0.838715
0.210300, 0.839119
0.210400, 0.838875
0.210500, 0.838799
0.210600, 0.839149
0.210700, 0.839157
0.210800, 0.839882
0.210900, 0.840210
0.211000, 0.839867
0.211100, 0.840034
0.211200, 0.840614
0.211300, 0.840591
0.211400, 0.841499
0.211500, 0.841026
0.211600, 0.842400
0.211700, 0.842712
0.211800, 0.842712
0.211900, 0.841949
0.212000, 0.842758
0.212100, 0.843590
0.212200, 0.843445
0.212300, 0.843620
0.212400, 0.843315
0.212500, 0.843597
0.212600, 0.844429
0.212700, 0.844696
0.212800, 0.844688
0.212900, 0.844269
0.213000, 0.845100
0.213100, 0.844894
0.213200, 0.846069
0.213300, 0.845459
0.213400, 0.845955
0.213500, 0.846359
0.213600, 0.845718
0.213700, 0.846169
0.213800, 0.846725
0.213900, 0.846832
0.214000, 0.847900
0.214100, 0.847321
0.214200, 0.847496
0.214300, 0.848282
0.214400, 0.848312
0.214500, 0.848999
0.214600, 0.848297
0.214700, 0.848808
0.214800, 0.848557
0.214900, 0.849625
0.215000, 0.849762
0.215100, 0.849167
0.215200, 0.850311
0.215300, 0.850159
0.215400, 0.850365
0.215500, 0.850685
0.215600, 0.850517
0.215700, 0.850815
0.215800, 0.850754
0.215900, 0.851776
0.216000, 0.850433
0.216100, 0.851067
0.216200, 0.852272
0.216300, 0.852234
0.216400, 0.852531
0.216500, 0.852173
0.216600, 0.852905
0.216700, 0.852753
0.216800, 0.853928
0.216900, 0.854141
0.217000, 0.853203
0.217100, 0.853989
0.217200, 0.854095
0.217300, 0.854607
0.217400, 0.854324
0.217500, 0.855293
0.217600, 0.855568
0.217700, 0.854965
0.217800, 0.855865
0.217900, 0.856827
0.218000, 0.855164
0.218100, 0.855812
0.218200, 0.856834
0.218300, 0.856621
0.218400, 0.856110
0.218500, 0.857170
0.218600, 0.857208
0.218700, 0.857819
0.218800, 0.857887
0.218900, 0.858307
0.219000, 0.859207
0.219100, 0.858261
0.219200, 0.859283
0.219300, 0.858627
0.219400, 0.859207
0.219500, 0.859497
0.219600, 0.859146
0.219700, 0.859589
0.219800, 0.858910
0.219900, 0.859962
0.220000, 0.860733
0.220100, 0.860695
0.220200, 0.861130
0.220300, 0.861221
0.220400, 0.861336
0.220500, 0.861740
0.220600, 0.861794
0.220700, 0.862022
0.220800, 0.862442
0.220900, 0.862625
0.221000, 0.862793
0.221100, 0.862228
0.221200, 0.862823
0.221300, 0.862534
0.221400, 0.863625
0.221500, 0.864029
0.221600, 0.863739
0.221700, 0.864487
0.221800, 0.864914
0.221900, 0.864975
0.222000, 0.864639
0.222100, 0.865112
0.222200, 0.864693
0.222300, 0.865555
0.222400, 0.865631
0.222500, 0.865524
0.222600, 0.865402
0.222700, 0.866051
0.222800, 0.866760
0.222900, 0.866066
0.223000, 0.867165
0.223100, 0.867088
0.223200, 0.867401
0.223300, 0.867661
0.223400, 0.867432
0.223500, 0.867599
0.223600, 0.868347
0.223700, 0.869156
0.223800, 0.868217
0.223900, 0.868401
0.224000, 0.868889
0.224100, 0.869209
0.224200, 0.870392
0.224300, 0.869774
0.224400, 0.869675
0.224500, 0.869911
0.224600, 0.870407
0.224700, 0.870071
0.224800, 0.870193
0.224900, 0.871170
0.225000, 0.870621
0.225100, 0.871552
0.225200, 0.870865
0.225300, 0.872093
0.225400, 0.872192
0.225500, 0.872780
0.225600, 0.871384
0.225700, 0.872467
0.225800, 0.871948
0.225900, 0.872574
0.226000, 0.872993
0.226100, 0.873306
0.226200, 0.873367
0.226300, 0.874443
0.226400, 0.874359
0.226500, 0.873840
0.226600, 0.874214
0.226700, 0.874390
0.226800, 0.874466
0.226900, 0.874214
0.227000, 0.874786
0.227100, 0.875473
0.227200, 0.875778
0.227300, 0.875961
0.227400, 0.876373
0.227500, 0.876678
0.227600, 0.876404
0.227700, 0.875839
0.227800, 0.876747
0.227900, 0.876526
0.228000, 0.877747
0.228100, 0.877396
0.228200, 0.877579
0.228300, 0.878067
0.228400, 0.877861
0.228500, 0.878738
0.228600, 0.878586
0.228700, 0.878036
0.228800, 0.879173
0.228900, 0.879486
0.229000, 0.879074
0.229100, 0.878601
0.229200, 0.879875
0.229300, 0.879822
0.229400, 0.880234
0.229500, 0.881134
0.229600, 0.880257
0.229700, 0.880684
0.229800, 0.880501
0.229900, 0.880661
0.230000, 0.880653
0.230100, 0.881950
0.230200, 0.881149
0.230300, 0.881714
0.230400, 0.881943
0.230500, 0.882149
0.230600, 0.882706
0.230700, 0.882889
0.230800, 0.883018
0.230900, 0.883545
0.231000, 0.883347
0.231100, 0.882988
0.231200, 0.884277
0.231300, 0.883774
0.231400, 0.883667
0.231500, 0.884399
0.231600, 0.884560
0.231700, 0.885132
0.231800, 0.885460
0.231900, 0.885239
0.232000, 0.885742
0.232100, 0.885338
0.232200, 0.886253
0.232300, 0.885986
0.232400, 0.885582
0.232500, 0.886444
0.232600, 0.886292
0.232700, 0.885910
0.232800, 0.886986
0.232900, 0.887329
0.233000, 0.887146
0.233100, 0.887756
0.233200, 0.886963
0.233300, 0.887970
0.233400, 0.887871
0.233500, 0.887680
0.233600, 0.888260
0.233700, 0.888680
0.233800, 0.888550
0.233900, 0.888634
0.234000, 0.888580
0.234100, 0.889435
0.234200, 0.889191
0.234300, 0.889511
0.234400, 0.889969
0.234500, 0.890732
0.234600, 0.890854
0.234700, 0.890564
0.234800, 0.890167
0.234900, 0.890869
0.235000, 0.891342
0.235100, 0.890732
0.235200, 0.891922
0.235300, 0.891052
0.235400, 0.891495
0.235500, 0.891800
0.235600, 0.891754
0.235700, 0.892746
0.235800, 0.892769
0.235900, 0.892807
0.236000, 0.894104
0.236100, 0.893509
0.236200, 0.893517
0.236300, 0.894630
0.236400, 0.893631
0.236500, 0.894562
0.236600, 0.894974
0.236700, 0.894867
0.236800, 0.894730
0.236900, 0.894577
0.237000, 0.895035
0.237100, 0.895203
0.237200, 0.895393
0.237300, 0.895721
0.237400, 0.895393
0.237500, 0.896141
0.237600, 0.896912
0.237700, 0.896294
0.237800, 0.896996
0.237900, 0.897125
0.238000, 0.897446
0.238100, 0.897133
0.238200, 0.896652
0.238300, 0.897385
0.238400, 0.897903
0.238500, 0.897644
0.238600, 0.898483
0.238700, 0.898346
0.238800, 0.897842
0.238900, 0.899071
0.239000, 0.898689
0.239100, 0.898193
0.239200, 0.899094
0.239300, 0.899521
0.239400, 0.899292
0.239500, 0.899384
0.239600, 0.900299
0.239700, 0.900314
0.239800, 0.900269
0.239900, 0.900002
0.240000, 0.900673
0.240100, 0.900604
0.240200, 0.900856
0.240300, 0.901146
0.240400, 0.900864
0.240500, 0.901871
0.240600, 0.901520
0.240700, 0.902374
0.240800, 0.901939
0.240900, 0.902130
0.241000, 0.902451
0.241100, 0.902206
0.241200, 0.904083
0.241300, 0.903076
0.241400, 0.903122
0.241500, 0.903404
0.241600, 0.903519
0.241700, 0.903915
0.241800, 0.903839
0.241900, 0.903709
0.242000, 0.904694
0.242100, 0.904846
0.242200, 0.905182
0.242300, 0.904640
0.242400, 0.905266
0.242500, 0.904770
0.242600, 0.905693
0.242700, 0.905090
0.242800, 0.905716
0.242900, 0.905930
0.243000, 0.906631
0.243100, 0.905853
0.243200, 0.906311
0.243300, 0.906776
0.243400, 0.907028
0.243500, 0.907623
0.243600, 0.907761
0.243700, 0.907532
0.243800, 0.908035
0.243900, 0.908142
0.244000, 0.908386
0.244100, 0.909088
0.244200, 0.908424
0.244300, 0.907913
0.244400, 0.909599
0.244500, 0.908859
0.244600, 0.909073
0.244700, 0.909019
0.244800, 0.909653
0.244900, 0.909554
0.245000, 0.909912
0.245100, 0.910126
0.245200, 0.910339
0.245300, 0.910629
0.245400, 0.910431
0.245500, 0.911530
0.245600, 0.910744
0.245700, 0.911621
0.245800, 0.911293
0.245900, 0.911026
0.246000, 0.911499
0.246100, 0.911934
0.246200, 0.911835
0.246300, 0.912071
0.246400, 0.912628
0.246500, 0.911736
0.246600, 0.912750
0.246700, 0.912521
0.246800, 0.912842
0.246900, 0.912987
0.247000, 0.912994
0.247100, 0.913284
0.247200, 0.914024
0.247300, 0.913788
0.247400, 0.913284
0.247500, 0.913841
0.247600, 0.914612
0.247700, 0.914536
0.247800, 0.914642
0.247900, 0.915230
0.248000, 0.915161
0.248100, 0.915916
0.248200, 0.915237
0.248300, 0.914703
0.248400, 0.915802
0.248500, 0.915283
0.248600, 0.915428
0.248700, 0.915627
0.248800, 0.917000
0.248900, 0.916557
0.249000, 0.916031
0.249100, 0.916916
0.249200, 0.917221
0.249300, 0.917267
0.249400, 0.918198
0.249500, 0.918190
0.249600, 0.917816
0.249700, 0.917931
0.249800, 0.917870
0.249900, 0.918137
0.250000, 0.918182
0.250100, 0.918083
0.250200, 0.919449
0.250300, 0.918869
0.250400, 0.919418
0.250500, 0.919617
0.250600, 0.919342
0.250700, 0.920326
0.250800, 0.919495
0.250900, 0.920792
0.251000, 0.920723
0.251100, 0.920639
0.251200, 0.920517
0.251300, 0.921310
0.251400, 0.921509
0.251500, 0.921257
0.251600, 0.921509
0.251700, 0.921280
0.251800, 0.922211
0.251900, 0.921440
0.252000, 0.922714
0.252100, 0.922058
0.252200, 0.922142
0.252300, 0.922783
0.252400, 0.922470
0.252500, 0.923485
0.252600, 0.922485
0.252700, 0.923462
0.252800, 0.924011
0.252900, 0.924072
0.253000, 0.924362
0.253100, 0.924423
0.253200, 0.924034
0.253300, 0.924423
0.253400, 0.925018
0.253500, 0.923965
0.253600, 0.925133
0.253700, 0.924553
0.253800, 0.924767
0.253900, 0.924599
0.254000, 0.925308
0.254100, 0.925682
0.254200, 0.925667
0.254300, 0.925667
0.254400, 0.925613
0.254500, 0.926025
0.254600, 0.926125
0.254700, 0.926651
0.254800, 0.926491
0.254900, 0.926346
0.255000, 0.926575
0.255100, 0.926819
0.255200, 0.927719
0.255300, 0.927383
0.255400, 0.927681
0.255500, 0.928337
0.255600, 0.927414
0.255700, 0.927750
0.255800, 0.928375
0.255900, 0.928864
0.256000, 0.928398
0.256100, 0.928535
0.256200, 0.928795
0.256300, 0.929596
0.256400, 0.929871
0.256500, 0.929535
0.256600, 0.929054
0.256700, 0.929985
0.256800, 0.930222
0.256900, 0.929733
0.257000, 0.930222
0.257100, 0.930298
0.257200, 0.930099
0.257300, 0.930748
0.257400, 0.930832
0.257500, 0.931213
0.257600, 0.931519
0.257700, 0.931213
0.257800, 0.932190
0.257900, 0.932152
0.258000, 0.931908
0.258100, 0.932022
0.258200, 0.932465
0.258300, 0.932648
0.258400, 0.931984
0.258500, 0.932274
0.258600, 0.932976
0.258700, 0.933029
0.258800, 0.933128
0.258900, 0.933777
0.259000, 0.933464
0.259100, 0.933594
0.259200, 0.933792
0.259300, 0.935379
0.259400, 0.934357
0.259500, 0.933716
0.259600, 0.934265
0.259700, 0.934433
0.259800, 0.934410
0.259900, 0.934349
0.260000, 0.934982
0.260100, 0.935341
0.260200, 0.935410
0.260300, 0.935516
0.260400, 0.935989
0.260500, 0.935806
0.260600, 0.936127
0.260700, 0.936417
0.260800, 0.936600
0.260900, 0.936356
0.261000, 0.936462
0.261100, 0.937012
0.261200, 0.936478
0.261300, 0.937286
0.261400, 0.936722
0.261500, 0.936745
0.261600, 0.937057
0.261700, 0.938202
0.261800, 0.938873
0.261900, 0.938911
0.262000, 0.938492
0.262100, 0.937836
0.262200, 0.939522
0.262300, 0.938713
0.262400, 0.938812
0.262500, 0.939003
0.262600, 0.939163
0.262700, 0.939186
0.262800, 0.938736
0.262900, 0.939545
0.263000, 0.939423
0.263100, 0.939331
0.263200, 0.939941
0.263300, 0.939987
0.263400, 0.940041
0.263500, 0.940475
0.263600, 0.941208
0.263700, 0.940697
0.263800, 0.941208
0.263900, 0.940765
0.264000, 0.941490
0.264100, 0.941231
0.264200, 0.941811
0.264300, 0.941635
0.264400, 0.941956
0.264500, 0.942657
0.264600, 0.942230
0.264700, 0.942673
0.264800, 0.942940
0.264900, 0.941971
0.265000, 0.942657
0.265100, 0.942841
0.265200, 0.943634
0.265300, 0.942284
0.265400, 0.943420
0.265500, 0.942993
0.265600, 0.943161
0.265700, 0.943649
0.265800, 0.943642
0.265900, 0.944199
0.266000, 0.943619
0.266100, 0.944290
0.266200, 0.945068
0.266300, 0.944633
0.266400, 0.945007
0.266500, 0.945122
0.266600, 0.945801
0.266700, 0.945190
0.266800, 0.945404
0.266900, 0.945282
0.267000, 0.946030
0.267100, 0.945953
0.267200, 0.945641
0.267300, 0.946442
0.267400, 0.946823
0.267500, 0.946999
0.267600, 0.946457
0.267700, 0.946426
0.267800, 0.946861
0.267900, 0.947495
0.268000, 0.947105
0.268100, 0.947594
0.268200, 0.947784
0.268300, 0.947449
0.268400, 0.947304
0.268500, 0.947342
0.268600, 0.948578
0.268700, 0.948242
0.268800, 0.949005
0.268900, 0.948502
0.269000, 0.948601
0.269100, 0.949081
0.269200, 0.948586
0.269300, 0.948730
0.269400, 0.949478
0.269500, 0.949814
0.269600, 0.949799
0.269700, 0.949394
0.269800, 0.949959
0.269900, 0.949600
0.270000, 0.950241
0.270100, 0.950119
0.270200, 0.950882
0.270300, 0.950363
0.270400, 0.950890
0.270500, 0.951218
0.270600, 0.952034
0.270700, 0.951591
0.270800, 0.951408
0.270900, 0.951721
0.271000, 0.951324
0.271100, 0.952057
0.271200, 0.951691
0.271300, 0.952271
0.271400, 0.951859
0.271500, 0.952866
0.271600, 0.952896
0.271700, 0.953476
0.271800, 0.952789
0.271900, 0.953720
0.272000, 0.953636
0.272100, 0.952995
0.272200, 0.953537
0.272300, 0.953705
0.272400, 0.954018
0.272500, 0.953873
0.272600, 0.953888
0.272700, 0.954239
0.272800, 0.954590
0.272900, 0.954269
0.273000, 0.954445
0.273100, 0.955215
0.273200, 0.954865
0.273300, 0.955307
0.273400, 0.955734
0.273500, 0.955246
0.273600, 0.955612
0.273700, 0.955620
0.273800, 0.955643
0.273900, 0.955589
0.274000, 0.956070
0.274100, 0.955887
0.274200, 0.956322
0.274300, 0.956390
0.274400, 0.956909
0.274500, 0.956169
0.274600, 0.956863
0.274700, 0.957008
0.274800, 0.957024
0.274900, 0.957092
0.275000, 0.957443
0.275100, 0.958115
0.275200, 0.957504
0.275300, 0.957588
0.275400, 0.958054
0.275500, 0.957840
0.275600, 0.958420
0.275700, 0.958214
0.275800, 0.957909
0.275900, 0.958801
0.276000, 0.958649
0.276100, 0.959381
0.276200, 0.959335
0.276300, 0.959534
0.276400, 0.959267
0.276500, 0.959724
0.276600, 0.959457
0.276700, 0.958984
0.276800, 0.960640
0.276900, 0.960144
0.277000, 0.960464
0.277100, 0.960297
0.277200, 0.960548
0.277300, 0.960579
0.277400, 0.960022
0.277500, 0.960732
0.277600, 0.961029
0.277700, 0.960693
0.277800, 0.961136
0.277900, 0.960686
0.278000, 0.961266
0.278100, 0.961960
0.278200, 0.961800
0.278300, 0.961456
0.278400, 0.961594
0.278500, 0.962021
0.278600, 0.961845
0.278700, 0.962250
0.278800, 0.962173
0.278900, 0.962936
0.279000, 0.962860
0.279100, 0.962837
0.279200, 0.963570
0.279300, 0.962845
0.279400, 0.963287
0.279500, 0.963356
0.279600, 0.963547
0.279700, 0.964279
0.279800, 0.964157
0.279900, 0.963585
0.280000, 0.963959
0.280100, 0.963905
0.280200, 0.964920
0.280300, 0.964607
0.280400, 0.964798
0.280500, 0.964432
0.280600, 0.965019
0.280700, 0.965187
0.280800, 0.965080
0.280900, 0.965416
0.281000, 0.965355
0.281100, 0.965256
0.281200, 0.966003
0.281300, 0.965843
0.281400, 0.965981
0.281500, 0.965637
0.281600, 0.966644
0.281700, 0.966415
0.281800, 0.966446
0.281900, 0.966888
0.282000, 0.966812
0.282100, 0.967201
0.282200, 0.967186
0.282300, 0.967117
0.282400, 0.966927
0.282500, 0.967194
0.282600, 0.967171
0.282700, 0.968224
0.282800, 0.967957
0.282900, 0.968155
0.283000, 0.968422
0.283100, 0.968315
0.283200, 0.967705
0.283300, 0.968033
0.283400, 0.968674
0.283500, 0.969299
0.283600, 0.968567
0.283700, 0.969658
0.283800, 0.968658
0.283900, 0.969284
0.284000, 0.969376
0.284100, 0.969109
0.284200, 0.969757
0.284300, 0.969955
0.284400, 0.969955
0.284500, 0.969337
0.284600, 0.970673
0.284700, 0.969688
0.284800, 0.969742
0.284900, 0.969940
0.285000, 0.970505
0.285100, 0.971069
0.285200, 0.970383
0.285300, 0.971649
0.285400, 0.971237
0.285500, 0.971542
0.285600, 0.971786
0.285700, 0.970978
0.285800, 0.971947
0.285900, 0.972099
0.286000, 0.971420
0.286100, 0.971542
0.286200, 0.971741
0.286300, 0.972092
0.286400, 0.971931
0.286500, 0.972412
0.286600, 0.973816
0.286700, 0.972672
0.286800, 0.972717
0.286900, 0.973038
0.287000, 0.972878
0.287100, 0.973480
0.287200, 0.972839
0.287300, 0.973824
0.287400, 0.973701
0.287500, 0.974152
0.287600, 0.973480
0.287700, 0.974487
0.287800, 0.974342
0.287900, 0.974197
0.288000, 0.974449
0.288100, 0.974205
0.288200, 0.974396
0.288300, 0.974716
0.288400, 0.975006
0.288500, 0.975037
0.288600, 0.975586
0.288700, 0.975899
0.288800, 0.975540
0.288900, 0.975441
0.289000, 0.975433
0.289100, 0.975639
0.289200, 0.975784
0.289300, 0.976234
0.289400, 0.976097
0.289500, 0.976700
0.289600, 0.976608
0.289700, 0.975990
0.289800, 0.977058
0.289900, 0.976425
0.290000, 0.976273
0.290100, 0.977493
0.290200, 0.976700
0.290300, 0.976898
0.290400, 0.977089
0.290500, 0.977936
0.290600, 0.976761
0.290700, 0.977219
0.290800, 0.977806
0.290900, 0.977737
0.291000, 0.977821
0.291100, 0.977524
0.291200, 0.978500
0.291300, 0.978691
0.291400, 0.978615
0.291500, 0.979134
0.291600, 0.978378
0.291700, 0.979057
0.291800, 0.979294
0.291900, 0.978973
0.292000, 0.979469
0.292100, 0.979279
0.292200, 0.978989
0.292300, 0.979050
0.292400, 0.979416
0.292500, 0.980164
0.292600, 0.980064
0.292700, 0.980515
0.292800, 0.979675
0.292900, 0.980865
0.293000, 0.981186
0.293100, 0.980179
0.293200, 0.980484
0.293300, 0.980843
0.293400, 0.980812
0.293500, 0.980553
0.293600, 0.981232
0.293700, 0.980934
0.293800, 0.982018
0.293900, 0.981049
0.294000, 0.981789
0.294100, 0.981552
0.294200, 0.982506
0.294300, 0.982338
0.294400, 0.982071
0.294500, 0.982567
0.294600, 0.982262
0.294700, 0.982597
0.294800, 0.982140
0.294900, 0.982201
0.295000, 0.982933
0.295100, 0.983337
0.295200, 0.983452
0.295300, 0.982941
0.295400, 0.983810
0.295500, 0.982635
0.295600, 0.983749
0.295700, 0.983185
0.295800, 0.983612
0.295900, 0.983948
0.296000, 0.982986
0.296100, 0.984146
0.296200, 0.984299
0.296300, 0.984383
0.296400, 0.984238
0.296500, 0.984627
0.296600, 0.985023
0.296700, 0.985260
0.296800, 0.984138
0.296900, 0.985596
0.297000, 0.985046
0.297100, 0.984604
0.297200, 0.985466
0.297300, 0.985031
0.297400, 0.986572
0.297500, 0.986107
0.297600, 0.985596
0.297700, 0.986145
0.297800, 0.985359
0.297900, 0.986069
0.298000, 0.985847
0.298100, 0.985733
0.298200, 0.987495
0.298300, 0.986740
0.298400, 0.986305
0.298500, 0.986504
0.298600, 0.986679
0.298700, 0.987900
0.298800, 0.987251
0.298900, 0.987183
0.299000, 0.988182
0.299100, 0.987679
0.299200, 0.987747
0.299300, 0.987991
0.299400, 0.988228
0.299500, 0.987480
0.299600, 0.988052
0.299700, 0.988342
0.299800, 0.988228
0.299900, 0.988075
0.300000, 0.988724
0.300100, 0.988945
0.300200, 0.989174
0.300300, 0.988762
0.300400, 0.988983
0.300500, 0.988983
0.300600, 0.988831
0.300700, 0.989227
0.300800, 0.989357
0.300900, 0.990005
0.301000, 0.989883
0.301100, 0.989319
0.301200, 0.989655
0.301300, 0.989090
0.301400, 0.990128
0.301500, 0.990616
0.301600, 0.989891
0.301700, 0.991371
0.301800, 0.990349
0.301900, 0.990143
0.302000, 0.990997
0.302100, 0.990768
0.302200, 0.991264
0.302300, 0.991310
0.302400, 0.991631
0.302500, 0.991737
0.302600, 0.991119
0.302700, 0.991333
0.302800, 0.991699
0.302900, 0.991463
0.303000, 0.991348
0.303100, 0.991577
0.303200, 0.991386
0.303300, 0.992294
0.303400, 0.991989
0.303500, 0.992432
0.303600, 0.992737
0.303700, 0.992477
0.303800, 0.992683
0.303900, 0.993759
0.304000, 0.993355
0.304100, 0.993439
0.304200, 0.992691
0.304300, 0.993568
0.304400, 0.993210
0.304500, 0.992844
0.304600, 0.993553
0.304700, 0.993797
0.304800, 0.993881
0.304900, 0.993973
0.305000, 0.993866
0.305100, 0.994766
0.305200, 0.994415
0.305300, 0.994476
0.305400, 0.994568
0.305500, 0.994331
0.305600, 0.994331
0.305700, 0.995422
0.305800, 0.994568
0.305900, 0.994675
0.306000, 0.994904
0.306100, 0.995789
0.306200, 0.995529
0.306300, 0.995308
0.306400, 0.995430
0.306500, 0.996399
0.306600, 0.995438
0.306700, 0.995880
0.306800, 0.995728
0.306900, 0.995773
0.307000, 0.995941
0.307100, 0.996490
0.307200, 0.996140
0.307300, 0.996140
0.307400, 0.996368
0.307500, 0.996498
0.307600, 0.997078
0.307700, 0.996384
0.307800, 0.997040
0.307900, 0.997200
0.308000, 0.996834
0.308100, 0.997192
0.308200, 0.997726
0.308300, 0.996933
0.308400, 0.997398
0.308500, 0.997459
0.308600, 0.997604
0.308700, 0.997810
0.308800, 0.998940
0.308900, 0.998016
0.309000, 0.998329
0.309100, 0.998032
0.309200, 0.998085
0.309300, 0.998680
0.309400, 0.998169
0.309500, 0.998978
0.309600, 0.998856
0.309700, 0.998550
0.309800, 0.999313
0.309900, 0.999893
0.310000, 0.999229
0.310100, 0.999733
0.310200, 0.998985
0.310300, 0.999039
0.310400, 0.999313
0.310500, 1.000412
0.310600, 0.999672
0.310700, 1.000237
0.310800, 0.999718
0.310900, 0.999924
0.311000, 1.000839
0.311100, 1.000458
0.311200, 1.000504
0.311300, 1.000397
0.311400, 1.001259
0.311500, 1.000717
0.311600, 1.000710
0.311700, 1.000778
0.311800, 1.001175
0.311900, 1.001198
0.312000, 1.000801
0.312100, 1.000267
0.312200, 1.000809
0.312300, 1.001816
0.312400, 1.001480
0.312500, 1.001541
0.312600, 1.001587
0.312700, 1.001770
0.312800, 1.001831
0.312900, 1.001671
0.313000, 1.002518
0.313100, 1.001770
0.313200, 1.002586
0.313300, 1.002197
0.313400, 1.002426
0.313500, 1.002655
0.313600, 1.003113
0.313700, 1.002472
0.313800, 1.002983
0.313900, 1.002228
