0.000000, -0.012543
0.000100, -0.012024
0.000200, -0.011444
0.000300, -0.010666
0.000400, -0.010284
0.000500, -0.009712
0.000600, -0.008957
0.000700, -0.008026
0.000800, -0.007553
0.000900, -0.006775
0.001000, -0.006355
0.001100, -0.005478
0.001200, -0.005020
0.001300, -0.004662
0.001400, -0.003555
0.001500, -0.003609
0.001600, -0.002571
0.001700, -0.001961
0.001800, -0.001854
0.001900, -0.000549
0.002000, -0.000275
0.002100, 0.000610
0.002200, 0.001114
0.002300, 0.002411
0.002400, 0.002655
0.002500, 0.003479
0.002600, 0.003784
0.002700, 0.004478
0.002800, 0.004913
0.002900, 0.006348
0.003000, 0.005753
0.003100, 0.006630
0.003200, 0.007599
0.003300, 0.008087
0.003400, 0.008835
0.003500, 0.010056
0.003600, 0.010147
0.003700, 0.010803
0.003800, 0.011299
0.003900, 0.011917
0.004000, 0.012314
0.004100, 0.013367
0.004200, 0.014069
0.004300, 0.014404
0.004400, 0.014618
0.004500, 0.015739
0.004600, 0.016953
0.004700, 0.016983
0.004800, 0.017197
0.004900, 0.018219
0.005000, 0.018768
0.005100, 0.019653
0.005200, 0.020020
0.005300, 0.020401
0.005400, 0.020897
0.005500, 0.021370
0.005600, 0.022217
0.005700, 0.022980
0.005800, 0.023956
0.005900, 0.024536
0.006000, 0.024994
0.006100, 0.025589
0.006200, 0.026497
0.006300, 0.027145
0.006400, 0.027420
0.006500, 0.028015
0.006600, 0.029419
0.006700, 0.029472
0.006800, 0.029953
0.006900, 0.030594
0.007000, 0.031685
0.007100, 0.031479
0.007200, 0.032867
0.007300, 0.033043
0.007400, 0.033730
0.007500, 0.034256
0.007600, 0.034744
0.007700, 0.035355
0.007800, 0.036682
0.007900, 0.036957
0.008000, 0.037308
0.008100, 0.037872
0.008200, 0.038338
0.008300, 0.039192
0.008400, 0.040192
0.008500, 0.040977
0.008600, 0.041473
0.008700, 0.042282
0.008800, 0.042511
0.008900, 0.043343
0.009000, 0.044022
0.009100, 0.044502
0.009200, 0.044998
0.009300, 0.045731
0.009400, 0.046387
0.009500, 0.046471
0.009600, 0.047112
0.009700, 0.048019
0.009800, 0.048920
0.009900, 0.049164
0.010000, 0.049957
0.010100, 0.050880
0.010200, 0.051453
0.010300, 0.052094
0.010400, 0.052063
0.010500, 0.053627
0.010600, 0.053780
0.010700, 0.054436
0.010800, 0.054070
0.010900, 0.055122
0.011000, 0.056610
0.011100, 0.056343
0.011200, 0.057785
0.011300, 0.058258
0.011400, 0.059036
0.011500, 0.058838
0.011600, 0.059944
0.011700, 0.060623
0.011800, 0.061485
0.011900, 0.061615
0.012000, 0.062317
0.012100, 0.063248
0.012200, 0.063911
0.012300, 0.064270
0.012400, 0.064423
0.012500, 0.065147
0.012600, 0.066635
0.012700, 0.066956
0.012800, 0.067261
0.012900, 0.067764
0.013000, 0.068703
0.013100, 0.068848
0.013200, 0.069679
0.013300, 0.071007
0.013400, 0.071404
0.013500, 0.071289
0.013600, 0.072350
0.013700, 0.072479
0.013800, 0.073708
0.013900, 0.073746
0.014000, 0.074799
0.014100, 0.075722
0.014200, 0.076073
0.014300, 0.076584
0.014400, 0.077072
0.014500, 0.077675
0.014600, 0.078545
0.014700, 0.078873
0.014800, 0.079552
0.014900, 0.080475
0.015000, 0.080460
0.015100, 0.081429
0.015200, 0.082100
0.015300, 0.082260
0.015400, 0.083542
0.015500, 0.083984
0.015600, 0.084335
0.015700, 0.084915
0.015800, 0.085533
0.015900, 0.086487
0.016000, 0.086479
0.016100, 0.087395
0.016200, 0.088425
0.016300, 0.088715
0.016400, 0.089500
0.016500, 0.089905
0.016600, 0.090446
0.016700, 0.091011
0.016800, 0.092209
0.016900, 0.092514
0.017000, 0.093384
0.017100, 0.093636
0.017200, 0.094330
0.017300, 0.094635
0.017400, 0.095360
0.017500, 0.096077
0.017600, 0.096642
0.017700, 0.097244
0.017800, 0.097725
0.017900, 0.098206
0.018000, 0.098999
0.018100, 0.099861
0.018200, 0.100113
0.018300, 0.100746
0.018400, 0.101082
0.018500, 0.101860
0.018600, 0.103088
0.018700, 0.103455
0.018800, 0.103783
0.018900, 0.105095
0.019000, 0.105362
0.019100, 0.106064
0.019200, 0.106224
0.019300, 0.106903
0.019400, 0.107254
0.019500, 0.107605
0.019600, 0.108948
0.019700, 0.109505
0.019800, 0.110023
0.019900, 0.110497
0.020000, 0.111160
0.020100, 0.111572
0.020200, 0.112427
0.020300, 0.113457
0.020400, 0.113731
0.020500, 0.114288
0.020600, 0.115204
0.020700, 0.115318
0.020800, 0.116249
0.020900, 0.117294
0.021000, 0.117867
0.021100, 0.118027
0.021200, 0.118446
0.021300, 0.119308
0.021400, 0.119713
0.021500, 0.120529
0.021600, 0.121811
0.021700, 0.121239
0.021800, 0.121857
0.021900, 0.122757
0.022000, 0.123657
0.022100, 0.123871
0.022200, 0.124947
0.022300, 0.124695
0.022400, 0.125839
0.022500, 0.126793
0.022600, 0.126801
0.022700, 0.127625
0.022800, 0.128349
0.022900, 0.128502
0.023000, 0.129974
0.023100, 0.130333
0.023200, 0.130928
0.023300, 0.131348
0.023400, 0.131729
0.023500, 0.132393
0.023600, 0.133789
0.023700, 0.133438
0.023800, 0.134506
0.023900, 0.134430
0.024000, 0.135284
0.024100, 0.135696
0.024200, 0.136467
0.024300, 0.137634
0.024400, 0.137024
0.024500, 0.138367
0.024600, 0.138863
0.024700, 0.139420
0.024800, 0.140175
0.024900, 0.141037
0.025000, 0.141556
0.025100, 0.141800
0.025200, 0.142288
0.025300, 0.143295
0.025400, 0.143730
0.025500, 0.144211
0.025600, 0.144730
0.025700, 0.145569
0.025800, 0.146347
0.025900, 0.147270
0.026000, 0.147697
0.026100, 0.147987
0.026200, 0.148560
0.026300, 0.149040
0.026400, 0.149292
0.026500, 0.150436
0.026600, 0.151054
0.026700, 0.151794
0.026800, 0.152771
0.026900, 0.153198
0.027000, 0.153244
0.027100, 0.153595
0.027200, 0.154831
0.027300, 0.155113
0.027400, 0.156052
0.027500, 0.156189
0.027600, 0.156754
0.027700, 0.157318
0.027800, 0.158447
0.027900, 0.158463
0.028000, 0.159592
0.028100, 0.160324
0.028200, 0.161194
0.028300, 0.161598
0.028400, 0.162193
0.028500, 0.162674
0.028600, 0.163017
0.028700, 0.163345
0.028800, 0.164101
0.028900, 0.164597
0.029000, 0.165375
0.029100, 0.165817
0.029200, 0.166245
0.029300, 0.167053
0.029400, 0.167618
0.029500, 0.168121
0.029600, 0.168869
0.029700, 0.169212
0.029800, 0.170227
0.029900, 0.170525
0.030000, 0.171196
0.030100, 0.171707
0.030200, 0.172279
0.030300, 0.173225
0.030400, 0.173714
0.030500, 0.174461
0.030600, 0.175346
0.030700, 0.175644
0.030800, 0.175476
0.030900, 0.176521
0.031000, 0.177414
0.031100, 0.177811
0.031200, 0.178268
0.031300, 0.178757
0.031400, 0.179230
0.031500, 0.180145
0.031600, 0.180664
0.031700, 0.181557
0.031800, 0.182220
0.031900, 0.182587
0.032000, 0.182953
0.032100, 0.183372
0.032200, 0.184212
0.032300, 0.184982
0.032400, 0.185616
0.032500, 0.185989
0.032600, 0.187057
0.032700, 0.187347
0.032800, 0.187759
0.032900, 0.188477
0.033000, 0.189041
0.033100, 0.189514
0.033200, 0.189659
0.033300, 0.190689
0.033400, 0.191101
0.033500, 0.191498
0.033600, 0.192337
0.033700, 0.192924
0.033800, 0.193718
0.033900, 0.194588
0.034000, 0.194435
0.034100, 0.195572
0.034200, 0.196152
0.034300, 0.196770
0.034400, 0.197311
0.034500, 0.197418
0.034600, 0.198296
0.034700, 0.199120
0.034800, 0.199173
0.034900, 0.200256
0.035000, 0.199982
0.035100, 0.200546
0.035200, 0.202263
0.035300, 0.202637
0.035400, 0.203339
0.035500, 0.203796
0.035600, 0.204391
0.035700, 0.204262
0.035800, 0.205063
0.035900, 0.205658
0.036000, 0.206154
0.036100, 0.206551
0.036200, 0.207809
0.036300, 0.208122
0.036400, 0.208893
0.036500, 0.209328
0.036600, 0.209885
0.036700, 0.210617
0.036800, 0.211288
0.036900, 0.210785
0.037000, 0.212509
0.037100, 0.212936
0.037200, 0.213722
0.037300, 0.214180
0.037400, 0.214752
0.037500, 0.215279
0.037600, 0.215309
0.037700, 0.216568
0.037800, 0.216942
0.037900, 0.217545
0.038000, 0.217690
0.038100, 0.218277
0.038200, 0.218956
0.038300, 0.220062
0.038400, 0.220001
0.038500, 0.220627
0.038600, 0.221863
0.038700, 0.221832
0.038800, 0.222389
0.038900, 0.223412
0.039000, 0.224258
0.039100, 0.224518
0.039200, 0.225159
0.039300, 0.225845
0.039400, 0.225647
0.039500, 0.226761
0.039600, 0.227730
0.039700, 0.228104
0.039800, 0.229218
0.039900, 0.229202
0.040000, 0.229347
0.040100, 0.230949
0.040200, 0.230988
0.040300, 0.231377
0.040400, 0.232040
0.040500, 0.232788
0.040600, 0.233498
0.040700, 0.233612
0.040800, 0.234009
0.040900, 0.234985
0.041000, 0.235565
0.041100, 0.235832
0.041200, 0.236946
0.041300, 0.237015
0.041400, 0.237823
0.041500, 0.238464
0.041600, 0.239250
0.041700, 0.239822
0.041800, 0.239914
0.041900, 0.240852
0.042000, 0.241318
0.042100, 0.241722
0.042200, 0.242172
0.042300, 0.243347
0.042400, 0.243118
0.042500, 0.244156
0.042600, 0.244263
0.042700, 0.245132
0.042800, 0.245987
0.042900, 0.246124
0.043000, 0.246796
0.043100, 0.247559
0.043200, 0.247696
0.043300, 0.248520
0.043400, 0.249115
0.043500, 0.249901
0.043600, 0.250404
0.043700, 0.251053
0.043800, 0.251587
0.043900, 0.251999
0.044000, 0.252625
0.044100, 0.253105
0.044200, 0.253662
0.044300, 0.254883
0.044400, 0.255249
0.044500, 0.255470
0.044600, 0.255959
0.044700, 0.256989
0.044800, 0.256729
0.044900, 0.257637
0.045000, 0.258339
0.045100, 0.258881
0.045200, 0.259544
0.045300, 0.259575
0.045400, 0.260696
0.045500, 0.261177
0.045600, 0.261909
0.045700, 0.262306
0.045800, 0.262993
0.045900, 0.263779
0.046000, 0.263649
0.046100, 0.264351
0.046200, 0.265030
0.046300, 0.265388
0.046400, 0.266441
0.046500, 0.266785
0.046600, 0.267769
0.046700, 0.268242
0.046800, 0.268524
0.046900, 0.269547
0.047000, 0.269821
0.047100, 0.270668
0.047200, 0.270935
0.047300, 0.271683
0.047400, 0.272598
0.047500, 0.272522
0.047600, 0.273392
0.047700, 0.273819
0.047800, 0.274033
0.047900, 0.274361
0.048000, 0.275574
0.048100, 0.275414
0.048200, 0.276726
0.048300, 0.277283
0.048400, 0.278008
0.048500, 0.278305
0.048600, 0.278503
0.048700, 0.279121
0.048800, 0.279755
0.048900, 0.280151
0.049000, 0.280647
0.049100, 0.281296
0.049200, 0.282028
0.049300, 0.282486
0.049400, 0.283615
0.049500, 0.283073
0.049600, 0.284187
0.049700, 0.284683
0.049800, 0.285126
0.049900, 0.286827
0.050000, 0.286591
0.050100, 0.287521
0.050200, 0.286888
0.050300, 0.288765
0.050400, 0.288467
0.050500, 0.289062
0.050600, 0.289650
0.050700, 0.290466
0.050800, 0.291092
0.050900, 0.291595
0.051000, 0.292892
0.051100, 0.292572
0.051200, 0.293427
0.051300, 0.294479
0.051400, 0.294662
0.051500, 0.294785
0.051600, 0.295479
0.051700, 0.295990
0.051800, 0.296417
0.051900, 0.296669
0.052000, 0.297455
0.052100, 0.298462
0.052200, 0.298943
0.052300, 0.299904
0.052400, 0.300095
0.052500, 0.300529
0.052600, 0.301025
0.052700, 0.301743
0.052800, 0.302643
0.052900, 0.303307
0.053000, 0.303314
0.053100, 0.303970
0.053200, 0.304619
0.053300, 0.305099
0.053400, 0.305519
0.053500, 0.306351
0.053600, 0.306992
0.053700, 0.307129
0.053800, 0.307892
0.053900, 0.308426
0.054000, 0.308365
0.054100, 0.309288
0.054200, 0.310089
0.054300, 0.310776
0.054400, 0.311119
0.054500, 0.311661
0.054600, 0.311829
0.054700, 0.312439
0.054800, 0.313423
0.054900, 0.314133
0.055000, 0.314682
0.055100, 0.315720
0.055200, 0.316048
0.055300, 0.316063
0.055400, 0.316620
0.055500, 0.317032
0.055600, 0.318054
0.055700, 0.318390
0.055800, 0.318954
0.055900, 0.319397
0.056000, 0.320221
0.056100, 0.320328
0.056200, 0.321198
0.056300, 0.321533
0.056400, 0.322556
0.056500, 0.322746
0.056600, 0.322983
0.056700, 0.324234
0.056800, 0.323868
0.056900, 0.325203
0.057000, 0.325653
0.057100, 0.325745
0.057200, 0.326233
0.057300, 0.326828
0.057400, 0.328217
0.057500, 0.328354
0.057600, 0.328178
0.057700, 0.329239
0.057800, 0.328842
0.057900, 0.330315
0.058000, 0.330795
0.058100, 0.331818
0.058200, 0.331940
0.058300, 0.332825
0.058400, 0.332764
0.058500, 0.333649
0.058600, 0.334595
0.058700, 0.334511
0.058800, 0.335068
0.058900, 0.335724
0.059000, 0.336914
0.059100, 0.336739
0.059200, 0.337326
0.059300, 0.338242
0.059400, 0.338799
0.059500, 0.338699
0.059600, 0.339867
0.059700, 0.340775
0.059800, 0.341187
0.059900, 0.341248
0.060000, 0.341660
0.060100, 0.342331
0.060200, 0.342796
0.060300, 0.343742
0.060400, 0.343681
0.060500, 0.344757
0.060600, 0.345123
0.060700, 0.345726
0.060800, 0.346176
0.060900, 0.346436
0.061000, 0.347176
0.061100, 0.348358
0.061200, 0.348511
0.061300, 0.348724
0.061400, 0.349266
0.061500, 0.350128
0.061600, 0.350700
0.061700, 0.350891
0.061800, 0.351082
0.061900, 0.352158
0.062000, 0.352982
0.062100, 0.353851
0.062200, 0.354012
0.062300, 0.354401
0.062400, 0.354797
0.062500, 0.355576
0.062600, 0.356354
0.062700, 0.356461
0.062800, 0.356735
0.062900, 0.357956
0.063000, 0.357750
0.063100, 0.358627
0.063200, 0.359200
0.063300, 0.360138
0.063400, 0.360184
0.063500, 0.361298
0.063600, 0.361221
0.063700, 0.362198
0.063800, 0.362892
0.063900, 0.362564
0.064000, 0.363686
0.064100, 0.364212
0.064200, 0.364449
0.064300, 0.365295
0.064400, 0.365852
0.064500, 0.366615
0.064600, 0.366608
0.064700, 0.367462
0.064800, 0.368134
0.064900, 0.368431
0.065000, 0.368805
0.065100, 0.369888
0.065200, 0.369652
0.065300, 0.370735
0.065400, 0.371552
0.065500, 0.371841
0.065600, 0.372314
0.065700, 0.372002
0.065800, 0.373238
0.065900, 0.374176
0.066000, 0.374054
0.066100, 0.374977
0.066200, 0.375511
0.066300, 0.375870
0.066400, 0.375999
0.066500, 0.377090
0.066600, 0.377182
0.066700, 0.378136
0.066800, 0.378723
0.066900, 0.379654
0.067000, 0.379593
0.067100, 0.380150
0.067200, 0.380852
0.067300, 0.381317
0.067400, 0.381851
0.067500, 0.382240
0.067600, 0.382896
0.067700, 0.383492
0.067800, 0.384064
0.067900, 0.384438
0.068000, 0.385040
0.068100, 0.384705
0.068200, 0.385719
0.068300, 0.386566
0.068400, 0.387199
0.068500, 0.388016
0.068600, 0.388405
0.068700, 0.389252
0.068800, 0.389503
0.068900, 0.389526
0.069000, 0.390152
0.069100, 0.390564
0.069200, 0.391663
0.069300, 0.391869
0.069400, 0.392464
0.069500, 0.392921
0.069600, 0.393333
0.069700, 0.394020
0.069800, 0.394547
0.069900, 0.395271
0.070000, 0.395432
0.070100, 0.396194
0.070200, 0.396606
0.070300, 0.397095
0.070400, 0.397789
0.070500, 0.398384
0.070600, 0.398895
0.070700, 0.399269
0.070800, 0.400291
0.070900, 0.400085
0.071000, 0.401215
0.071100, 0.401550
0.071200, 0.401718
0.071300, 0.402618
0.071400, 0.402618
0.071500, 0.403389
0.071600, 0.404266
0.071700, 0.404350
0.071800, 0.405304
0.071900, 0.405289
0.072000, 0.406006
0.072100, 0.407120
0.072200, 0.408020
0.072300, 0.407280
0.072400, 0.408554
0.072500, 0.408379
0.072600, 0.409004
0.072700, 0.410072
0.072800, 0.410492
0.072900, 0.410858
0.073000, 0.411728
0.073100, 0.411911
0.073200, 0.412292
0.073300, 0.412079
0.073400, 0.413536
0.073500, 0.413971
0.073600, 0.413330
0.073700, 0.414581
0.073800, 0.415359
0.073900, 0.415604
0.074000, 0.416061
0.074100, 0.416397
0.074200, 0.417725
0.074300, 0.418098
0.074400, 0.418930
0.074500, 0.418915
0.074600, 0.419518
0.074700, 0.420418
0.074800, 0.420944
0.074900, 0.421257
0.075000, 0.421890
0.075100, 0.421738
0.075200, 0.422897
0.075300, 0.423798
0.075400, 0.424049
0.075500, 0.424393
0.075600, 0.424385
0.075700, 0.425362
0.075800, 0.426064
0.075900, 0.426346
0.076000, 0.426743
0.076100, 0.427063
0.076200, 0.428040
0.076300, 0.428169
0.076400, 0.428886
0.076500, 0.429565
0.076600, 0.430084
0.076700, 0.430725
0.076800, 0.431152
0.076900, 0.431992
0.077000, 0.431885
0.077100, 0.432724
0.077200, 0.433464
0.077300, 0.433731
0.077400, 0.433411
0.077500, 0.434204
0.077600, 0.435005
0.077700, 0.435585
0.077800, 0.435715
0.077900, 0.436371
0.078000, 0.436966
0.078100, 0.438416
0.078200, 0.438423
0.078300, 0.438538
0.078400, 0.439751
0.078500, 0.439285
0.078600, 0.439766
0.078700, 0.440971
0.078800, 0.441635
0.078900, 0.441444
0.079000, 0.442177
0.079100, 0.442680
0.079200, 0.443489
0.079300, 0.444016
0.079400, 0.444580
0.079500, 0.444344
0.079600, 0.445145
0.079700, 0.445992
0.079800, 0.446556
0.079900, 0.446747
0.080000, 0.447250
0.080100, 0.447853
0.080200, 0.448700
0.080300, 0.448669
0.080400, 0.449463
0.080500, 0.449898
0.080600, 0.450188
0.080700, 0.451340
0.080800, 0.451561
0.080900, 0.452393
0.081000, 0.453011
0.081100, 0.453232
0.081200, 0.453438
0.081300, 0.454391
0.081400, 0.454521
0.081500, 0.454979
0.081600, 0.455780
0.081700, 0.455528
0.081800, 0.456673
0.081900, 0.456802
0.082000, 0.457123
0.082100, 0.457825
0.082200, 0.458565
0.082300, 0.458946
0.082400, 0.459763
0.082500, 0.460007
0.082600, 0.460350
0.082700, 0.460617
0.082800, 0.461639
0.082900, 0.462143
0.083000, 0.462250
0.083100, 0.463211
0.083200, 0.463623
0.083300, 0.464241
0.083400, 0.464600
0.083500, 0.464981
0.083600, 0.465553
0.083700, 0.466171
0.083800, 0.466446
0.083900, 0.467407
0.084000, 0.467621
0.084100, 0.468353
0.084200, 0.468353
0.084300, 0.468979
0.084400, 0.469742
0.084500, 0.469948
0.084600, 0.470268
0.084700, 0.471428
0.084800, 0.471588
0.084900, 0.472610
0.085000, 0.473206
0.085100, 0.473213
0.085200, 0.474182
0.085300, 0.474365
0.085400, 0.474785
0.085500, 0.475243
0.085600, 0.475571
0.085700, 0.476288
0.085800, 0.476501
0.085900, 0.477295
0.086000, 0.477310
0.086100, 0.478134
0.086200, 0.478424
0.086300, 0.479584
0.086400, 0.479576
0.086500, 0.479683
0.086600, 0.480240
0.086700, 0.480835
0.086800, 0.481720
0.086900, 0.482086
0.087000, 0.482407
0.087100, 0.483292
0.087200, 0.483444
0.087300, 0.483665
0.087400, 0.484169
0.087500, 0.485565
0.087600, 0.485779
0.087700, 0.485840
0.087800, 0.486870
0.087900, 0.487183
0.088000, 0.487961
0.088100, 0.488205
0.088200, 0.488358
0.088300, 0.488930
0.088400, 0.489365
0.088500, 0.489967
0.088600, 0.490479
0.088700, 0.490570
0.088800, 0.491699
0.088900, 0.492004
0.089000, 0.493202
0.089100, 0.493164
0.089200, 0.493904
0.089300, 0.493866
0.089400, 0.494576
0.089500, 0.495064
0.089600, 0.495872
0.089700, 0.495728
0.089800, 0.496338
0.089900, 0.496628
0.090000, 0.497406
0.090100, 0.497849
0.090200, 0.498611
0.090300, 0.498222
0.090400, 0.499352
0.090500, 0.499710
0.090600, 0.500153
0.090700, 0.500946
0.090800, 0.501129
0.090900, 0.501732
0.091000, 0.502151
0.091100, 0.502991
0.091200, 0.503586
0.091300, 0.503571
0.091400, 0.503891
0.091500, 0.504395
0.091600, 0.505234
0.091700, 0.505684
0.091800, 0.506561
0.091900, 0.506836
0.092000, 0.507172
0.092100, 0.507896
0.092200, 0.507874
0.092300, 0.508209
0.092400, 0.508842
0.092500, 0.508904
0.092600, 0.510078
0.092700, 0.509903
0.092800, 0.511009
0.092900, 0.511520
0.093000, 0.512016
0.093100, 0.512497
0.093200, 0.512863
0.093300, 0.513283
0.093400, 0.513733
0.093500, 0.514122
0.093600, 0.515152
0.093700, 0.515396
0.093800, 0.516090
0.093900, 0.515862
0.094000, 0.517105
0.094100, 0.517212
0.094200, 0.518089
0.094300, 0.518326
0.094400, 0.518677
0.094500, 0.519348
0.094600, 0.519051
0.094700, 0.520256
0.094800, 0.520020
0.094900, 0.521255
0.095000, 0.521667
0.095100, 0.521721
0.095200, 0.522446
0.095300, 0.522690
0.095400, 0.523735
0.095500, 0.523453
0.095600, 0.524139
0.095700, 0.524994
0.095800, 0.525749
0.095900, 0.525894
0.096000, 0.526482
0.096100, 0.527000
0.096200, 0.527573
0.096300, 0.527115
0.096400, 0.528275
0.096500, 0.528740
0.096600, 0.529129
0.096700, 0.529610
0.096800, 0.529617
0.096900, 0.530708
0.097000, 0.531143
0.097100, 0.531418
0.097200, 0.532196
0.097300, 0.532394
0.097400, 0.532448
0.097500, 0.533417
0.097600, 0.534554
0.097700, 0.534256
0.097800, 0.535042
0.097900, 0.535645
0.098000, 0.535522
0.098100, 0.536293
0.098200, 0.536667
0.098300, 0.536926
0.098400, 0.537827
0.098500, 0.538116
0.098600, 0.538803
0.098700, 0.539566
0.098800, 0.539246
0.098900, 0.540039
0.099000, 0.540398
0.099100, 0.541077
0.099200, 0.541306
0.099300, 0.541809
0.099400, 0.542564
0.099500, 0.542839
0.099600, 0.543579
0.099700, 0.543839
0.099800, 0.544281
0.099900, 0.544708
0.100000, 0.545303
0.100100, 0.546265
0.100200, 0.546364
0.100300, 0.546341
0.100400, 0.547180
0.100500, 0.547737
0.100600, 0.547989
0.100700, 0.548767
0.100800, 0.549301
0.100900, 0.549820
0.101000, 0.549622
0.101100, 0.550446
0.101200, 0.550949
0.101300, 0.551468
0.101400, 0.551758
0.101500, 0.552216
0.101600, 0.552551
0.101700, 0.553001
0.101800, 0.553497
0.101900, 0.553650
0.102000, 0.554482
0.102100, 0.555290
0.102200, 0.555183
0.102300, 0.555687
0.102400, 0.556320
0.102500, 0.556946
0.102600, 0.556778
0.102700, 0.558311
0.102800, 0.558273
0.102900, 0.558823
0.103000, 0.559807
0.103100, 0.559616
0.103200, 0.560638
0.103300, 0.560944
0.103400, 0.562012
0.103500, 0.561279
0.103600, 0.562256
0.103700, 0.562668
0.103800, 0.562805
0.103900, 0.563271
0.104000, 0.564056
0.104100, 0.563858
0.104200, 0.564651
0.104300, 0.565475
0.104400, 0.565643
0.104500, 0.566452
0.104600, 0.566742
0.104700, 0.566864
0.104800, 0.567375
0.104900, 0.568024
0.105000, 0.568489
0.105100, 0.568436
0.105200, 0.569183
0.105300, 0.569962
0.105400, 0.570160
0.105500, 0.570564
0.105600, 0.571411
0.105700, 0.571587
0.105800, 0.572205
0.105900, 0.572525
0.106000, 0.572784
0.106100, 0.574188
0.106200, 0.573181
0.106300, 0.574905
0.106400, 0.574814
0.106500, 0.575096
0.106600, 0.575119
0.106700, 0.576553
0.106800, 0.576523
0.106900, 0.576775
0.107000, 0.577446
0.107100, 0.578049
0.107200, 0.578140
0.107300, 0.579041
0.107400, 0.579407
0.107500, 0.579849
0.107600, 0.580643
0.107700, 0.580719
0.107800, 0.580795
0.107900, 0.582092
0.108000, 0.581940
0.108100, 0.581993
0.108200, 0.582916
0.108300, 0.583183
0.108400, 0.583893
0.108500, 0.584465
0.108600, 0.584694
0.108700, 0.585556
0.108800, 0.586304
0.108900, 0.586166
0.109000, 0.586380
0.109100, 0.587463
0.109200, 0.586922
0.109300, 0.587891
0.109400, 0.588028
0.109500, 0.588417
0.109600, 0.588913
0.109700, 0.589607
0.109800, 0.590179
0.109900, 0.590591
0.110000, 0.591797
0.110100, 0.590515
0.110200, 0.591705
0.110300, 0.592125
0.110400, 0.592392
0.110500, 0.593155
0.110600, 0.593666
0.110700, 0.593956
0.110800, 0.595108
0.110900, 0.595016
0.111000, 0.595085
0.111100, 0.595612
0.111200, 0.596359
0.111300, 0.597290
0.111400, 0.596970
0.111500, 0.597717
0.111600, 0.598099
0.111700, 0.598412
0.111800, 0.598640
0.111900, 0.599136
0.112000, 0.600044
0.112100, 0.599747
0.112200, 0.600449
0.112300, 0.601448
0.112400, 0.601845
0.112500, 0.601578
0.112600, 0.602753
0.112700, 0.602722
0.112800, 0.603371
0.112900, 0.603828
0.113000, 0.604210
0.113100, 0.604698
0.113200, 0.605133
0.113300, 0.605804
0.113400, 0.606033
0.113500, 0.606476
0.113600, 0.606529
0.113700, 0.607491
0.113800, 0.607239
0.113900, 0.608025
0.114000, 0.608200
0.114100, 0.609055
0.114200, 0.609543
0.114300, 0.609558
0.114400, 0.610245
0.114500, 0.610748
0.114600, 0.611320
0.114700, 0.611847
0.114800, 0.612694
0.114900, 0.612747
0.115000, 0.613144
0.115100, 0.613495
0.115200, 0.613861
0.115300, 0.615250
0.115400, 0.614487
0.115500, 0.615585
0.115600, 0.616013
0.115700, 0.616074
0.115800, 0.616600
0.115900, 0.617485
0.116000, 0.617592
0.116100, 0.617783
0.116200, 0.617722
0.116300, 0.618759
0.116400, 0.618896
0.116500, 0.619469
0.116600, 0.619934
0.116700, 0.620636
0.116800, 0.620834
0.116900, 0.621651
0.117000, 0.622162
0.117100, 0.622192
0.117200, 0.622391
0.117300, 0.622894
0.117400, 0.623627
0.117500, 0.623581
0.117600, 0.624535
0.117700, 0.624512
0.117800, 0.625214
0.117900, 0.625107
0.118000, 0.626190
0.118100, 0.626076
0.118200, 0.627083
0.118300, 0.627090
0.118400, 0.627953
0.118500, 0.627823
0.118600, 0.628586
0.118700, 0.629028
0.118800, 0.629623
0.118900, 0.629829
0.119000, 0.630249
0.119100, 0.630798
0.119200, 0.631790
0.119300, 0.631516
0.119400, 0.631744
0.119500, 0.633072
0.119600, 0.632523
0.119700, 0.633591
0.119800, 0.633728
0.119900, 0.634033
0.120000, 0.634117
0.120100, 0.634857
0.120200, 0.635468
0.120300, 0.636246
0.120400, 0.635544
0.120500, 0.636490
0.120600, 0.637695
0.120700, 0.637306
0.120800, 0.637695
0.120900, 0.638016
0.121000, 0.638824
0.121100, 0.639015
0.121200, 0.639717
0.121300, 0.640503
0.121400, 0.640121
0.121500, 0.640793
0.121600, 0.641495
0.121700, 0.641556
0.121800, 0.642349
0.121900, 0.642807
0.122000, 0.642776
0.122100, 0.643394
0.122200, 0.643814
0.122300, 0.643951
0.122400, 0.645119
0.122500, 0.645058
0.122600, 0.645432
0.122700, 0.645592
0.122800, 0.646103
0.122900, 0.646240
0.123000, 0.646759
0.123100, 0.647369
0.123200, 0.648277
0.123300, 0.648178
0.123400, 0.648529
0.123500, 0.649445
0.123600, 0.649948
0.123700, 0.650352
0.123800, 0.650497
0.123900, 0.650955
0.124000, 0.651619
0.124100, 0.652374
0.124200, 0.651978
0.124300, 0.652603
0.124400, 0.653015
0.124500, 0.653526
0.124600, 0.653542
0.124700, 0.654099
0.124800, 0.654678
0.124900, 0.655304
0.125000, 0.655251
0.125100, 0.655914
0.125200, 0.656219
0.125300, 0.657310
0.125400, 0.656921
0.125500, 0.657700
0.125600, 0.657623
0.125700, 0.658195
0.125800, 0.659088
0.125900, 0.659103
0.126000, 0.659500
0.126100, 0.659966
0.126200, 0.660255
0.126300, 0.660896
0.126400, 0.660507
0.126500, 0.661682
0.126600, 0.661453
0.126700, 0.662529
0.126800, 0.662895
0.126900, 0.663406
0.127000, 0.663528
0.127100, 0.663963
0.127200, 0.664505
0.127300, 0.664764
0.127400, 0.665710
0.127500, 0.665680
0.127600, 0.665802
0.127700, 0.666519
0.127800, 0.666878
0.127900, 0.667274
0.128000, 0.668488
0.128100, 0.668182
0.128200, 0.668159
0.128300, 0.669075
0.128400, 0.668839
0.128500, 0.669846
0.128600, 0.670387
0.128700, 0.669968
0.128800, 0.670891
0.128900, 0.671021
0.129000, 0.672104
0.129100, 0.672554
0.129200, 0.672142
0.129300, 0.673294
0.129400, 0.672951
0.129500, 0.673462
0.129600, 0.674065
0.129700, 0.674515
0.129800, 0.675133
0.129900, 0.675629
0.130000, 0.676338
0.130100, 0.676025
0.130200, 0.676712
0.130300, 0.676971
0.130400, 0.677460
0.130500, 0.677277
0.130600, 0.678375
0.130700, 0.678757
0.130800, 0.678528
0.130900, 0.679382
0.131000, 0.679802
0.131100, 0.680717
0.131200, 0.680428
0.131300, 0.680969
0.131400, 0.681946
0.131500, 0.681656
0.131600, 0.681961
0.131700, 0.682640
0.131800, 0.683167
0.131900, 0.683594
0.132000, 0.683662
0.132100, 0.684097
0.132200, 0.684624
0.132300, 0.685059
0.132400, 0.685410
0.132500, 0.685188
0.132600, 0.685997
0.132700, 0.686432
0.132800, 0.686844
0.132900, 0.687004
0.133000, 0.687202
0.133100, 0.688431
0.133200, 0.688644
0.133300, 0.688950
0.133400, 0.689240
0.133500, 0.689583
0.133600, 0.689812
0.133700, 0.690269
0.133800, 0.690872
0.133900, 0.690842
0.134000, 0.692192
0.134100, 0.692398
0.134200, 0.692085
0.134300, 0.692490
0.134400, 0.693069
0.134500, 0.693802
0.134600, 0.694199
0.134700, 0.694160
0.134800, 0.694923
0.134900, 0.695091
0.135000, 0.695557
0.135100, 0.695885
0.135200, 0.696747
0.135300, 0.696732
0.135400, 0.697556
0.135500, 0.697945
0.135600, 0.697449
0.135700, 0.698135
0.135800, 0.698875
0.135900, 0.698921
0.136000, 0.699417
0.136100, 0.699585
0.136200, 0.700516
0.136300, 0.700233
0.136400, 0.700684
0.136500, 0.701248
0.136600, 0.702072
0.136700, 0.702805
0.136800, 0.702095
0.136900, 0.703018
0.137000, 0.703171
0.137100, 0.703087
0.137200, 0.704300
0.137300, 0.705177
0.137400, 0.704521
0.137500, 0.705391
0.137600, 0.705872
0.137700, 0.706383
0.137800, 0.706238
0.137900, 0.707024
0.138000, 0.706604
0.138100, 0.707047
0.138200, 0.707527
0.138300, 0.708115
0.138400, 0.708298
0.138500, 0.709030
0.138600, 0.708824
0.138700, 0.709946
0.138800, 0.710007
0.138900, 0.710663
0.139000, 0.710800
0.139100, 0.710991
0.139200, 0.711960
0.139300, 0.712173
0.139400, 0.712372
0.139500, 0.713097
0.139600, 0.713028
0.139700, 0.713654
0.139800, 0.713959
0.139900, 0.714066
0.140000, 0.714867
0.140100, 0.714798
0.140200, 0.715195
0.140300, 0.716034
0.140400, 0.716064
0.140500, 0.716431
0.140600, 0.716888
0.140700, 0.717438
0.140800, 0.717560
0.140900, 0.718353
0.141000, 0.718246
0.141100, 0.718552
0.141200, 0.718788
0.141300, 0.720093
0.141400, 0.719383
0.141500, 0.720459
0.141600, 0.720253
0.141700, 0.720993
0.141800, 0.721344
0.141900, 0.721527
0.142000, 0.722214
0.142100, 0.722000
0.142200, 0.723106
0.142300, 0.723328
0.142400, 0.723572
0.142500, 0.723953
0.142600, 0.723938
0.142700, 0.724564
0.142800, 0.725098
0.142900, 0.725174
0.143000, 0.725914
0.143100, 0.726723
0.143200, 0.726715
0.143300, 0.726860
0.143400, 0.727005
0.143500, 0.727478
0.143600, 0.727768
0.143700, 0.728302
0.143800, 0.729111
0.143900, 0.728752
0.144000, 0.729568
0.144100, 0.730179
0.144200, 0.729515
0.144300, 0.730247
0.144400, 0.730881
0.144500, 0.731178
0.144600, 0.731567
0.144700, 0.731644
0.144800, 0.731995
0.144900, 0.732719
0.145000, 0.732841
0.145100, 0.733795
0.145200, 0.733795
0.145300, 0.733749
0.145400, 0.734055
0.145500, 0.734985
0.145600, 0.736107
0.145700, 0.735985
0.145800, 0.736084
0.145900, 0.736008
0.146000, 0.737015
0.146100, 0.736877
0.146200, 0.737411
0.146300, 0.737839
0.146400, 0.737862
0.146500, 0.738861
0.146600, 0.738640
0.146700, 0.739601
0.146800, 0.739746
0.146900, 0.740105
0.147000, 0.740631
0.147100, 0.740807
0.147200, 0.741470
0.147300, 0.741684
0.147400, 0.741699
0.147500, 0.741653
0.147600, 0.742752
0.147700, 0.742531
0.147800, 0.742836
0.147900, 0.742981
0.148000, 0.743721
0.148100, 0.743729
0.148200, 0.744133
0.148300, 0.744781
0.148400, 0.744881
0.148500, 0.745819
0.148600, 0.746384
0.148700, 0.745865
0.148800, 0.746597
0.148900, 0.746887
0.149000, 0.747345
0.149100, 0.747803
0.149200, 0.748291
0.149300, 0.748238
0.149400, 0.748856
0.149500, 0.749344
0.149600, 0.749512
0.149700, 0.750320
0.149800, 0.750229
0.149900, 0.750504
0.150000, 0.750977
0.150100, 0.751144
0.150200, 0.751511
0.150300, 0.751312
0.150400, 0.752579
0.150500, 0.752518
0.150600, 0.753395
0.150700, 0.753098
0.150800, 0.753998
0.150900, 0.753571
0.151000, 0.754349
0.151100, 0.754410
0.151200, 0.754974
0.151300, 0.755463
0.151400, 0.755463
0.151500, 0.756042
0.151600, 0.756302
0.151700, 0.756676
0.151800, 0.757202
0.151900, 0.757706
0.152000, 0.757561
0.152100, 0.758667
0.152200, 0.758408
0.152300, 0.758591
0.152400, 0.759514
0.152500, 0.759659
0.152600, 0.760254
0.152700, 0.760742
0.152800, 0.761490
0.152900, 0.761101
0.153000, 0.761360
0.153100, 0.761276
0.153200, 0.761536
0.153300, 0.762062
0.153400, 0.762398
0.153500, 0.762871
0.153600, 0.763062
0.153700, 0.763832
0.153800, 0.763664
0.153900, 0.764450
0.154000, 0.764412
0.154100, 0.764862
0.154200, 0.765221
0.154300, 0.765503
0.154400, 0.766167
0.154500, 0.766624
0.154600, 0.766724
0.154700, 0.767517
0.154800, 0.767365
0.154900, 0.768112
0.155000, 0.768501
0.155100, 0.768570
0.155200, 0.768707
0.155300, 0.769348
0.155400, 0.769577
0.155500, 0.769432
0.155600, 0.770035
0.155700, 0.770462
0.155800, 0.771042
0.155900, 0.770828
0.156000, 0.772041
0.156100, 0.771271
0.156200, 0.771263
0.156300, 0.772812
0.156400, 0.772171
0.156500, 0.773209
0.156600, 0.773697
0.156700, 0.773560
0.156800, 0.774178
0.156900, 0.774506
0.157000, 0.774429
0.157100, 0.775360
0.157200, 0.775612
0.157300, 0.775520
0.157400, 0.776176
0.157500, 0.776398
0.157600, 0.776642
0.157700, 0.777161
0.157800, 0.777382
0.157900, 0.777802
0.158000, 0.778137
0.158100, 0.778564
0.158200, 0.778336
0.158300, 0.779076
0.158400, 0.779816
0.158500, 0.779427
0.158600, 0.780464
0.158700, 0.780273
0.158800, 0.781143
0.158900, 0.781006
0.159000, 0.781410
0.159100, 0.781471
0.159200, 0.781815
0.159300, 0.782837
0.159400, 0.782639
0.159500, 0.782753
0.159600, 0.783112
0.159700, 0.783409
0.159800, 0.783844
0.159900, 0.784180
0.160000, 0.784531
0.160100, 0.784958
0.160200, 0.785294
0.160300, 0.785980
0.160400, 0.785683
0.160500, 0.786453
0.160600, 0.786514
0.160700, 0.787094
0.160800, 0.787361
0.160900, 0.787674
0.161000, 0.787979
0.161100, 0.788101
0.161200, 0.788879
0.161300, 0.788742
0.161400, 0.789078
0.161500, 0.789230
0.161600, 0.789490
0.161700, 0.790123
0.161800, 0.790070
0.161900, 0.790604
0.162000, 0.790985
0.162100, 0.791580
0.162200, 0.791641
0.162300, 0.792015
0.162400, 0.791885
0.162500, 0.792610
0.162600, 0.792854
0.162700, 0.793030
0.162800, 0.793510
0.162900, 0.794235
0.163000, 0.794533
0.163100, 0.794594
0.163200, 0.794762
0.163300, 0.794952
0.163400, 0.795959
0.163500, 0.795967
0.163600, 0.796066
0.163700, 0.796326
0.163800, 0.796402
0.163900, 0.797691
0.164000, 0.797173
0.164100, 0.798019
0.164200, 0.797951
0.164300, 0.798683
0.164400, 0.798897
0.164500, 0.798988
0.164600, 0.798874
0.164700, 0.799408
0.164800, 0.799805
0.164900, 0.799782
0.165000, 0.800674
0.165100, 0.801056
0.165200, 0.801003
0.165300, 0.801727
0.165400, 0.801346
0.165500, 0.801636
0.165600, 0.802330
0.165700, 0.802399
0.165800, 0.802910
0.165900, 0.803482
0.166000, 0.803551
0.166100, 0.803787
0.166200, 0.804138
0.166300, 0.804604
0.166400, 0.804558
0.166500, 0.804649
0.166600, 0.805458
0.166700, 0.806450
0.166800, 0.805962
0.166900, 0.806229
0.167000, 0.806732
0.167100, 0.807007
0.167200, 0.807358
0.167300, 0.807480
0.167400, 0.807800
0.167500, 0.808212
0.167600, 0.808716
0.167700, 0.808868
0.167800, 0.809006
0.167900, 0.809425
0.168000, 0.809372
0.168100, 0.809982
0.168200, 0.810310
0.168300, 0.810349
0.168400, 0.811310
0.168500, 0.811592
0.168600, 0.811073
0.168700, 0.811607
0.168800, 0.812424
0.168900, 0.811966
0.169000, 0.812889
0.169100, 0.812614
0.169200, 0.813736
0.169300, 0.813309
0.169400, 0.814201
0.169500, 0.814148
0.169600, 0.814499
0.169700, 0.814453
0.169800, 0.815567
0.169900, 0.815300
0.170000, 0.815018
0.170100, 0.816170
0.170200, 0.816528
0.170300, 0.816238
0.170400, 0.817268
0.170500, 0.817123
0.170600, 0.817589
0.170700, 0.817841
0.170800, 0.818207
0.170900, 0.818939
0.171000, 0.818359
0.171100, 0.819122
0.171200, 0.819412
0.171300, 0.819344
0.171400, 0.819427
0.171500, 0.820183
0.171600, 0.820656
0.171700, 0.820480
0.171800, 0.821472
0.171900, 0.821037
0.172000, 0.821945
0.172100, 0.821274
0.172200, 0.821930
0.172300, 0.822296
0.172400, 0.822716
0.172500, 0.823341
0.172600, 0.823364
0.172700, 0.824150
0.172800, 0.824249
0.172900, 0.824432
0.173000, 0.824326
0.173100, 0.824654
0.173200, 0.824318
0.173300, 0.825638
0.173400, 0.825996
0.173500, 0.825699
0.173600, 0.826477
0.173700, 0.826256
0.173800, 0.826591
0.173900, 0.827209
0.174000, 0.827469
0.174100, 0.827713
0.174200, 0.828171
0.174300, 0.828125
0.174400, 0.828552
0.174500, 0.829033
0.174600, 0.829468
0.174700, 0.829559
0.174800, 0.829239
0.174900, 0.829834
0.175000, 0.830429
0.175100, 0.830780
0.175200, 0.831177
0.175300, 0.831024
0.175400, 0.831451
0.175500, 0.832092
0.175600, 0.832092
0.175700, 0.832886
0.175800, 0.832611
0.175900, 0.833122
0.176000, 0.833061
0.176100, 0.833298
0.176200, 0.833740
0.176300, 0.833801
0.176400, 0.834396
0.176500, 0.835068
0.176600, 0.834793
0.176700, 0.835037
0.176800, 0.835335
0.176900, 0.835907
0.177000, 0.836052
0.177100, 0.836121
0.177200, 0.836235
0.177300, 0.836411
0.177400, 0.837143
0.177500, 0.837357
0.177600, 0.837982
0.177700, 0.837852
0.177800, 0.838348
0.177900, 0.838516
0.178000, 0.839127
0.178100, 0.838982
0.178200, 0.838791
0.178300, 0.839668
0.178400, 0.839737
0.178500, 0.839905
0.178600, 0.840553
0.178700, 0.840431
0.178800, 0.840630
0.178900, 0.841736
0.179000, 0.841553
0.179100, 0.841980
0.179200, 0.841812
0.179300, 0.842720
0.179400, 0.842201
0.179500, 0.843140
0.179600, 0.843216
0.179700, 0.844048
0.179800, 0.843407
0.179900, 0.843880
0.180000, 0.844376
0.180100, 0.845062
0.180200, 0.844009
0.180300, 0.844925
0.180400, 0.845352
0.180500, 0.845367
0.180600, 0.846130
0.180700, 0.846107
0.180800, 0.846222
0.180900, 0.847595
0.181000, 0.846710
0.181100, 0.846756
0.181200, 0.847412
0.181300, 0.848000
0.181400, 0.847694
0.181500, 0.848473
0.181600, 0.848846
0.181700, 0.848511
0.181800, 0.848839
0.181900, 0.849373
0.182000, 0.849686
0.182100, 0.849785
0.182200, 0.850159
0.182300, 0.850815
0.182400, 0.850441
0.182500, 0.851349
0.182600, 0.850899
0.182700, 0.851517
0.182800, 0.851761
0.182900, 0.851944
0.183000, 0.852379
0.183100, 0.852974
0.183200, 0.852135
0.183300, 0.852997
0.183400, 0.854004
0.183500, 0.853355
0.183600, 0.853195
0.183700, 0.854233
0.183800, 0.854195
0.183900, 0.855026
0.184000, 0.855179
0.184100, 0.855453
0.184200, 0.855118
0.184300, 0.855530
0.184400, 0.855957
0.184500, 0.855957
0.184600, 0.856308
0.184700, 0.856949
0.184800, 0.856659
0.184900, 0.857719
0.185000, 0.856735
0.185100, 0.857574
0.185200, 0.858009
0.185300, 0.858200
0.185400, 0.858429
0.185500, 0.859161
0.185600, 0.858727
0.185700, 0.859314
0.185800, 0.860153
0.185900, 0.859512
0.186000, 0.859665
0.186100, 0.860397
0.186200, 0.861176
0.186300, 0.860725
0.186400, 0.861137
0.186500, 0.861801
0.186600, 0.861374
0.186700, 0.861992
0.186800, 0.861984
0.186900, 0.862564
0.187000, 0.862839
0.187100, 0.862907
0.187200, 0.863213
0.187300, 0.863396
0.187400, 0.863304
0.187500, 0.863716
0.187600, 0.864250
0.187700, 0.864502
0.187800, 0.864746
0.187900, 0.864944
0.188000, 0.865707
0.188100, 0.865417
0.188200, 0.865662
0.188300, 0.866257
0.188400, 0.866241
0.188500, 0.865944
0.188600, 0.866333
0.188700, 0.867004
0.188800, 0.866844
0.188900, 0.867310
0.189000, 0.867706
0.189100, 0.867584
0.189200, 0.868134
0.189300, 0.867920
0.189400, 0.868622
0.189500, 0.868515
0.189600, 0.869041
0.189700, 0.869263
0.189800, 0.869667
0.189900, 0.869759
0.190000, 0.870117
0.190100, 0.869881
0.190200, 0.870697
0.190300, 0.870804
0.190400, 0.870987
0.190500, 0.871445
0.190600, 0.871323
0.190700, 0.871780
0.190800, 0.872009
0.190900, 0.872353
0.191000, 0.872284
0.191100, 0.872818
0.191200, 0.872879
0.191300, 0.872910
0.191400, 0.873154
0.191500, 0.873154
0.191600, 0.874321
0.191700, 0.874039
0.191800, 0.874207
0.191900, 0.874748
0.192000, 0.874756
0.192100, 0.875137
0.192200, 0.875595
0.192300, 0.875328
0.192400, 0.875870
0.192500, 0.876183
0.192600, 0.876602
0.192700, 0.876511
0.192800, 0.877098
0.192900, 0.876846
0.193000, 0.877197
0.193100, 0.877380
0.193200, 0.877762
0.193300, 0.878342
0.193400, 0.878723
0.193500, 0.878357
0.193600, 0.878906
0.193700, 0.879433
0.193800, 0.878746
0.193900, 0.879173
0.194000, 0.879547
0.194100, 0.879868
0.194200, 0.880104
0.194300, 0.880470
0.194400, 0.880356
0.194500, 0.880463
0.194600, 0.881744
0.194700, 0.881310
0.194800, 0.881088
0.194900, 0.882141
0.195000, 0.882065
0.195100, 0.882126
0.195200, 0.883224
0.195300, 0.882431
0.195400, 0.882927
0.195500, 0.883438
0.195600, 0.882690
0.195700, 0.883911
0.195800, 0.883942
0.195900, 0.883804
0.196000, 0.884079
0.196100, 0.884377
0.196200, 0.884857
0.196300, 0.884811
0.196400, 0.885315
0.196500, 0.886108
0.196600, 0.885345
0.196700, 0.886047
0.196800, 0.886040
0.196900, 0.886658
0.197000, 0.886650
0.197100, 0.886406
0.197200, 0.886993
0.197300, 0.887375
0.197400, 0.887329
0.197500, 0.887573
0.197600, 0.888123
0.197700, 0.888000
0.197800, 0.888535
0.197900, 0.889000
0.198000, 0.888794
0.198100, 0.889175
0.198200, 0.888901
0.198300, 0.889160
0.198400, 0.889763
0.198500, 0.890457
0.198600, 0.890129
0.198700, 0.890388
0.198800, 0.890823
0.198900, 0.890976
0.199000, 0.890808
0.199100, 0.891205
0.199200, 0.891083
0.199300, 0.891693
0.199400, 0.891899
0.199500, 0.891708
0.199600, 0.892578
0.199700, 0.892868
0.199800, 0.892647
0.199900, 0.893448
0.200000, 0.893280
0.200100, 0.893707
0.200200, 0.894012
0.200300, 0.893364
0.200400, 0.894455
0.200500, 0.894089
0.200600, 0.894592
0.200700, 0.894165
0.200800, 0.895287
0.200900, 0.895035
0.201000, 0.895699
0.201100, 0.895950
0.201200, 0.895554
0.201300, 0.895844
0.201400, 0.896118
0.201500, 0.897079
0.201600, 0.896873
0.201700, 0.896652
0.201800, 0.897102
0.201900, 0.896896
0.202000, 0.897232
0.202100, 0.897461
0.202200, 0.897812
0.202300, 0.898354
0.202400, 0.898712
0.202500, 0.898781
0.202600, 0.898453
0.202700, 0.899429
0.202800, 0.899033
0.202900, 0.899490
0.203000, 0.899399
0.203100, 0.899826
0.203200, 0.900177
0.203300, 0.901138
0.203400, 0.900604
0.203500, 0.901199
0.203600, 0.901016
0.203700, 0.901047
0.203800, 0.901733
0.203900, 0.901184
0.204000, 0.901421
0.204100, 0.902161
0.204200, 0.902161
0.204300, 0.902252
0.204400, 0.902946
0.204500, 0.902847
0.204600, 0.903320
0.204700, 0.903259
0.204800, 0.903046
0.204900, 0.903419
0.205000, 0.903870
0.205100, 0.904083
0.205200, 0.904419
0.205300, 0.904419
0.205400, 0.904785
0.205500, 0.904640
0.205600, 0.904846
0.205700, 0.905075
0.205800, 0.905701
0.205900, 0.906158
0.206000, 0.906418
0.206100, 0.905869
0.206200, 0.906235
0.206300, 0.906586
0.206400, 0.906616
0.206500, 0.906693
0.206600, 0.906448
0.206700, 0.907364
0.206800, 0.907127
0.206900, 0.907822
0.207000, 0.908081
0.207100, 0.907867
0.207200, 0.908203
0.207300, 0.908112
0.207400, 0.908340
0.207500, 0.909012
0.207600, 0.908722
0.207700, 0.909683
0.207800, 0.909393
0.207900, 0.910004
0.208000, 0.909866
0.208100, 0.910728
0.208200, 0.910103
0.208300, 0.910553
0.208400, 0.910660
0.208500, 0.910858
0.208600, 0.911148
0.208700, 0.911453
0.208800, 0.911697
0.208900, 0.912231
0.209000, 0.912247
0.209100, 0.911880
0.209200, 0.912331
0.209300, 0.912491
0.209400, 0.912567
0.209500, 0.913208
0.209600, 0.913162
0.209700, 0.912979
0.209800, 0.913223
0.209900, 0.913696
0.210000, 0.913818
0.210100, 0.914124
0.210200, 0.914124
0.210300, 0.914917
0.210400, 0.914177
0.210500, 0.914925
0.210600, 0.915298
0.210700, 0.914841
0.210800, 0.915237
0.210900, 0.916000
0.211000, 0.915504
0.211100, 0.916328
0.211200, 0.915634
0.211300, 0.916245
0.211400, 0.916176
0.211500, 0.916832
0.211600, 0.916618
0.211700, 0.917168
0.211800, 0.917191
0.211900, 0.917397
0.212000, 0.917641
0.212100, 0.917450
0.212200, 0.917755
0.212300, 0.918518
0.212400, 0.918610
0.212500, 0.918701
0.212600, 0.918732
0.212700, 0.918839
0.212800, 0.919006
0.212900, 0.919434
0.213000, 0.919327
0.213100, 0.919357
0.213200, 0.919647
0.213300, 0.920197
0.213400, 0.919952
0.213500, 0.920044
0.213600, 0.920441
0.213700, 0.920563
0.213800, 0.920609
0.213900, 0.921585
0.214000, 0.921219
0.214100, 0.921631
0.214200, 0.921806
0.214300, 0.921860
0.214400, 0.921921
0.214500, 0.922279
0.214600, 0.922394
0.214700, 0.922569
0.214800, 0.923096
0.214900, 0.923454
0.215000, 0.922615
0.215100, 0.923203
0.215200, 0.923050
0.215300, 0.923584
0.215400, 0.923874
0.215500, 0.923553
0.215600, 0.924210
0.215700, 0.924934
0.215800, 0.924683
0.215900, 0.924591
0.216000, 0.924713
0.216100, 0.924728
0.216200, 0.925400
0.216300, 0.925484
0.216400, 0.926056
0.216500, 0.925896
0.216600, 0.925720
0.216700, 0.926338
0.216800, 0.926361
0.216900, 0.926361
0.217000, 0.926666
0.217100, 0.926773
0.217200, 0.926804
0.217300, 0.927277
0.217400, 0.927383
0.217500, 0.926666
0.217600, 0.927155
0.217700, 0.927765
0.217800, 0.928482
0.217900, 0.928024
0.218000, 0.928276
0.218100, 0.928841
0.218200, 0.928650
0.218300, 0.929276
0.218400, 0.928467
0.218500, 0.928856
0.218600, 0.929375
0.218700, 0.929672
0.218800, 0.929398
0.218900, 0.929688
0.219000, 0.929825
0.219100, 0.930382
0.219200, 0.930130
0.219300, 0.930466
0.219400, 0.930725
0.219500, 0.930511
0.219600, 0.931137
0.219700, 0.931122
0.219800, 0.931381
0.219900, 0.931877
0.220000, 0.931923
0.220100, 0.932037
0.220200, 0.932144
0.220300, 0.932175
0.220400, 0.932709
0.220500, 0.932785
0.220600, 0.932724
0.220700, 0.932213
0.220800, 0.933029
0.220900, 0.932983
0.221000, 0.933250
0.221100, 0.934021
0.221200, 0.933624
0.221300, 0.933899
0.221400, 0.933868
0.221500, 0.934090
0.221600, 0.934326
0.221700, 0.934669
0.221800, 0.934479
0.221900, 0.934746
0.222000, 0.934746
0.222100, 0.935486
0.222200, 0.935005
0.222300, 0.934937
0.222400, 0.935303
0.222500, 0.935211
0.222600, 0.936035
0.222700, 0.935715
0.222800, 0.936081
0.222900, 0.936737
0.223000, 0.936813
0.223100, 0.936668
0.223200, 0.937004
0.223300, 0.936455
0.223400, 0.937393
0.223500, 0.936882
0.223600, 0.936966
0.223700, 0.937759
0.223800, 0.937782
0.223900, 0.937782
0.224000, 0.938095
0.224100, 0.938187
0.224200, 0.938751
0.224300, 0.938248
0.224400, 0.939362
0.224500, 0.938858
0.224600, 0.939041
0.224700, 0.939209
0.224800, 0.938965
0.224900, 0.939484
0.225000, 0.939911
0.225100, 0.939949
0.225200, 0.939880
0.225300, 0.940758
0.225400, 0.940033
0.225500, 0.940453
0.225600, 0.940872
0.225700, 0.940872
0.225800, 0.940979
0.225900, 0.941116
0.226000, 0.941254
0.226100, 0.941063
0.226200, 0.941353
0.226300, 0.941681
0.226400, 0.941673
0.226500, 0.942154
0.226600, 0.941780
0.226700, 0.942162
0.226800, 0.942520
0.226900, 0.942398
0.227000, 0.943924
0.227100, 0.942810
0.227200, 0.942970
0.227300, 0.943062
0.227400, 0.943047
0.227500, 0.943916
0.227600, 0.943314
0.227700, 0.943611
0.227800, 0.943703
0.227900, 0.943542
0.228000, 0.944244
0.228100, 0.944550
0.228200, 0.944283
0.228300, 0.944679
0.228400, 0.944977
0.228500, 0.945099
0.228600, 0.945084
0.228700, 0.945389
0.228800, 0.945435
0.228900, 0.945572
0.229000, 0.946144
0.229100, 0.946243
0.229200, 0.945732
0.229300, 0.946350
0.229400, 0.946342
0.229500, 0.946274
0.229600, 0.946503
0.229700, 0.946556
0.229800, 0.946854
0.229900, 0.947090
0.230000, 0.947273
0.230100, 0.946915
0.230200, 0.947350
0.230300, 0.947784
0.230400, 0.947632
0.230500, 0.948151
0.230600, 0.948441
0.230700, 0.948143
0.230800, 0.948341
0.230900, 0.948524
0.231000, 0.948303
0.231100, 0.948883
0.231200, 0.949066
0.231300, 0.949196
0.231400, 0.949112
0.231500, 0.949417
0.231600, 0.949219
0.231700, 0.950104
0.231800, 0.949821
0.231900, 0.950073
0.232000, 0.949730
0.232100, 0.950089
0.232200, 0.950211
0.232300, 0.951157
0.232400, 0.950027
0.232500, 0.950554
0.232600, 0.950470
0.232700, 0.950500
0.232800, 0.950806
0.232900, 0.951233
0.233000, 0.951424
0.233100, 0.950928
0.233200, 0.952034
0.233300, 0.951920
0.233400, 0.952400
0.233500, 0.952362
0.233600, 0.951950
0.233700, 0.952225
0.233800, 0.952370
0.233900, 0.952721
0.234000, 0.952415
0.234100, 0.952438
0.234200, 0.952682
0.234300, 0.953178
0.234400, 0.953308
0.234500, 0.953537
0.234600, 0.953751
0.234700, 0.953171
0.234800, 0.953888
0.234900, 0.953568
0.235000, 0.953964
0.235100, 0.953262
0.235200, 0.953598
0.235300, 0.954330
0.235400, 0.954727
0.235500, 0.954773
0.235600, 0.954666
0.235700, 0.954666
0.235800, 0.955444
0.235900, 0.954666
0.236000, 0.955292
0.236100, 0.955292
0.236200, 0.955551
0.236300, 0.955505
0.236400, 0.955666
0.236500, 0.955833
0.236600, 0.955589
0.236700, 0.955902
0.236800, 0.955620
0.236900, 0.956375
0.237000, 0.956352
0.237100, 0.955887
0.237200, 0.956757
0.237300, 0.957481
0.237400, 0.957466
0.237500, 0.956665
0.237600, 0.956894
0.237700, 0.957176
0.237800, 0.957626
0.237900, 0.957703
0.238000, 0.958038
0.238100, 0.957413
0.238200, 0.958206
0.238300, 0.958588
0.238400, 0.958527
0.238500, 0.958389
0.238600, 0.958084
0.238700, 0.958588
0.238800, 0.958733
0.238900, 0.958519
0.239000, 0.959183
0.239100, 0.958832
0.239200, 0.959587
0.239300, 0.960045
0.239400, 0.959366
0.239500, 0.959221
0.239600, 0.960327
0.239700, 0.959961
0.239800, 0.960144
0.239900, 0.959770
0.240000, 0.960007
0.240100, 0.961029
0.240200, 0.961136
0.240300, 0.960587
0.240400, 0.961472
0.240500, 0.960358
0.240600, 0.960876
0.240700, 0.961060
0.240800, 0.960655
0.240900, 0.961182
0.241000, 0.961227
0.241100, 0.961479
0.241200, 0.961884
0.241300, 0.961685
0.241400, 0.962143
0.241500, 0.961502
0.241600, 0.962402
0.241700, 0.962196
0.241800, 0.962189
0.241900, 0.962189
0.242000, 0.962662
0.242100, 0.962624
0.242200, 0.962860
0.242300, 0.962753
0.242400, 0.962524
0.242500, 0.963013
0.242600, 0.963249
0.242700, 0.963562
0.242800, 0.963654
0.242900, 0.963570
0.243000, 0.963684
0.243100, 0.963806
0.243200, 0.963593
0.243300, 0.964096
0.243400, 0.964264
0.243500, 0.964462
0.243600, 0.964333
0.243700, 0.964760
0.243800, 0.964897
0.243900, 0.964325
0.244000, 0.965042
0.244100, 0.964836
0.244200, 0.965134
0.244300, 0.965042
0.244400, 0.965317
0.244500, 0.965408
0.244600, 0.965378
0.244700, 0.965698
0.244800, 0.965454
0.244900, 0.966019
0.245000, 0.965553
0.245100, 0.965698
0.245200, 0.966087
0.245300, 0.966042
0.245400, 0.966057
0.245500, 0.966888
0.245600, 0.966881
0.245700, 0.966934
0.245800, 0.966782
0.245900, 0.966904
0.246000, 0.966454
0.246100, 0.967407
0.246200, 0.967010
0.246300, 0.967155
0.246400, 0.967308
0.246500, 0.967270
0.246600, 0.967911
0.246700, 0.967598
0.246800, 0.967712
0.246900, 0.967468
0.247000, 0.967506
0.247100, 0.968452
0.247200, 0.968452
0.247300, 0.968132
0.247400, 0.968582
0.247500, 0.968262
0.247600, 0.969162
0.247700, 0.968399
0.247800, 0.968811
0.247900, 0.969185
0.248000, 0.969086
0.248100, 0.969078
0.248200, 0.969154
0.248300, 0.969284
0.248400, 0.969307
0.248500, 0.969162
0.248600, 0.969505
0.248700, 0.969009
0.248800, 0.970329
0.248900, 0.969849
0.249000, 0.970146
0.249100, 0.969910
0.249200, 0.970169
0.249300, 0.969955
0.249400, 0.970001
0.249500, 0.970604
0.249600, 0.970657
0.249700, 0.970062
0.249800, 0.970688
0.249900, 0.970947
0.250000, 0.970970
0.250100, 0.971527
0.250200, 0.970802
0.250300, 0.970932
0.250400, 0.971039
0.250500, 0.971558
0.250600, 0.971390
0.250700, 0.971794
0.250800, 0.971237
0.250900, 0.971748
0.251000, 0.971352
0.251100, 0.972595
0.251200, 0.972321
0.251300, 0.972549
0.251400, 0.972221
0.251500, 0.972031
0.251600, 0.972588
0.251700, 0.972305
0.251800, 0.972374
0.251900, 0.972763
0.252000, 0.973190
0.252100, 0.973000
0.252200, 0.973450
0.252300, 0.973312
0.252400, 0.973305
0.252500, 0.973305
0.252600, 0.973007
0.252700, 0.973595
0.252800, 0.973557
0.252900, 0.973892
0.253000, 0.974060
0.253100, 0.973625
0.253200, 0.973846
0.253300, 0.973495
0.253400, 0.973732
0.253500, 0.973999
0.253600, 0.973846
0.253700, 0.974327
0.253800, 0.974167
0.253900, 0.974319
0.254000, 0.974564
0.254100, 0.974602
0.254200, 0.975044
0.254300, 0.975464
0.254400, 0.975159
0.254500, 0.975250
0.254600, 0.975204
0.254700, 0.975616
0.254800, 0.975525
0.254900, 0.975586
0.255000, 0.975586
0.255100, 0.975723
0.255200, 0.975868
0.255300, 0.976059
0.255400, 0.975945
0.255500, 0.976028
0.255600, 0.975845
0.255700, 0.975967
0.255800, 0.975967
0.255900, 0.975677
0.256000, 0.976700
0.256100, 0.976410
0.256200, 0.976395
0.256300, 0.976685
0.256400, 0.975998
0.256500, 0.976974
0.256600, 0.977066
0.256700, 0.976776
0.256800, 0.976952
0.256900, 0.977516
0.257000, 0.977051
0.257100, 0.977448
0.257200, 0.977127
0.257300, 0.977402
0.257400, 0.977020
0.257500, 0.977402
0.257600, 0.977173
0.257700, 0.977516
0.257800, 0.977333
0.257900, 0.977638
0.258000, 0.977654
0.258100, 0.978226
0.258200, 0.977966
0.258300, 0.978271
0.258400, 0.978607
0.258500, 0.978561
0.258600, 0.978302
0.258700, 0.978455
0.258800, 0.978447
0.258900, 0.978607
0.259000, 0.978409
0.259100, 0.978180
0.259200, 0.979477
0.259300, 0.978882
0.259400, 0.978607
0.259500, 0.979233
0.259600, 0.979195
0.259700, 0.979141
0.259800, 0.979881
0.259900, 0.979462
0.260000, 0.979317
0.260100, 0.979691
0.260200, 0.979164
0.260300, 0.979553
0.260400, 0.980255
0.260500, 0.980606
0.260600, 0.980225
0.260700, 0.980057
0.260800, 0.980484
0.260900, 0.980141
0.261000, 0.980270
0.261100, 0.980301
0.261200, 0.980354
0.261300, 0.980789
0.261400, 0.980598
0.261500, 0.980789
0.261600, 0.980751
0.261700, 0.980324
0.261800, 0.980820
0.261900, 0.980919
0.262000, 0.981384
0.262100, 0.981110
0.262200, 0.980850
0.262300, 0.981590
0.262400, 0.981819
0.262500, 0.981827
0.262600, 0.981415
0.262700, 0.981430
0.262800, 0.981628
0.262900, 0.980972
0.263000, 0.981659
0.263100, 0.982391
0.263200, 0.982216
0.263300, 0.981697
0.263400, 0.981552
0.263500, 0.982002
0.263600, 0.982147
0.263700, 0.981979
0.263800, 0.982666
0.263900, 0.982208
0.264000, 0.982864
0.264100, 0.981964
0.264200, 0.983078
0.264300, 0.982681
0.264400, 0.982513
0.264500, 0.983162
0.264600, 0.982620
0.264700, 0.982849
0.264800, 0.982758
0.264900, 0.983475
0.265000, 0.983185
0.265100, 0.983093
0.265200, 0.982819
0.265300, 0.983559
0.265400, 0.983200
0.265500, 0.983513
0.265600, 0.983078
0.265700, 0.983383
0.265800, 0.983139
0.265900, 0.983673
0.266000, 0.983856
0.266100, 0.984344
0.266200, 0.983978
0.266300, 0.983948
0.266400, 0.983910
0.266500, 0.983856
0.266600, 0.983414
0.266700, 0.984138
0.266800, 0.984337
0.266900, 0.984573
0.267000, 0.984329
0.267100, 0.984177
0.267200, 0.984512
0.267300, 0.984985
0.267400, 0.984497
0.267500, 0.984512
0.267600, 0.984520
0.267700, 0.985153
0.267800, 0.985275
0.267900, 0.985428
0.268000, 0.985275
0.268100, 0.985046
0.268200, 0.985001
0.268300, 0.984924
0.268400, 0.985237
0.268500, 0.984787
0.268600, 0.985199
0.268700, 0.985672
0.268800, 0.985306
0.268900, 0.985626
0.269000, 0.985909
0.269100, 0.985916
0.269200, 0.985764
0.269300, 0.986076
0.269400, 0.986023
0.269500, 0.985580
0.269600, 0.985512
0.269700, 0.986168
0.269800, 0.986343
0.269900, 0.985741
0.270000, 0.986389
0.270100, 0.986954
0.270200, 0.986702
0.270300, 0.987061
0.270400, 0.986328
0.270500, 0.986938
0.270600, 0.986816
0.270700, 0.986824
0.270800, 0.987068
0.270900, 0.986839
0.271000, 0.986481
0.271100, 0.986755
0.271200, 0.987038
0.271300, 0.987251
0.271400, 0.987000
0.271500, 0.987389
0.271600, 0.986954
0.271700, 0.986649
0.271800, 0.987442
0.271900, 0.987251
0.272000, 0.986641
0.272100, 0.987015
0.272200, 0.987259
0.272300, 0.987564
0.272400, 0.987213
0.272500, 0.987328
0.272600, 0.987625
0.272700, 0.988007
0.272800, 0.987602
0.272900, 0.987839
0.273000, 0.988197
0.273100, 0.988373
0.273200, 0.988815
0.273300, 0.987801
0.273400, 0.987480
0.273500, 0.988419
0.273600, 0.988678
0.273700, 0.988060
0.273800, 0.987900
0.273900, 0.988174
0.274000, 0.988464
0.274100, 0.987907
0.274200, 0.988663
0.274300, 0.989296
0.274400, 0.988373
0.274500, 0.988365
0.274600, 0.988319
0.274700, 0.988945
0.274800, 0.988983
0.274900, 0.988678
0.275000, 0.989075
0.275100, 0.989182
0.275200, 0.989105
0.275300, 0.988930
0.275400, 0.989075
0.275500, 0.989067
0.275600, 0.988968
0.275700, 0.989578
0.275800, 0.989510
0.275900, 0.988876
0.276000, 0.989792
0.276100, 0.989441
0.276200, 0.989624
0.276300, 0.989876
0.276400, 0.989258
0.276500, 0.989639
0.276600, 0.989365
0.276700, 0.989998
0.276800, 0.989220
0.276900, 0.989563
0.277000, 0.990189
0.277100, 0.989777
0.277200, 0.989807
0.277300, 0.989845
0.277400, 0.989761
0.277500, 0.989883
0.277600, 0.990250
0.277700, 0.990036
0.277800, 0.990234
0.277900, 0.990585
0.278000, 0.990646
0.278100, 0.990242
0.278200, 0.990280
0.278300, 0.989990
0.278400, 0.990341
0.278500, 0.990295
0.278600, 0.990547
0.278700, 0.990540
0.278800, 0.990402
0.278900, 0.990250
0.279000, 0.990677
0.279100, 0.990997
0.279200, 0.990799
0.279300, 0.990631
0.279400, 0.991150
0.279500, 0.991272
0.279600, 0.991539
0.279700, 0.991165
0.279800, 0.991302
0.279900, 0.991142
0.280000, 0.991562
0.280100, 0.990982
0.280200, 0.991028
0.280300, 0.991241
0.280400, 0.991135
0.280500, 0.991348
0.280600, 0.991165
0.280700, 0.991669
0.280800, 0.991898
0.280900, 0.991211
0.281000, 0.991547
0.281100, 0.991676
0.281200, 0.992065
0.281300, 0.991699
0.281400, 0.992249
0.281500, 0.991737
0.281600, 0.992065
0.281700, 0.991516
0.281800, 0.992188
0.281900, 0.991547
0.282000, 0.991631
0.282100, 0.992195
0.282200, 0.992096
0.282300, 0.991982
0.282400, 0.992401
0.282500, 0.992172
0.282600, 0.992355
0.282700, 0.992432
0.282800, 0.992218
0.282900, 0.991997
0.283000, 0.992332
0.283100, 0.992340
0.283200, 0.992416
0.283300, 0.992554
0.283400, 0.992363
0.283500, 0.992279
0.283600, 0.992615
0.283700, 0.991989
0.283800, 0.992447
0.283900, 0.992508
0.284000, 0.992538
0.284100, 0.993057
0.284200, 0.993225
0.284300, 0.993042
0.284400, 0.992714
0.284500, 0.992645
0.284600, 0.993042
0.284700, 0.993088
0.284800, 0.993187
0.284900, 0.993042
0.285000, 0.993179
0.285100, 0.993027
0.285200, 0.992935
0.285300, 0.993454
0.285400, 0.992599
0.285500, 0.993614
0.285600, 0.992905
0.285700, 0.993439
0.285800, 0.993332
0.285900, 0.993317
0.286000, 0.993088
0.286100, 0.993744
0.286200, 0.993637
0.286300, 0.993546
0.286400, 0.993607
0.286500, 0.993881
0.286600, 0.993790
0.286700, 0.993263
0.286800, 0.993958
0.286900, 0.993790
0.287000, 0.993713
0.287100, 0.993332
0.287200, 0.994057
0.287300, 0.993843
0.287400, 0.993652
0.287500, 0.993263
0.287600, 0.993454
0.287700, 0.994209
0.287800, 0.994324
0.287900, 0.994110
0.288000, 0.993683
0.288100, 0.994003
0.288200, 0.993950
0.288300, 0.994652
0.288400, 0.994019
0.288500, 0.993851
0.288600, 0.994186
0.288700, 0.994102
0.288800, 0.994408
0.288900, 0.994278
0.289000, 0.994385
0.289100, 0.994232
0.289200, 0.994370
0.289300, 0.993713
0.289400, 0.994400
0.289500, 0.994843
0.289600, 0.994186
0.289700, 0.994362
0.289800, 0.995239
0.289900, 0.994232
0.290000, 0.994408
0.290100, 0.994820
0.290200, 0.994354
0.290300, 0.994247
0.290400, 0.995041
0.290500, 0.994431
0.290600, 0.994675
0.290700, 0.994545
0.290800, 0.994652
0.290900, 0.995491
0.291000, 0.995331
0.291100, 0.994484
0.291200, 0.995209
0.291300, 0.994858
0.291400, 0.994820
0.291500, 0.994827
0.291600, 0.995026
0.291700, 0.995239
0.291800, 0.995804
0.291900, 0.995934
0.292000, 0.995071
0.292100, 0.994629
0.292200, 0.995155
0.292300, 0.995346
0.292400, 0.995651
0.292500, 0.995026
0.292600, 0.995399
0.292700, 0.995132
0.292800, 0.995064
0.292900, 0.995300
0.293000, 0.995522
0.293100, 0.995651
0.293200, 0.995277
0.293300, 0.995209
0.293400, 0.996094
0.293500, 0.995438
0.293600, 0.995598
0.293700, 0.995453
0.293800, 0.995026
0.293900, 0.995377
0.294000, 0.995987
0.294100, 0.995453
0.294200, 0.995529
0.294300, 0.995796
0.294400, 0.994987
0.294500, 0.995468
0.294600, 0.995918
0.294700, 0.995880
0.294800, 0.995941
0.294900, 0.995659
0.295000, 0.995972
0.295100, 0.995636
0.295200, 0.996017
0.295300, 0.996498
0.295400, 0.995956
0.295500, 0.995789
0.295600, 0.995819
0.295700, 0.996567
0.295800, 0.996216
0.295900, 0.995850
0.296000, 0.995743
0.296100, 0.995644
0.296200, 0.996323
0.296300, 0.995613
0.296400, 0.996643
0.296500, 0.996193
0.296600, 0.996292
0.296700, 0.996155
0.296800, 0.996735
0.296900, 0.996803
0.297000, 0.996254
0.297100, 0.996323
0.297200, 0.995987
0.297300, 0.996605
0.297400, 0.996597
0.297500, 0.996689
0.297600, 0.997063
0.297700, 0.996826
0.297800, 0.996597
0.297900, 0.996628
0.298000, 0.996628
0.298100, 0.996384
0.298200, 0.996178
0.298300, 0.997047
0.298400, 0.996552
0.298500, 0.996704
0.298600, 0.996674
0.298700, 0.996964
0.298800, 0.997116
0.298900, 0.996552
0.299000, 0.996338
0.299100, 0.996597
0.299200, 0.996964
0.299300, 0.996780
0.299400, 0.996933
0.299500, 0.996552
0.299600, 0.997147
0.299700, 0.996834
0.299800, 0.996918
0.299900, 0.997253
0.300000, 0.996628
0.300100, 0.996628
0.300200, 0.996254
0.300300, 0.997063
0.300400, 0.996910
0.300500, 0.996750
0.300600, 0.996933
0.300700, 0.996979
0.300800, 0.997177
0.300900, 0.996933
0.301000, 0.997047
0.301100, 0.996643
0.301200, 0.996895
0.301300, 0.997147
0.301400, 0.997040
0.301500, 0.997040
0.301600, 0.996490
0.301700, 0.997154
0.301800, 0.997627
0.301900, 0.997055
0.302000, 0.997658
0.302100, 0.997711
0.302200, 0.996849
0.302300, 0.997086
0.302400, 0.997475
0.302500, 0.996849
0.302600, 0.997208
0.302700, 0.997284
0.302800, 0.997498
0.302900, 0.997383
0.303000, 0.996674
0.303100, 0.996918
0.303200, 0.997581
0.303300, 0.996910
0.303400, 0.997498
0.303500, 0.997337
0.303600, 0.997055
0.303700, 0.997658
0.303800, 0.997536
0.303900, 0.996803
0.304000, 0.997314
0.304100, 0.997696
0.304200, 0.997543
0.304300, 0.997566
0.304400, 0.997398
0.304500, 0.998032
0.304600, 0.997528
0.304700, 0.997635
0.304800, 0.997314
0.304900, 0.997849
0.305000, 0.997490
0.305100, 0.997269
0.305200, 0.997681
0.305300, 0.997826
0.305400, 0.997528
0.305500, 0.997559
0.305600, 0.997978
0.305700, 0.997734
0.305800, 0.997192
0.305900, 0.997116
0.306000, 0.998154
0.306100, 0.998795
0.306200, 0.997696
0.306300, 0.997864
0.306400, 0.997604
0.306500, 0.997772
0.306600, 0.997772
0.306700, 0.998093
0.306800, 0.997536
0.306900, 0.997696
0.307000, 0.998077
0.307100, 0.997810
0.307200, 0.997986
0.307300, 0.997604
0.307400, 0.997612
0.307500, 0.998138
0.307600, 0.997543
0.307700, 0.997726
0.307800, 0.997398
0.307900, 0.997520
0.308000, 0.997833
0.308100, 0.997833
0.308200, 0.997719
0.308300, 0.997925
0.308400, 0.997726
0.308500, 0.998360
0.308600, 0.998184
0.308700, 0.997986
0.308800, 0.997772
0.308900, 0.997566
0.309000, 0.998161
0.309100, 0.998047
0.309200, 0.998199
0.309300, 0.998032
0.309400, 0.997726
0.309500, 0.998047
0.309600, 0.997955
0.309700, 0.998611
0.309800, 0.997780
0.309900, 0.998276
0.310000, 0.997742
0.310100, 0.998199
0.310200, 0.998291
0.310300, 0.998047
0.310400, 0.998383
0.310500, 0.998100
0.310600, 0.998077
0.310700, 0.998642
0.310800, 0.998306
0.310900, 0.998291
0.311000, 0.998375
0.311100, 0.998207
0.311200, 0.998573
0.311300, 0.998337
0.311400, 0.998062
0.311500, 0.998489
0.311600, 0.998024
0.311700, 0.998085
0.311800, 0.998367
0.311900, 0.998604
0.312000, 0.997864
0.312100, 0.998093
0.312200, 0.998627
0.312300, 0.998169
0.312400, 0.998177
0.312500, 0.997925
0.312600, 0.998535
0.312700, 0.998337
0.312800, 0.998764
0.312900, 0.998764
0.313000, 0.998306
0.313100, 0.998436
0.313200, 0.998398
0.313300, 0.998169
0.313400, 0.998367
0.313500, 0.998550
0.313600, 0.998367
0.313700, 0.998909
0.313800, 0.998199
0.313900, 0.998314
0.314000, 0.998337
0.314100, 0.998062
0.314200, 0.998184
0.314300, 0.998184
0.314400, 0.998772
0.314500, 0.998474
0.314600, 0.999100
0.314700, 0.998497
0.314800, 0.998291
0.314900, 0.998901
0.315000, 0.998474
0.315100, 0.998810
0.315200, 0.998070
0.315300, 0.998550
0.315400, 0.998428
0.315500, 0.998390
0.315600, 0.998566
0.315700, 0.998642
0.315800, 0.998024
0.315900, 0.999069
0.316000, 0.998428
0.316100, 0.998474
0.316200, 0.998924
0.316300, 0.998604
0.316400, 0.998627
0.316500, 0.998703
0.316600, 0.998245
0.316700, 0.998604
0.316800, 0.998451
0.316900, 0.998245
0.317000, 0.998444
0.317100, 0.998596
0.317200, 0.998611
0.317300, 0.999084
0.317400, 0.998306
0.317500, 0.999481
0.317600, 0.996750
